brand_name,generic_name,composition,strength,dosage_form,therapeutic_class,indication,branded_price,generic_price,pack_size,manufacturer_brand,jan_aushadhi_code
Aceclofenac  and Paracetamol,Aceclofenac 100mg and Paracetamol 325mg Tablets,Aceclofenac  and Paracetamol,100mg,Tablet,Analgesic/Antipyretic/Anti-Inflammatory,"Pain, fever, inflammation",32.83,9.38,10's,Jan Aushadhi / PMBJP,JA0001
Aceclofenac,Aceclofenac Tablets IP 100 mg,Aceclofenac,100 mg,Tablet,Analgesic/Antipyretic/Anti-Inflammatory,"Pain, fever, inflammation",26.25,7.5,10's,Jan Aushadhi / PMBJP,JA0002
Pregabalin,Pregabalin Capsules IP 75 mg,Pregabalin,75 mg,Capsule,Central Nervous System (CNS),Neurological conditions,72.2,20.63,10's,Jan Aushadhi / PMBJP,JA0003
Aspirin Gastro-resistant,Aspirin Gastro-resistant Tablets IP 150 mg,Aspirin Gastro-resistant,150 mg,Tablet,Analgesic/Antipyretic/Anti-Inflammatory,"Pain, fever, inflammation",16.42,4.69,14's,Jan Aushadhi / PMBJP,JA0004
"Chlorzoxazone , Diclofenac  and Paracetamol","Chlorzoxazone 500mg, Diclofenac 50mg and Paracetamol 325mg Tablets","Chlorzoxazone , Diclofenac  and Paracetamol",500mg,Tablet,Analgesic/Antipyretic/Anti-Inflammatory,"Pain, fever, inflammation",82.04,23.44,10's,Jan Aushadhi / PMBJP,JA0005
Diclofenac,Diclofenac Gel IP 1.16%w/w (Diclofenac Diethylamine),Diclofenac,1.16%,Gel,Dermatology/Topical/External,Dermatology,39.38,11.25,15 g,Jan Aushadhi / PMBJP,JA0006
Serratiopeptidase  and Diclofenac Sodium,Serratiopeptidase 10mg and Diclofenac Sodium 50mg Tablets,Serratiopeptidase  and Diclofenac Sodium,10mg,Tablet,Analgesic/Antipyretic/Anti-Inflammatory,"Pain, fever, inflammation",50.54,14.44,10's,Jan Aushadhi / PMBJP,JA0007
Diclofenac Sodium Prolonged Release,Diclofenac Sodium Prolonged Release Tablets IP 100 mg,Diclofenac Sodium Prolonged Release,100 mg,Tablet,Analgesic/Antipyretic/Anti-Inflammatory,"Pain, fever, inflammation",39.73,11.35,10's,Jan Aushadhi / PMBJP,JA0008
Diclofenac Sodium,Diclofenac Sodium Injection IP 25mg per ml,Diclofenac Sodium,25mg,Injection,Analgesic/Antipyretic/Anti-Inflammatory,"Pain, fever, inflammation",13.12,3.75,3 ml,Jan Aushadhi / PMBJP,JA0009
Diclofenac Gastro-Resistant,Diclofenac Gastro-Resistant Tablets IP 50 mg,Diclofenac Gastro-Resistant,50 mg,Tablet,Analgesic/Antipyretic/Anti-Inflammatory,"Pain, fever, inflammation",18.06,5.16,10's,Jan Aushadhi / PMBJP,JA0010
Etoricoxib,Etoricoxib Tablets IP 120 mg,Etoricoxib,120 mg,Tablet,Analgesic/Antipyretic/Anti-Inflammatory,"Pain, fever, inflammation",124.71,35.63,10's,Jan Aushadhi / PMBJP,JA0011
Etoricoxib,Etoricoxib Tablets IP 90 mg,Etoricoxib,90 mg,Tablet,Analgesic/Antipyretic/Anti-Inflammatory,"Pain, fever, inflammation",101.75,29.07,10's,Jan Aushadhi / PMBJP,JA0012
Ibuprofen  and Paracetamol,Ibuprofen 400mg and Paracetamol 325mg Tablets IP,Ibuprofen  and Paracetamol,400mg,Tablet,Analgesic/Antipyretic/Anti-Inflammatory,"Pain, fever, inflammation",26.25,7.5,10's,Jan Aushadhi / PMBJP,JA0013
Ibuprofen,Ibuprofen Tablets IP 200 mg,Ibuprofen,200 mg,Tablet,Analgesic/Antipyretic/Anti-Inflammatory,"Pain, fever, inflammation",9.87,2.82,10's,Jan Aushadhi / PMBJP,JA0014
Ibuprofen,Ibuprofen Tablets IP 400 mg,Ibuprofen,400 mg,Tablet,Analgesic/Antipyretic/Anti-Inflammatory,"Pain, fever, inflammation",28.88,8.25,15's,Jan Aushadhi / PMBJP,JA0015
Indomethacin,Indomethacin Capsules IP 25 mg,Indomethacin,25 mg,Capsule,Analgesic/Antipyretic/Anti-Inflammatory,"Pain, fever, inflammation",42.66,12.19,10's,Jan Aushadhi / PMBJP,JA0016
Azithromycin,Azithromycin Tablets IP 250 mg,Azithromycin,250 mg,Tablet,Antibiotics,Bacterial infections,147.66,42.19,6's,Jan Aushadhi / PMBJP,JA0017
Nimesulide  and Paracetamol,Nimesulide 100mg and Paracetamol 325mg Tablets,Nimesulide  and Paracetamol,100mg,Tablet,Analgesic/Antipyretic/Anti-Inflammatory,"Pain, fever, inflammation",36.12,10.32,10's,Jan Aushadhi / PMBJP,JA0018
Nimesulide,Nimesulide Tablets 100 mg,Nimesulide,100 mg,Tablet,Analgesic/Antipyretic/Anti-Inflammatory,"Pain, fever, inflammation",21.67,6.19,10's,Jan Aushadhi / PMBJP,JA0019
Diclofenac Sodium  and Paracetamol,Diclofenac Sodium 50mg and Paracetamol 325mg Tablets IP,Diclofenac Sodium  and Paracetamol,50mg,Tablet,Analgesic/Antipyretic/Anti-Inflammatory,"Pain, fever, inflammation",32.52,9.29,10's,Jan Aushadhi / PMBJP,JA0020
Paracetamol Paediatric Oral,Paracetamol Paediatric Oral Suspension IP 125 mg per 5 ml,Paracetamol Paediatric Oral,125 mg,Suspension,Analgesic/Antipyretic/Anti-Inflammatory,"Pain, fever, inflammation",36.12,10.32,60 ml,Jan Aushadhi / PMBJP,JA0021
Paracetamol,Paracetamol Tablets IP 500 mg,Paracetamol,500 mg,Tablet,Analgesic/Antipyretic/Anti-Inflammatory,"Pain, fever, inflammation",23.0,6.57,10's,Jan Aushadhi / PMBJP,JA0022
Pentazocine,Pentazocine Injection IP 30 mg per ml,Pentazocine,30 mg,Injection,Analgesic/Antipyretic/Anti-Inflammatory,"Pain, fever, inflammation",49.25,14.07,1 ml,Jan Aushadhi / PMBJP,JA0023
Serratiopeptidase,Serratiopeptidase Tablets IP 10 mg,Serratiopeptidase,10 mg,Tablet,Analgesic/Antipyretic/Anti-Inflammatory,"Pain, fever, inflammation",39.73,11.35,10's,Jan Aushadhi / PMBJP,JA0024
Tramadol Hydrochloride,Tramadol Hydrochloride Injection 100 mg per 2 ml,Tramadol Hydrochloride,100 mg,Injection,Analgesic/Antipyretic/Anti-Inflammatory,"Pain, fever, inflammation",26.25,7.5,2 ml,Jan Aushadhi / PMBJP,JA0025
Tramadol HCl,Tramadol HCl Injection 50mg 1 ml,Tramadol HCl,50mg,Injection,Analgesic/Antipyretic/Anti-Inflammatory,"Pain, fever, inflammation",16.42,4.69,1 ml,Jan Aushadhi / PMBJP,JA0026
Tramadol,Tramadol Tablets 50mg,Tramadol,50mg,Tablet,Analgesic/Antipyretic/Anti-Inflammatory,"Pain, fever, inflammation",26.25,7.5,10's,Jan Aushadhi / PMBJP,JA0027
Aciclovir,Aciclovir Tablets IP 400 mg,Aciclovir,400 mg,Tablet,Anti-Viral,Anti-Viral,144.38,41.25,10's,Jan Aushadhi / PMBJP,JA0028
Amikacin,Amikacin Injection IP 100 mg per 2 ml,Amikacin,100 mg,Injection,Antibiotics,Bacterial infections,42.0,12.0,2 ml Vial,Jan Aushadhi / PMBJP,JA0029
Amikacin,Amikacin Injection IP 250 mg per 2 ml,Amikacin,250 mg,Injection,Antibiotics,Bacterial infections,70.0,20.0,2 ml Vial,Jan Aushadhi / PMBJP,JA0030
Amikacin,Amikacin Injection IP 500 mg per 2 ml,Amikacin,500 mg,Injection,Antibiotics,Bacterial infections,95.17,27.19,2 ml Vial,Jan Aushadhi / PMBJP,JA0031
Metformin Hydrochloride Prolonged-release  and Gli,Metformin Hydrochloride Prolonged-release 500mg and Glimepiride 2mg Tablets IP,Metformin Hydrochloride Prolonged-release  and Glimepiride,500mg,Tablet,Anti-Diabetic,Anti-Diabetic,86.62,24.75,15's,Jan Aushadhi / PMBJP,JA0032
Amoxycillin  and Potassium Clavulanate,Amoxycillin 1g and Potassium Clavulanate 200mg Injection IP,Amoxycillin  and Potassium Clavulanate,1g,Injection,Antibiotics,Bacterial infections,190.33,54.38,Vial & Wfi,Jan Aushadhi / PMBJP,JA0033
Amoxycillin  and Potassium Clavulanate  Oral,Amoxycillin 200mg and Potassium Clavulanate 28.5mg Oral Suspension IP per 5ml,Amoxycillin  and Potassium Clavulanate  Oral,200mg,Suspension,Antibiotics,Bacterial infections,88.62,25.32,30 ml,Jan Aushadhi / PMBJP,JA0034
Amoxycillin  and Potassium Clavulanate,Amoxycillin 250mg and Potassium Clavulanate 50mg Injection IP,Amoxycillin  and Potassium Clavulanate,250mg,Injection,Antibiotics,Bacterial infections,91.88,26.25,Vial & Wfi,Jan Aushadhi / PMBJP,JA0035
Amoxycillin  and Potassium Clavulanate,Amoxycillin 500mg and Potassium Clavulanate 100mg Injection IP,Amoxycillin  and Potassium Clavulanate,500mg,Injection,Antibiotics,Bacterial infections,131.25,37.5,Vial & Wfi,Jan Aushadhi / PMBJP,JA0036
Amoxycillin  and Cloxacillin,Amoxycillin 250mg and Cloxacillin 250mg Capsules,Amoxycillin  and Cloxacillin,250mg,Capsule,Antibiotics,Bacterial infections,104.69,29.91,10's,Jan Aushadhi / PMBJP,JA0038
Amoxycillin Trihydrate Dispersible,Amoxycillin Trihydrate Dispersible Tablets IP 125 mg,Amoxycillin Trihydrate Dispersible,125 mg,Tablet,Antibiotics,Bacterial infections,39.38,11.25,10's,Jan Aushadhi / PMBJP,JA0039
Amoxycillin Oral,Amoxycillin Oral Suspension IP 125mg per 5ml,Amoxycillin Oral,125mg,Suspension,Antibiotics,Bacterial infections,62.37,17.82,60 ml,Jan Aushadhi / PMBJP,JA0040
Amoxycillin,Amoxycillin Capsules IP 250mg,Amoxycillin,250mg,Capsule,Antibiotics,Bacterial infections,43.33,12.38,10's,Jan Aushadhi / PMBJP,JA0041
Amoxycillin,Amoxycillin Capsules IP 500mg,Amoxycillin,500mg,Capsule,Antibiotics,Bacterial infections,114.87,32.82,10's,Jan Aushadhi / PMBJP,JA0042
Ampicillin,Ampicillin Injection IP 500 mg,Ampicillin,500 mg,Injection,Antibiotics,Bacterial infections,25.27,7.22,Vial,Jan Aushadhi / PMBJP,JA0043
Azithromycin Oral,Azithromycin Oral Suspension IP 100mg per 5ml,Azithromycin Oral,100mg,Suspension,Antibiotics,Bacterial infections,49.25,14.07,15 ml,Jan Aushadhi / PMBJP,JA0044
Azithromycin Dispersible,Azithromycin Dispersible Tablets 100mg,Azithromycin Dispersible,100mg,Tablet,Antibiotics,Bacterial infections,88.62,25.32,10's,Jan Aushadhi / PMBJP,JA0045
Cefadroxil Dispersible,Cefadroxil Dispersible Tablets 250mg,Cefadroxil Dispersible,250mg,Tablet,Antibiotics,Bacterial infections,61.39,17.54,10's,Jan Aushadhi / PMBJP,JA0046
Cefadroxil,Cefadroxil Tablets IP 500 mg,Cefadroxil,500 mg,Tablet,Antibiotics,Bacterial infections,79.42,22.69,10's,Jan Aushadhi / PMBJP,JA0047
Cefixime Oral,Cefixime Oral Suspension IP 50mg per 5ml,Cefixime Oral,50mg,Suspension,Antibiotics,Bacterial infections,65.62,18.75,30 ml,Jan Aushadhi / PMBJP,JA0048
Cefixime,Cefixime Tablets IP 100 mg,Cefixime,100 mg,Tablet,Antibiotics,Bacterial infections,91.88,26.25,10's,Jan Aushadhi / PMBJP,JA0049
Cefixime,Cefixime Tablets IP 200 mg,Cefixime,200 mg,Tablet,Antibiotics,Bacterial infections,173.91,49.69,10's,Jan Aushadhi / PMBJP,JA0050
Cefoperazone  and Sulbactam,Cefoperazone 1g and Sulbactam 1g Injection,Cefoperazone  and Sulbactam,1g,Injection,Antibiotics,Bacterial infections,288.75,82.5,Vial & Wfi,Jan Aushadhi / PMBJP,JA0051
Cefoperazone  and Sulbactam,Cefoperazone 500mg and Sulbactam 500mg Injection,Cefoperazone  and Sulbactam,500mg,Injection,Antibiotics,Bacterial infections,164.08,46.88,Vial & Wfi,Jan Aushadhi / PMBJP,JA0052
Cefoperazone,Cefoperazone Injection IP 1 g,Cefoperazone,1 g,Injection,Antibiotics,Bacterial infections,150.96,43.13,Vial & Wfi,Jan Aushadhi / PMBJP,JA0053
Cefotaxime Sodium  and Sulbactam Sodium,Cefotaxime Sodium 1g and Sulbactam Sodium 500mg Injection,Cefotaxime Sodium  and Sulbactam Sodium,1g,Injection,Antibiotics,Bacterial infections,91.88,26.25,Vial & Wfi,Jan Aushadhi / PMBJP,JA0054
Cefotaxime Sodium  and Sulbactam Sodium,Cefotaxime Sodium 250mg and Sulbactam Sodium 125mg Injection,Cefotaxime Sodium  and Sulbactam Sodium,250mg,Injection,Antibiotics,Bacterial infections,39.73,11.35,Vial & Wfi,Jan Aushadhi / PMBJP,JA0055
Cefotaxime Sodium  and Sulbactam Sodium,Cefotaxime Sodium 500mg and Sulbactam Sodium 250mg Injection,Cefotaxime Sodium  and Sulbactam Sodium,500mg,Injection,Antibiotics,Bacterial infections,62.37,17.82,Vial & Wfi,Jan Aushadhi / PMBJP,JA0056
Cefotaxime Sodium,Cefotaxime Sodium Injection IP 1g,Cefotaxime Sodium,1g,Injection,Antibiotics,Bacterial infections,62.37,17.82,Vial & Wfi,Jan Aushadhi / PMBJP,JA0057
Cefotaxime Sodium,Cefotaxime Sodium Injection IP 250 mg,Cefotaxime Sodium,250 mg,Injection,Antibiotics,Bacterial infections,32.83,9.38,Vial & Wfi,Jan Aushadhi / PMBJP,JA0058
Cefotaxime Sodium,Cefotaxime Sodium Injection IP 500 mg,Cefotaxime Sodium,500 mg,Injection,Antibiotics,Bacterial infections,39.38,11.25,Vial & Wfi,Jan Aushadhi / PMBJP,JA0059
Cefpodoxime Proxetil Dispersible,Cefpodoxime Proxetil Dispersible Tablets 100 mg,Cefpodoxime Proxetil Dispersible,100 mg,Tablet,Antibiotics,Bacterial infections,131.25,37.5,10's,Jan Aushadhi / PMBJP,JA0060
Cefpodoxime,Cefpodoxime Tablets IP 200 mg,Cefpodoxime,200 mg,Tablet,Antibiotics,Bacterial infections,229.7,65.63,10's,Jan Aushadhi / PMBJP,JA0061
Ceftazidime,Ceftazidime Injection IP 1g,Ceftazidime,1g,Injection,Antibiotics,Bacterial infections,262.5,75.0,Vial & Wfi,Jan Aushadhi / PMBJP,JA0062
Ceftazidime,Ceftazidime Injection IP 250mg,Ceftazidime,250mg,Injection,Antibiotics,Bacterial infections,98.45,28.13,Vial & Wfi,Jan Aushadhi / PMBJP,JA0063
Ceftazidime,Ceftazidime Injection IP 500mg,Ceftazidime,500mg,Injection,Antibiotics,Bacterial infections,164.08,46.88,Vial & Wfi,Jan Aushadhi / PMBJP,JA0064
Ceftriaxone  and Sulbactam,Ceftriaxone 1g and Sulbactam 500mg Injection,Ceftriaxone  and Sulbactam,1g,Injection,Antibiotics,Bacterial infections,157.5,45.0,Vial & Wfi,Jan Aushadhi / PMBJP,JA0065
Ceftriaxone  and Tazobactam,Ceftriaxone 1g and Tazobactam 125mg Injection,Ceftriaxone  and Tazobactam,1g,Injection,Antibiotics,Bacterial infections,157.5,45.0,Vial & Wfi,Jan Aushadhi / PMBJP,JA0066
Azithromycin,Azithromycin Tablets IP 500 mg,Azithromycin,500 mg,Tablet,Antibiotics,Bacterial infections,137.83,39.38,3's,Jan Aushadhi / PMBJP,JA0067
Ceftriaxone  and Sulbactam,Ceftriaxone 250 mg and Sulbactam 125 mg Injection,Ceftriaxone  and Sulbactam,250 mg,Injection,Antibiotics,Bacterial infections,55.79,15.94,Vial & Wfi,Jan Aushadhi / PMBJP,JA0068
Ceftriaxone  and Sulbactam,Ceftriaxone 500mg and Sulbactam 250mg Injection,Ceftriaxone  and Sulbactam,500mg,Injection,Antibiotics,Bacterial infections,114.87,32.82,Vial & Wfi,Jan Aushadhi / PMBJP,JA0069
Ceftriaxone,Ceftriaxone Injection IP 1 g,Ceftriaxone,1 g,Injection,Antibiotics,Bacterial infections,91.88,26.25,Vial & Wfi,Jan Aushadhi / PMBJP,JA0070
Ceftriaxone,Ceftriaxone Injection IP 250 mg,Ceftriaxone,250 mg,Injection,Antibiotics,Bacterial infections,42.66,12.19,Vial & Wfi,Jan Aushadhi / PMBJP,JA0071
Ceftriaxone,Ceftriaxone injection IP 500 mg,Ceftriaxone,500 mg,Injection,Antibiotics,Bacterial infections,78.75,22.5,Vial & Wfi,Jan Aushadhi / PMBJP,JA0072
Cefuroxime Axetil,Cefuroxime Axetil Tablets IP 250 mg,Cefuroxime Axetil,250 mg,Tablet,Antibiotics,Bacterial infections,246.12,70.32,10's,Jan Aushadhi / PMBJP,JA0073
Cefuroxime Axetil,Cefuroxime Axetil Tablets IP 500 mg,Cefuroxime Axetil,500 mg,Tablet,Antibiotics,Bacterial infections,465.95,133.13,10's,Jan Aushadhi / PMBJP,JA0074
Cephalexin,Cephalexin Tablets IP 125mg (Dispersible),Cephalexin,125mg,Tablet,Antibiotics,Bacterial infections,68.92,19.69,10's,Jan Aushadhi / PMBJP,JA0075
Cephalexin,Cephalexin Capsules IP 250mg,Cephalexin,250mg,Capsule,Antibiotics,Bacterial infections,108.29,30.94,10's,Jan Aushadhi / PMBJP,JA0076
Cephalexin,Cephalexin Capsules IP 500mg,Cephalexin,500mg,Capsule,Antibiotics,Bacterial infections,164.08,46.88,10's,Jan Aushadhi / PMBJP,JA0077
Ciprofloxacin  and Tinidazole,Ciprofloxacin 250mg and Tinidazole 300mg Tablets,Ciprofloxacin  and Tinidazole,250mg,Tablet,Antibiotics,Bacterial infections,91.88,26.25,10's,Jan Aushadhi / PMBJP,JA0078
Ciprofloxacin  and Tinidazole,Ciprofloxacin 500mg and Tinidazole 600mg Tablets,Ciprofloxacin  and Tinidazole,500mg,Tablet,Antibiotics,Bacterial infections,128.0,36.57,10's,Jan Aushadhi / PMBJP,JA0079
Ciprofloxacin Hydrochloride,Ciprofloxacin Hydrochloride Tablets IP 250 mg,Ciprofloxacin Hydrochloride,250 mg,Tablet,Antibiotics,Bacterial infections,36.12,10.32,10's,Jan Aushadhi / PMBJP,JA0080
Ciprofloxacin Hydrochloride,Ciprofloxacin Hydrochloride Tablets IP 500 mg,Ciprofloxacin Hydrochloride,500 mg,Tablet,Antibiotics,Bacterial infections,65.62,18.75,10's,Jan Aushadhi / PMBJP,JA0081
Clotrimazole,Clotrimazole Cream IP 1% w/w,Clotrimazole,1%,Cream,Dermatology/Topical/External,Dermatology,50.54,14.44,15 g tubes,Jan Aushadhi / PMBJP,JA0082
Co-trimoxazole (Sulphamethoxazole  and Trimethopri,Co-trimoxazole (Sulphamethoxazole 200mg and Trimethoprim 40mg per 5ml) Oral Suspension IP,Co-trimoxazole (Sulphamethoxazole  and Trimethoprim  per ) Oral,200mg,Suspension,Antibiotics,Bacterial infections,49.25,14.07,50 ml,Jan Aushadhi / PMBJP,JA0083
Co-trimoxazole (Sulphamethoxazole  and Trimethopri,Co-trimoxazole (Sulphamethoxazole 800mg and Trimethoprim 160mg) Tablets IP,Co-trimoxazole (Sulphamethoxazole  and Trimethoprim ),800mg,Tablet,Antibiotics,Bacterial infections,39.73,11.35,10's,Jan Aushadhi / PMBJP,JA0084
Co-trimoxazole (Sulphamethoxazole  and Trimethopri,Co-trimoxazole (Sulphamethoxazole 100mg and Trimethoprim 20mg) Tablets IP,Co-trimoxazole (Sulphamethoxazole  and Trimethoprim ),100mg,Tablet,Antibiotics,Bacterial infections,7.24,2.07,10's,Jan Aushadhi / PMBJP,JA0085
Doxycycline,Doxycycline Capsules IP 100mg,Doxycycline,100mg,Capsule,Antibiotics,Bacterial infections,50.54,14.44,10's,Jan Aushadhi / PMBJP,JA0086
Erythromycin Stearate,Erythromycin Stearate Tablets IP 250mg,Erythromycin Stearate,250mg,Tablet,Antibiotics,Bacterial infections,68.6,19.6,10's,Jan Aushadhi / PMBJP,JA0087
Gentamicin Sulphate,Gentamicin Sulphate Injection IP 80 mg per 2ml,Gentamicin Sulphate,80 mg,Injection,Antibiotics,Bacterial infections,17.85,5.1,2 ml,Jan Aushadhi / PMBJP,JA0088
Levofloxacin,Levofloxacin Tablets IP 250mg,Levofloxacin,250mg,Tablet,Antibiotics,Bacterial infections,59.08,16.88,10's,Jan Aushadhi / PMBJP,JA0089
Levofloxacin,Levofloxacin Tablets IP 500mg,Levofloxacin,500mg,Tablet,Antibiotics,Bacterial infections,108.29,30.94,10's,Jan Aushadhi / PMBJP,JA0090
Meropenem,Meropenem Injection IP 1 g,Meropenem,1 g,Injection,Antibiotics,Bacterial infections,774.38,221.25,Vial & Wfi,Jan Aushadhi / PMBJP,JA0091
Norfloxacin  and Tinidazole,Norfloxacin 400mg and Tinidazole 600mg Tablets,Norfloxacin  and Tinidazole,400mg,Tablet,Gastrointestinal (GIT),Gastrointestinal (GIT),131.25,37.5,10's,Jan Aushadhi / PMBJP,JA0092
Norfloxacin,Norfloxacin Tablets IP 400 mg,Norfloxacin,400 mg,Tablet,Antibiotics,Bacterial infections,68.92,19.69,10's,Jan Aushadhi / PMBJP,JA0093
Ofloxacin  and Ornidazole,Ofloxacin 200mg and Ornidazole 500mg Tablets IP,Ofloxacin  and Ornidazole,200mg,Tablet,Antibiotics,Bacterial infections,90.27,25.79,10's,Jan Aushadhi / PMBJP,JA0094
Ofloxacin,Ofloxacin Tablets IP 200mg,Ofloxacin,200mg,Tablet,Antibiotics,Bacterial infections,45.96,13.13,10's,Jan Aushadhi / PMBJP,JA0095
Ofloxacin,Ofloxacin Tablets IP 400mg,Ofloxacin,400mg,Tablet,Antibiotics,Bacterial infections,114.87,32.82,10's,Jan Aushadhi / PMBJP,JA0096
Piperacillin  and Tazobactum,Piperacillin 4000mg and Tazobactum 500mg Injection IP,Piperacillin  and Tazobactum,4000mg,Injection,Antibiotics,Bacterial infections,400.33,114.38,Vial & Wfi,Jan Aushadhi / PMBJP,JA0097
Roxithromycin,Roxithromycin Tablets IP 150 mg,Roxithromycin,150 mg,Tablet,Antibiotics,Bacterial infections,91.88,26.25,10's,Jan Aushadhi / PMBJP,JA0098
Roxithromycin,Roxithromycin Tablets IP 300 mg,Roxithromycin,300 mg,Tablet,Antibiotics,Bacterial infections,164.08,46.88,10's,Jan Aushadhi / PMBJP,JA0099
Tinidazole,Tinidazole Tablets IP 300 mg,Tinidazole,300 mg,Tablet,Antibiotics,Bacterial infections,42.66,12.19,10's,Jan Aushadhi / PMBJP,JA0100
Tinidazole,Tinidazole Tablets IP 500 mg,Tinidazole,500 mg,Tablet,Antibiotics,Bacterial infections,52.5,15.0,10's,Jan Aushadhi / PMBJP,JA0101
Vancomycin Hydrochloride for Intravenous,Vancomycin Hydrochloride for Intravenous Infusion IP 500 mg,Vancomycin Hydrochloride for Intravenous,500 mg,Infusion,Antibiotics,Bacterial infections,472.5,135.0,Vial & Wfi,Jan Aushadhi / PMBJP,JA0102
Adapalene,Adapalene Gel 0.1%w/w,Adapalene,0.1%,Gel,Derma Care,Derma Care,95.17,27.19,15 gm tubes,Jan Aushadhi / PMBJP,JA0103
"Beclomethasone Dipropionate w/w, Clotrimazole w/w ","Beclomethasone Dipropionate 0.025%w/w, Clotrimazole 1%w/w and Gentamicin Sulphate 0.1%w/w Cream","Beclomethasone Dipropionate w/w, Clotrimazole w/w and Gentamicin Sulphate w/w",0.025%,Cream,Dermatology/Topical/External,Dermatology,65.62,18.75,15 g tubes,Jan Aushadhi / PMBJP,JA0104
Beclomethasone w/w and Neomycin w/w,Beclomethasone 0.025%w/w and Neomycin 0.5%w/w Cream,Beclomethasone w/w and Neomycin w/w,0.025%,Cream,Dermatology/Topical/External,Dermatology,36.12,10.32,15g tube,Jan Aushadhi / PMBJP,JA0105
Calamine,Calamine Lotion IP,Calamine,—,Lotion,Derma Care,Derma Care,91.88,26.25,100 ml,Jan Aushadhi / PMBJP,JA0106
Chlorhexidine Mouthwash,Chlorhexidine Mouthwash IP 0.2 % w/v,Chlorhexidine Mouthwash,0.2 %,Tablet,Stomatologicals,Stomatologicals,75.5,21.57,100 ml,Jan Aushadhi / PMBJP,JA0107
Clobetasol Propionate,Clobetasol Propionate Cream IP 0.05 % w/w,Clobetasol Propionate,0.05 %,Cream,Dermatology/Topical/External,Dermatology,49.25,14.07,15 gm Tube,Jan Aushadhi / PMBJP,JA0108
Fusidic Acid,Fusidic Acid Cream IP 2% w/w,Fusidic Acid,2%,Cream,Dermatology/Topical/External,Dermatology,82.04,23.44,5 gm Tube,Jan Aushadhi / PMBJP,JA0109
Ketoconazole,Ketoconazole Lotion 2% w/v,Ketoconazole,2%,Lotion,Dermatology/Topical/External,Dermatology,180.5,51.57,100 ml Bottle,Jan Aushadhi / PMBJP,JA0110
Povidone Iodine,Povidone Iodine Ointment 5% w/w,Povidone Iodine,5%,Ointment,Antiseptic/Disinfectants,Antiseptic,377.37,107.82,250 gm tubes/Jar,Jan Aushadhi / PMBJP,JA0111
Povidone-Iodine,Povidone-Iodine Solution IP 10 % w/v,Povidone-Iodine,10 %,Solution,Antiseptic/Disinfectants,Antiseptic,475.79,135.94,500 ml,Jan Aushadhi / PMBJP,JA0113
Povidone-Iodine,Povidone-Iodine Solution IP 5 % w/v,Povidone-Iodine,5 %,Solution,Antiseptic/Disinfectants,Antiseptic,68.92,19.69,100 ml,Jan Aushadhi / PMBJP,JA0114
Povidone Iodine,Povidone Iodine Solution 7.5% w/v,Povidone Iodine,7.5%,Solution,Antiseptic/Disinfectants,Antiseptic,397.04,113.44,500 ml,Jan Aushadhi / PMBJP,JA0115
"Silver Sulphadiazine 1% w/w, Chlorhexidine Glucona","Silver Sulphadiazine 1% w/w, Chlorhexidine Gluconate 0.2% w/w, Allantoin 0.1% w/w, Aloe vera 15% w/w Cream","Silver Sulphadiazine 1% w/w, Chlorhexidine Gluconate 0.2% w/w, Allantoin 0.1% w/w, Aloe vera 15% w/w",1%,Cream,Burn Relief,Burn Relief,98.45,28.13,20 gm,Jan Aushadhi / PMBJP,JA0116
Glibenclamide,Glibenclamide Tablets IP 2.5 mg,Glibenclamide,2.5 mg,Tablet,Anti-Diabetic,Anti-Diabetic,9.87,2.82,10's,Jan Aushadhi / PMBJP,JA0118
Glibenclamide,Glibenclamide Tablets IP 5 mg,Glibenclamide,5 mg,Tablet,Anti-Diabetic,Anti-Diabetic,18.06,5.16,10's,Jan Aushadhi / PMBJP,JA0119
Gliclazide,Gliclazide Tablets IP 40 mg,Gliclazide,40 mg,Tablet,Anti-Diabetic,Anti-Diabetic,50.54,14.44,10's,Jan Aushadhi / PMBJP,JA0120
Gliclazide,Gliclazide Tablets IP 80 mg,Gliclazide,80 mg,Tablet,Anti-Diabetic,Anti-Diabetic,78.75,22.5,10's,Jan Aushadhi / PMBJP,JA0121
Glimepiride,Glimepiride Tablets IP 1mg,Glimepiride,1mg,Tablet,Anti-Diabetic,Anti-Diabetic,14.46,4.13,10's,Jan Aushadhi / PMBJP,JA0122
Glimepiride,Glimepiride Tablets IP 2mg,Glimepiride,2mg,Tablet,Anti-Diabetic,Anti-Diabetic,18.06,5.16,10's,Jan Aushadhi / PMBJP,JA0123
Glipizide,Glipizide Tablet IP 5 mg,Glipizide,5 mg,Tablet,Anti-Diabetic,Anti-Diabetic,16.42,4.69,10's,Jan Aushadhi / PMBJP,JA0124
Soluble Insulin,Soluble Insulin Injection IP 40 IU per ml (R-DNA Origin),Soluble Insulin,40 IU,Injection,Anti-Diabetic,Anti-Diabetic,273.35,78.1,10 ml Vial,Jan Aushadhi / PMBJP,JA0125
Insulin,Insulin Injection IP 40 IU per ml (Insulin Human Soluble 30% and Isophane 70%),Insulin,40 IU,Injection,Anti-Diabetic,Anti-Diabetic,315.0,90.0,10 ml Vial,Jan Aushadhi / PMBJP,JA0126
Metformin Hydrochloride Sustained Release,Metformin Hydrochloride Sustained Release Tablets IP 1000 mg,Metformin Hydrochloride Sustained Release,1000 mg,Tablet,Anti-Diabetic,Anti-Diabetic,43.33,12.38,10's,Jan Aushadhi / PMBJP,JA0127
Metformin Hydrochloride,Metformin Hydrochloride Tablets IP 500mg,Metformin Hydrochloride,500mg,Tablet,Anti-Diabetic,Anti-Diabetic,21.67,6.19,10's,Jan Aushadhi / PMBJP,JA0128
Pioglitazone,Pioglitazone Tablets IP 30mg,Pioglitazone,30mg,Tablet,Anti-Diabetic,Anti-Diabetic,43.33,12.38,10's,Jan Aushadhi / PMBJP,JA0129
Pioglitazone  and Metformin  Sustained Release,Pioglitazone 15mg and Metformin 500mg Sustained Release Tablets,Pioglitazone  and Metformin  Sustained Release,15mg,Tablet,Anti-Diabetic,Anti-Diabetic,88.62,25.32,10's,Jan Aushadhi / PMBJP,JA0130
Bleomycin,Bleomycin Injection IP 15 IU,Bleomycin,15 IU,Injection,Oncology,Oncology,1050.0,300.0,Vial,Jan Aushadhi / PMBJP,JA0131
Cisplatin,Cisplatin Injection IP 10 mg per10ml,Cisplatin,10 mg,Injection,Oncology,Oncology,114.87,32.82,Vial,Jan Aushadhi / PMBJP,JA0132
Cisplatin,Cisplatin Injection 50mg per 50ml,Cisplatin,50mg,Injection,Oncology,Oncology,563.08,160.88,Vial,Jan Aushadhi / PMBJP,JA0133
Doxorubicin,Doxorubicin Injection IP 50mg (2mg per ml),Doxorubicin,50mg,Injection,Oncology,Oncology,984.38,281.25,Vial,Jan Aushadhi / PMBJP,JA0134
Etoposide,Etoposide Injection IP 100 mg per 5 ml,Etoposide,100 mg,Injection,Oncology,Oncology,324.87,92.82,Vial,Jan Aushadhi / PMBJP,JA0135
Gemcitabine,Gemcitabine Injection IP 1000mg,Gemcitabine,1000mg,Injection,Oncology,Oncology,2743.12,783.75,Vial,Jan Aushadhi / PMBJP,JA0136
Gemcitabine,Gemcitabine Injection IP 200mg,Gemcitabine,200mg,Injection,Oncology,Oncology,787.5,225.0,Vial,Jan Aushadhi / PMBJP,JA0137
Tamoxifen Citrate,Tamoxifen Citrate Tablets IP 10 mg,Tamoxifen Citrate,10 mg,Tablet,Oncology,Oncology,36.12,10.32,10's,Jan Aushadhi / PMBJP,JA0138
Tamoxifen Citrate,Tamoxifen Citrate Tablets IP 20 mg,Tamoxifen Citrate,20 mg,Tablet,Oncology,Oncology,52.5,15.0,10's,Jan Aushadhi / PMBJP,JA0139
Ciprofloxacin,Ciprofloxacin Injection IP 200mg,Ciprofloxacin,200mg,Injection,Antibiotics,Bacterial infections,39.38,11.25,100 ml,Jan Aushadhi / PMBJP,JA0140
Mannitol,Mannitol Injection IP 20% w/v,Mannitol,20%,Injection,Electrolytes,Electrolytes,91.88,26.25,100 ml,Jan Aushadhi / PMBJP,JA0141
Mannitol Intravenous,Mannitol Intravenous Infusion IP 20% w/v,Mannitol Intravenous,20%,Infusion,Electrolytes,Electrolytes,164.08,46.88,350 ml,Jan Aushadhi / PMBJP,JA0142
Metronidazole,Metronidazole Infusion IP 500 mg,Metronidazole,500 mg,Infusion,Antibiotics,Bacterial infections,28.88,8.25,100 ml,Jan Aushadhi / PMBJP,JA0143
Albendazole Oral,Albendazole Oral Suspension IP 200 mg per 5ml,Albendazole Oral,200 mg,Suspension,Anthelmintic,Anthelmintic,26.25,7.5,10 ml,Jan Aushadhi / PMBJP,JA0144
Albendazole  and Ivermectin,Albendazole 400mg and Ivermectin 6mg Tablets,Albendazole  and Ivermectin,400mg,Tablet,Anthelmintic,Anthelmintic,21.67,6.19,1's,Jan Aushadhi / PMBJP,JA0145
Bisacodyl,Bisacodyl Tablets IP 5mg,Bisacodyl,5mg,Tablet,Gastrointestinal (GIT),Gastrointestinal (GIT),19.7,5.63,10's,Jan Aushadhi / PMBJP,JA0146
Tricholine Citrate  and Cyproheptadine Hydrochlori,Tricholine Citrate 275mg and Cyproheptadine Hydrochloride 2mg Syrup per 5ml,Tricholine Citrate  and Cyproheptadine Hydrochloride,275mg,Syrup,Gastrointestinal (GIT),Gastrointestinal (GIT),124.71,35.63,200 ml,Jan Aushadhi / PMBJP,JA0147
Dicyclomine,Dicyclomine Tablets IP 10mg,Dicyclomine,10mg,Tablet,Gastrointestinal (GIT),Gastrointestinal (GIT),3.29,0.94,10's,Jan Aushadhi / PMBJP,JA0148
Paracetamol  and Dicyclomine Hydrochloride,Paracetamol 325mg and Dicyclomine Hydrochloride 20mg Tablets,Paracetamol  and Dicyclomine Hydrochloride,325mg,Tablet,Gastrointestinal (GIT),Gastrointestinal (GIT),26.25,7.5,10's,Jan Aushadhi / PMBJP,JA0149
Domperidone,Domperidone Tablets IP 10 mg,Domperidone,10 mg,Tablet,Anti-Emetic,Anti-Emetic,14.46,4.13,10's,Jan Aushadhi / PMBJP,JA0150
Domperidone,Domperidone Suspension IP 5mg per 5ml,Domperidone,5mg,Suspension,Anti-Emetic,Anti-Emetic,42.66,12.19,30 ml,Jan Aushadhi / PMBJP,JA0151
"Dried Aluminium Hydroxide , Magnesium Hydroxide  a","Dried Aluminium Hydroxide 250mg, Magnesium Hydroxide 250mg and Activated Dimethicone 50mg Tablets","Dried Aluminium Hydroxide , Magnesium Hydroxide  and Activated Dimethicone",250mg,Tablet,Gastrointestinal (GIT),Gastrointestinal (GIT),19.7,5.63,10's,Jan Aushadhi / PMBJP,JA0152
Famotidine,Famotidine Tablets IP 20 mg,Famotidine,20 mg,Tablet,Gastrointestinal (GIT),Gastrointestinal (GIT),9.87,2.82,14's,Jan Aushadhi / PMBJP,JA0153
Famotidine,Famotidine Tablets IP 40 mg,Famotidine,40 mg,Tablet,Gastrointestinal (GIT),Gastrointestinal (GIT),15.89,4.54,14's,Jan Aushadhi / PMBJP,JA0154
Furazolidone,Furazolidone Tablets IP 100 mg,Furazolidone,100 mg,Tablet,Gastrointestinal (GIT),Gastrointestinal (GIT),3.29,0.94,10's,Jan Aushadhi / PMBJP,JA0155
Hyoscine Butylbromide,Hyoscine Butylbromide Tablets IP 10 mg,Hyoscine Butylbromide,10 mg,Tablet,Gastrointestinal (GIT),Gastrointestinal (GIT),57.75,16.5,10's,Jan Aushadhi / PMBJP,JA0156
Lactic Acid Bacillus,Lactic Acid Bacillus Tablets 60 Million spores,Lactic Acid Bacillus,—,Tablet,Gastrointestinal (GIT),Gastrointestinal (GIT),25.27,7.22,10's,Jan Aushadhi / PMBJP,JA0157
Lactulose,Lactulose Solution IP 10g per 15ml,Lactulose,10g,Solution,Gastrointestinal (GIT),Gastrointestinal (GIT),199.5,57.0,100 ml,Jan Aushadhi / PMBJP,JA0158
Metoclopramide,Metoclopramide Tablets IP 10 mg,Metoclopramide,10 mg,Tablet,Gastrointestinal (GIT),Gastrointestinal (GIT),26.25,7.5,10's,Jan Aushadhi / PMBJP,JA0160
Metoclopramide,Metoclopramide Injection IP 5mg per ml,Metoclopramide,5mg,Injection,Gastrointestinal (GIT),Gastrointestinal (GIT),9.87,2.82,2ml Ampoule,Jan Aushadhi / PMBJP,JA0161
Metronidazole,Metronidazole Tablets IP 200mg,Metronidazole,200mg,Tablet,Antibiotics,Bacterial infections,14.46,4.13,10's,Jan Aushadhi / PMBJP,JA0162
Metronidazole,Metronidazole Tablets IP 400mg,Metronidazole,400mg,Tablet,Antibiotics,Bacterial infections,23.0,6.57,10's,Jan Aushadhi / PMBJP,JA0163
Misoprostol,Misoprostol Tablets IP 200 mcg,Misoprostol,200 mcg,Tablet,Gynaecology,Women's health,65.62,18.75,4's,Jan Aushadhi / PMBJP,JA0164
Omeprazole  and Domperidone,Omeprazole 20mg and Domperidone 10mg Capsules IP,Omeprazole  and Domperidone,20mg,Capsule,Gastrointestinal (GIT),Gastrointestinal (GIT),36.12,10.32,10's,Jan Aushadhi / PMBJP,JA0165
Omeprazole Gastro-resistant,Omeprazole Gastro-resistant Capsules IP 20 mg,Omeprazole Gastro-resistant,20 mg,Capsule,Gastrointestinal (GIT),Gastrointestinal (GIT),32.52,9.29,10's,Jan Aushadhi / PMBJP,JA0166
Ondansetron,Ondansetron Injection IP 2mg per ml,Ondansetron,2mg,Injection,Anti-Emetic,Anti-Emetic,14.46,4.13,2 ml,Jan Aushadhi / PMBJP,JA0167
Ondansetron,Ondansetron Tablets IP 4 mg,Ondansetron,4 mg,Tablet,Anti-Emetic,Anti-Emetic,21.67,6.19,10's,Jan Aushadhi / PMBJP,JA0168
Ornidazole,Ornidazole Tablets IP 500mg,Ornidazole,500mg,Tablet,Antibiotics,Bacterial infections,82.04,23.44,10's,Jan Aushadhi / PMBJP,JA0169
Pantoprazole Gastro Resistant,Pantoprazole Gastro Resistant Tablets IP 40 mg,Pantoprazole Gastro Resistant,40 mg,Tablet,Gastrointestinal (GIT),Gastrointestinal (GIT),39.73,11.35,10's,Jan Aushadhi / PMBJP,JA0170
Pantoprazole,Pantoprazole Injection 40mg,Pantoprazole,40mg,Injection,Gastrointestinal (GIT),Gastrointestinal (GIT),75.81,21.66,Vial,Jan Aushadhi / PMBJP,JA0171
Rabeprazole  (Enteric Coated) and Domperidone  (Su,Rabeprazole 20mg (Enteric Coated) and Domperidone 30mg (Sustained Release) Capsules,Rabeprazole  (Enteric Coated) and Domperidone  (Sustained Release),20mg,Capsule,Gastrointestinal (GIT),Gastrointestinal (GIT),59.08,16.88,10's,Jan Aushadhi / PMBJP,JA0172
Rabeprazole Gastro Resistant,Rabeprazole Gastro Resistant Tablets IP 20 mg,Rabeprazole Gastro Resistant,20 mg,Tablet,Gastrointestinal (GIT),Gastrointestinal (GIT),28.88,8.25,10's,Jan Aushadhi / PMBJP,JA0173
Ranitidine,Ranitidine Injection IP 25 mg per ml,Ranitidine,25 mg,Injection,Gastrointestinal (GIT),Gastrointestinal (GIT),13.12,3.75,2 ml,Jan Aushadhi / PMBJP,JA0174
Ranitidine,Ranitidine Tablets IP 150 mg,Ranitidine,150 mg,Tablet,Gastrointestinal (GIT),Gastrointestinal (GIT),19.7,5.63,10's,Jan Aushadhi / PMBJP,JA0175
Ranitidine,Ranitidine Tablets IP 300 mg,Ranitidine,300 mg,Tablet,Gastrointestinal (GIT),Gastrointestinal (GIT),42.66,12.19,10's,Jan Aushadhi / PMBJP,JA0176
Calcium  and Vitamin D3,Calcium 500mg and Vitamin D3 250IU Tablets IP,Calcium  and Vitamin D3,500mg,Tablet,Supplement/Vitamin/Mineral,Supplement,25.27,7.22,10's,Jan Aushadhi / PMBJP,JA0177
"Pyridoxine Hydrochloride , Doxylamine  and Folic A","Pyridoxine Hydrochloride 10mg, Doxylamine 10mg and Folic Acid 2.5mg Tablets","Pyridoxine Hydrochloride , Doxylamine  and Folic Acid",10mg,Tablet,Supplement/Vitamin/Mineral,Supplement,114.87,32.82,30's,Jan Aushadhi / PMBJP,JA0178
Folic Acid,Folic Acid Tablets IP 5 mg,Folic Acid,5 mg,Tablet,Supplement/Vitamin/Mineral,Supplement,14.46,4.13,15's,Jan Aushadhi / PMBJP,JA0179
—,Syrup of Iron and Folic Acid in a flavoured Base,—,—,Syrup,Supplement/Vitamin/Mineral,Supplement,115.5,33.0,200 ml,Jan Aushadhi / PMBJP,JA0180
Polyvitamin,Polyvitamin Tablets NFI (Prophylactic),Polyvitamin,—,Tablet,Supplement/Vitamin/Mineral,Supplement,23.0,6.57,10's,Jan Aushadhi / PMBJP,JA0181
Vitamin B-Complex fort Zinc,Vitamin B-Complex fort Zinc Capsule,Vitamin B-Complex fort Zinc,—,Capsule,Supplement/Vitamin/Mineral,Supplement,32.52,9.29,10's,Jan Aushadhi / PMBJP,JA0182
Vitamin B-Complex,"Vitamin B-Complex Tablets (B1 10mg, B2 10mg, B3 45mg, B5 50mg, B6 3mg, B12 15mcg)",Vitamin B-Complex,10mg,Tablet,Supplement/Vitamin/Mineral,Supplement,52.5,15.0,10's,Jan Aushadhi / PMBJP,JA0183
Vitamin B-Complex,Vitamin B-Complex Syrup,Vitamin B-Complex,—,Syrup,Supplement/Vitamin/Mineral,Supplement,137.83,39.38,200 ml,Jan Aushadhi / PMBJP,JA0184
Budesonide Nebuliser,Budesonide Nebuliser Suspension 1mg per 2ml,Budesonide Nebuliser,1mg,Suspension,Respiratory,Respiratory conditions,43.33,12.38,2 ml,Jan Aushadhi / PMBJP,JA0185
Budesonide Inhalation,Budesonide Inhalation IP 100mcg,Budesonide Inhalation,100mcg,Tablet,Respiratory,Respiratory conditions,403.62,115.32,200 MDI,Jan Aushadhi / PMBJP,JA0186
Budesonide Inhalation,Budesonide Inhalation IP 200mcg,Budesonide Inhalation,200mcg,Tablet,Respiratory,Respiratory conditions,525.0,150.0,200 md,Jan Aushadhi / PMBJP,JA0187
Cetirizine,Cetirizine Syrup IP 5 mg per 5 ml,Cetirizine,5 mg,Syrup,Anti-Histaminic,Anti-Histaminic,42.66,12.19,60 ml,Jan Aushadhi / PMBJP,JA0188
Cetrizine Hydrochloride,Cetrizine Hydrochloride Tablets IP 10mg,Cetrizine Hydrochloride,10mg,Tablet,Anti-Histaminic,Anti-Histaminic,18.06,5.16,10's,Jan Aushadhi / PMBJP,JA0189
Etophyllin  and Theophylline,Etophyllin 77mg and Theophylline 23mg Tablets,Etophyllin  and Theophylline,77mg,Tablet,Respiratory,Respiratory conditions,16.42,4.69,10's,Jan Aushadhi / PMBJP,JA0190
Fexofenadine Hydrochloride,Fexofenadine Hydrochloride Tablets IP 120mg,Fexofenadine Hydrochloride,120mg,Tablet,Anti-Histaminic,Anti-Histaminic,78.75,22.5,10's,Jan Aushadhi / PMBJP,JA0191
Fexofenadine,Fexofenadine Tablets IP 180 mg,Fexofenadine,180 mg,Tablet,Anti-Histaminic,Anti-Histaminic,122.75,35.07,10's,Jan Aushadhi / PMBJP,JA0192
Levocetrizine,Levocetrizine Tablets IP 5 mg,Levocetrizine,5 mg,Tablet,Anti-Histaminic,Anti-Histaminic,25.27,7.22,10's,Jan Aushadhi / PMBJP,JA0193
Montelukast Sodium,Montelukast Sodium Tablets IP 5mg,Montelukast Sodium,5mg,Tablet,Respiratory,Respiratory conditions,49.25,14.07,10's,Jan Aushadhi / PMBJP,JA0194
Montelukast Sodium,Montelukast Sodium Tablets IP 10mg,Montelukast Sodium,10mg,Tablet,Respiratory,Respiratory conditions,65.0,18.57,10's,Jan Aushadhi / PMBJP,JA0195
Montelukast Sodium  and Levocetirizine,Montelukast Sodium 10mg and Levocetirizine 5mg Tablets IP,Montelukast Sodium  and Levocetirizine,10mg,Tablet,Respiratory,Respiratory conditions,65.62,18.75,10's,Jan Aushadhi / PMBJP,JA0196
Pheniramine Maleate,Pheniramine Maleate Tablets IP 25 mg,Pheniramine Maleate,25 mg,Tablet,Anti-Histaminic,Anti-Histaminic,16.42,4.69,15's,Jan Aushadhi / PMBJP,JA0197
Promethazine,Promethazine Syrup IP 5mg per 5ml,Promethazine,5mg,Syrup,Anti-Emetic,Anti-Emetic,45.96,13.13,100 ml,Jan Aushadhi / PMBJP,JA0198
Salbutamol Inhalation,Salbutamol Inhalation IP 100mcg,Salbutamol Inhalation,100mcg,Tablet,Respiratory,Respiratory conditions,180.5,51.57,200 md,Jan Aushadhi / PMBJP,JA0199
Salbutamol,Salbutamol Tablets IP 2mg,Salbutamol,2mg,Tablet,Respiratory,Respiratory conditions,3.29,0.94,10's,Jan Aushadhi / PMBJP,JA0200
Salbutamol,Salbutamol Syrup IP 2mg per 5ml,Salbutamol,2mg,Syrup,Respiratory,Respiratory conditions,36.12,10.32,100 ml,Jan Aushadhi / PMBJP,JA0201
Salbutamol,Salbutamol Tablets IP 4 mg,Salbutamol,4 mg,Tablet,Respiratory,Respiratory conditions,6.58,1.88,10's,Jan Aushadhi / PMBJP,JA0202
Adenosine,Adenosine Injection IP 6 mg per 2ml,Adenosine,6 mg,Injection,Cardiovascular System (CVS),Cardiovascular System (CVS),344.54,98.44,2 ml,Jan Aushadhi / PMBJP,JA0203
Amlodipine  and Atenolol,Amlodipine 5mg and Atenolol 50mg Tablets IP,Amlodipine  and Atenolol,5mg,Tablet,Cardiovascular System (CVS),Cardiovascular System (CVS),23.0,6.57,10's,Jan Aushadhi / PMBJP,JA0204
Amlodipine,Amlodipine Tablets IP 5mg,Amlodipine,5mg,Tablet,Cardiovascular System (CVS),Cardiovascular System (CVS),18.06,5.16,10's,Jan Aushadhi / PMBJP,JA0205
Atenolol,Atenolol Tablets IP 50 mg,Atenolol,50 mg,Tablet,Cardiovascular System (CVS),Cardiovascular System (CVS),21.67,6.19,14's,Jan Aushadhi / PMBJP,JA0206
Atorvastatin,Atorvastatin Tablets IP 10mg,Atorvastatin,10mg,Tablet,Cardiovascular System (CVS),Cardiovascular System (CVS),28.88,8.25,10's,Jan Aushadhi / PMBJP,JA0207
Atorvastatin,Atorvastatin Tablets IP 20mg,Atorvastatin,20mg,Tablet,Cardiovascular System (CVS),Cardiovascular System (CVS),39.73,11.35,10's,Jan Aushadhi / PMBJP,JA0208
Clonidine,Clonidine Tablets IP 100 mcg,Clonidine,100 mcg,Tablet,Cardiovascular System (CVS),Cardiovascular System (CVS),36.12,10.32,10's,Jan Aushadhi / PMBJP,JA0209
Clopidogrel,Clopidogrel Tablets IP 75mg,Clopidogrel,75mg,Tablet,Cardiovascular System (CVS),Cardiovascular System (CVS),61.39,17.54,10's,Jan Aushadhi / PMBJP,JA0210
Clopidogrel  and Aspirin,Clopidogrel 75mg and Aspirin 75mg Tablets IP,Clopidogrel  and Aspirin,75mg,Tablet,Cardiovascular System (CVS),Cardiovascular System (CVS),68.92,19.69,10's,Jan Aushadhi / PMBJP,JA0211
Diltiazem,Diltiazem Tablets IP 30 mg,Diltiazem,30 mg,Tablet,Cardiovascular System (CVS),Cardiovascular System (CVS),39.73,11.35,10's,Jan Aushadhi / PMBJP,JA0212
Diltiazem,Diltiazem Tablets IP 60 mg,Diltiazem,60 mg,Tablet,Cardiovascular System (CVS),Cardiovascular System (CVS),55.79,15.94,10's,Jan Aushadhi / PMBJP,JA0213
Dobutamine,Dobutamine Injection IP 250mg per 20ml (for Intravenous Infusion),Dobutamine,250mg,Injection,Cardiovascular System (CVS),Cardiovascular System (CVS),124.71,35.63,Vial,Jan Aushadhi / PMBJP,JA0214
Dopamine Hydrochloride,Dopamine Hydrochloride Injection IP 200 mg per 5ml,Dopamine Hydrochloride,200 mg,Injection,Cardiovascular System (CVS),Cardiovascular System (CVS),52.5,15.0,5 ml,Jan Aushadhi / PMBJP,JA0215
Enalapril,Enalapril Tablets IP 5 mg,Enalapril,5 mg,Tablet,Cardiovascular System (CVS),Cardiovascular System (CVS),18.06,5.16,10's,Jan Aushadhi / PMBJP,JA0216
Enoxaparin,Enoxaparin Injection IP 40 mg per 0.4 ml,Enoxaparin,40 mg,Injection,Cardiovascular System (CVS),Cardiovascular System (CVS),654.5,187.0,0.4 ml,Jan Aushadhi / PMBJP,JA0217
Enoxaparin,Enoxaparin Injection IP 60 mg per 0.6 ml,Enoxaparin,60 mg,Injection,Cardiovascular System (CVS),Cardiovascular System (CVS),762.3,217.8,0.6 ml,Jan Aushadhi / PMBJP,JA0218
Frusemide,Frusemide Injection IP 10 mg per ml,Frusemide,10 mg,Injection,Diuretic,Diuretic,9.87,2.82,2 ml,Jan Aushadhi / PMBJP,JA0219
Frusemide,Frusemide Tablets IP 40 mg,Frusemide,40 mg,Tablet,Diuretic,Diuretic,16.42,4.69,10's,Jan Aushadhi / PMBJP,JA0220
Heparin Sodium,Heparin Sodium Injection IP 5000 IU,Heparin Sodium,5000 IU,Injection,Anticoagulant,Anticoagulant,140.77,40.22,5 ml,Jan Aushadhi / PMBJP,JA0221
Heparin Sodium,Heparin Sodium Injection IP 25000 IU,Heparin Sodium,25000 IU,Injection,Anticoagulant,Anticoagulant,656.25,187.5,5 ml,Jan Aushadhi / PMBJP,JA0222
Isosorbide Dinitrate,Isosorbide Dinitrate Tablets IP 10mg,Isosorbide Dinitrate,10mg,Tablet,Cardiovascular System (CVS),Cardiovascular System (CVS),68.92,19.69,50's,Jan Aushadhi / PMBJP,JA0223
Amlodipine  and Lisinopril,Amlodipine 5mg and Lisinopril 5mg Tablets IP,Amlodipine  and Lisinopril,5mg,Tablet,Cardiovascular System (CVS),Cardiovascular System (CVS),52.5,15.0,15's,Jan Aushadhi / PMBJP,JA0224
Lisinopril,Lisinopril Tablets IP 5mg,Lisinopril,5mg,Tablet,Cardiovascular System (CVS),Cardiovascular System (CVS),32.83,9.38,10's,Jan Aushadhi / PMBJP,JA0225
Losartan Potassium  and Hydrochlorothiazide  Tabel,Losartan Potassium 50mg and Hydrochlorothiazide 12.5mg Tabelts IP,Losartan Potassium  and Hydrochlorothiazide  Tabelts,50mg,Tablet,Cardiovascular System (CVS),Cardiovascular System (CVS),43.33,12.38,10's,Jan Aushadhi / PMBJP,JA0226
Losartan,Losartan Tablets IP 25mg,Losartan,25mg,Tablet,Cardiovascular System (CVS),Cardiovascular System (CVS),25.27,7.22,10's,Jan Aushadhi / PMBJP,JA0227
Losartan,Losartan Tablets IP 50mg,Losartan,50mg,Tablet,Cardiovascular System (CVS),Cardiovascular System (CVS),39.73,11.35,10's,Jan Aushadhi / PMBJP,JA0228
Metoprolol,Metoprolol Tablets IP 25 mg,Metoprolol,25 mg,Tablet,Cardiovascular System (CVS),Cardiovascular System (CVS),21.67,6.19,10's,Jan Aushadhi / PMBJP,JA0229
Metoprolol Extended release,Metoprolol Extended release Tablets IP 50mg,Metoprolol Extended release,50mg,Tablet,Cardiovascular System (CVS),Cardiovascular System (CVS),32.52,9.29,10's,Jan Aushadhi / PMBJP,JA0230
Ramipril,Ramipril Tablets IP 2.5 mg,Ramipril,2.5 mg,Tablet,Cardiovascular System (CVS),Cardiovascular System (CVS),25.27,7.22,10's,Jan Aushadhi / PMBJP,JA0231
Ramipril,Ramipril Tablets IP 5 mg,Ramipril,5 mg,Tablet,Cardiovascular System (CVS),Cardiovascular System (CVS),32.83,9.38,10's,Jan Aushadhi / PMBJP,JA0232
Simvastatin,Simvastatin Tablets IP 10mg,Simvastatin,10mg,Tablet,Cardiovascular System (CVS),Cardiovascular System (CVS),36.12,10.32,10's,Jan Aushadhi / PMBJP,JA0233
Simvastatin,Simvastatin Tablets IP 20mg,Simvastatin,20mg,Tablet,Cardiovascular System (CVS),Cardiovascular System (CVS),52.5,15.0,10's,Jan Aushadhi / PMBJP,JA0234
Telmisartan  and Hydrochlorothiazide,Telmisartan 40mg and Hydrochlorothiazide 12.5mg Tablets IP,Telmisartan  and Hydrochlorothiazide,40mg,Tablet,Cardiovascular System (CVS),Cardiovascular System (CVS),55.79,15.94,10's,Jan Aushadhi / PMBJP,JA0235
Telmisartan,Telmisartan Tablets IP 20mg,Telmisartan,20mg,Tablet,Cardiovascular System (CVS),Cardiovascular System (CVS),36.12,10.32,10's,Jan Aushadhi / PMBJP,JA0236
Telmisartan,Telmisartan Tablets IP 40mg,Telmisartan,40mg,Tablet,Cardiovascular System (CVS),Cardiovascular System (CVS),39.38,11.25,10's,Jan Aushadhi / PMBJP,JA0237
Tranexamic Acid,Tranexamic Acid Tablets IP 500 mg,Tranexamic Acid,500 mg,Tablet,Coagulants,Coagulants,259.0,74.0,10's,Jan Aushadhi / PMBJP,JA0238
Tranexamic Acid,Tranexamic Acid Injection IP 500 mg (100mg per ml),Tranexamic Acid,500 mg,Injection,Coagulants,Coagulants,84.0,24.0,5 ml Amp.,Jan Aushadhi / PMBJP,JA0239
α-β Arteether,α-β Arteether Injection 150 mg,α-β Arteether,150 mg,Injection,Anti-Malarial,Anti-Malarial,62.37,17.82,2 ml Ampoule,Jan Aushadhi / PMBJP,JA0240
Chloroquine Phosphate,Chloroquine Phosphate Tablets IP 250 mg,Chloroquine Phosphate,250 mg,Tablet,Anti-Malarial,Anti-Malarial,17.5,5.0,10's,Jan Aushadhi / PMBJP,JA0241
Disodium Hydrogen Citrate,Disodium Hydrogen Citrate Syrup (Alkalyser) 1.4 gm per 5 ml,Disodium Hydrogen Citrate,1.4 g,Syrup,Urology,Urinary conditions,72.2,20.63,100 ml,Jan Aushadhi / PMBJP,JA0242
Oral Rehydration Salts,Oral Rehydration Salts IP 20.5g Sachet (WHO Formula),Oral Rehydration Salts,20.5g,Sachet,Electrolytes,Electrolytes,35.0,10.0,1's,Jan Aushadhi / PMBJP,JA0243
Alprazolam,Alprazolam Tablets IP 0.25 mg,Alprazolam,0.25 mg,Tablet,Central Nervous System (CNS),Neurological conditions,14.46,4.13,10's,Jan Aushadhi / PMBJP,JA0244
Alprazolam,Alprazolam Tablets IP 0.5 mg,Alprazolam,0.5 mg,Tablet,Central Nervous System (CNS),Neurological conditions,25.27,7.22,10's,Jan Aushadhi / PMBJP,JA0245
Betahistine,Betahistine Tablets IP 8 mg,Betahistine,8 mg,Tablet,Central Nervous System (CNS),Neurological conditions,28.88,8.25,10's,Jan Aushadhi / PMBJP,JA0246
Carbamazepine,Carbamazepine Tablets IP 100 mg,Carbamazepine,100 mg,Tablet,Central Nervous System (CNS),Neurological conditions,26.25,7.5,10's,Jan Aushadhi / PMBJP,JA0247
Clonazepam,Clonazepam Tablets IP 0.5 mg,Clonazepam,0.5 mg,Tablet,Central Nervous System (CNS),Neurological conditions,18.06,5.16,10's,Jan Aushadhi / PMBJP,JA0248
Diazepam,Diazepam Tablets IP 5 mg,Diazepam,5 mg,Tablet,Central Nervous System (CNS),Neurological conditions,19.7,5.63,10's,Jan Aushadhi / PMBJP,JA0249
Escitalopram,Escitalopram Tablets IP 10 mg,Escitalopram,10 mg,Tablet,Central Nervous System (CNS),Neurological conditions,32.83,9.38,10's,Jan Aushadhi / PMBJP,JA0250
Escitalopram,Escitalopram Tablets IP 20 mg,Escitalopram,20 mg,Tablet,Central Nervous System (CNS),Neurological conditions,65.62,18.75,10's,Jan Aushadhi / PMBJP,JA0251
Flunarizine,Flunarizine Tablets IP 10 mg,Flunarizine,10 mg,Tablet,Central Nervous System (CNS),Neurological conditions,26.25,7.5,10's,Jan Aushadhi / PMBJP,JA0252
Flunarizine,Flunarizine Tablets IP 5 mg,Flunarizine,5 mg,Tablet,Central Nervous System (CNS),Neurological conditions,23.0,6.57,10's,Jan Aushadhi / PMBJP,JA0253
Fluoxetine Hydrochloride,Fluoxetine Hydrochloride Capsules IP 20mg,Fluoxetine Hydrochloride,20mg,Capsule,Central Nervous System (CNS),Neurological conditions,28.88,8.25,10's,Jan Aushadhi / PMBJP,JA0254
Methyl Ergometrine,Methyl Ergometrine Tablets IP 0.125 mg,Methyl Ergometrine,0.125 mg,Tablet,Central Nervous System (CNS),Neurological conditions,36.12,10.32,10's,Jan Aushadhi / PMBJP,JA0255
Phenytoin,Phenytoin Tablets IP 100 mg,Phenytoin,100 mg,Tablet,Central Nervous System (CNS),Neurological conditions,180.5,51.57,100's in Bottle,Jan Aushadhi / PMBJP,JA0256
Prochlorperazine,Prochlorperazine Tablets IP 5 mg,Prochlorperazine,5 mg,Tablet,Central Nervous System (CNS),Neurological conditions,19.7,5.63,10's,Jan Aushadhi / PMBJP,JA0257
Prednisolone,Prednisolone Tablets IP 5 mg,Prednisolone,5 mg,Tablet,Steroids & Hormones,Steroids & Hormones,26.25,7.5,15's,Jan Aushadhi / PMBJP,JA0258
Prednisolone,Prednisolone Tablets IP 10 mg,Prednisolone,10 mg,Tablet,Steroids & Hormones,Steroids & Hormones,29.54,8.44,10's,Jan Aushadhi / PMBJP,JA0259
Thyroxine Sodium,Thyroxine Sodium Tablets IP 100 mcg,Thyroxine Sodium,100 mcg,Tablet,Anti-Thyroid,Anti-Thyroid,223.79,63.94,100's,Jan Aushadhi / PMBJP,JA0260
Dexamethasone,Dexamethasone Tablets IP 0.5 mg,Dexamethasone,0.5 mg,Tablet,Steroids & Hormones,Steroids & Hormones,6.58,1.88,10's,Jan Aushadhi / PMBJP,JA0261
Dexamethasone,Dexamethasone Injection IP 4mg per ml,Dexamethasone,4mg,Injection,Steroids & Hormones,Steroids & Hormones,19.7,5.63,2 ml,Jan Aushadhi / PMBJP,JA0262
Allopurinol,Allopurinol Tablets IP 100 mg,Allopurinol,100 mg,Tablet,Ortho,Ortho,36.12,10.32,10's,Jan Aushadhi / PMBJP,JA0263
Clomiphene Citrate,Clomiphene Citrate Tablets IP 50mg,Clomiphene Citrate,50mg,Tablet,Gynaecology,Women's health,72.2,20.63,10's,Jan Aushadhi / PMBJP,JA0264
Atropine Sulphate,Atropine Sulphate Injection IP 0.6mg per ml,Atropine Sulphate,0.6mg,Injection,Cardiovascular System (CVS),Cardiovascular System (CVS),7.0,2.0,1 ml,Jan Aushadhi / PMBJP,JA0265
Carboxymethylcellulose Sodium Eye,Carboxymethylcellulose Sodium Eye Drops IP 0.5% w/v,Carboxymethylcellulose Sodium Eye,0.5%,Drops,Opthalmic/Otic,Opthalmic,86.62,24.75,10 ml,Jan Aushadhi / PMBJP,JA0266
Ciprofloxacin Eye,Ciprofloxacin Eye Drops IP 0.3% w/v,Ciprofloxacin Eye,0.3%,Drops,Opthalmic/Otic,Opthalmic,23.0,6.57,5 ml,Jan Aushadhi / PMBJP,JA0267
Gentamicin Eye,Gentamicin Eye Drops IP 0.3% w/v,Gentamicin Eye,0.3%,Drops,Opthalmic/Otic,Opthalmic,19.7,5.63,10 ml,Jan Aushadhi / PMBJP,JA0268
Xylometazoline Nasal,Xylometazoline Nasal Drops IP 0.1%w/v,Xylometazoline Nasal,0.1%,Drops,Respiratory,Respiratory conditions,43.33,12.38,10 ml,Jan Aushadhi / PMBJP,JA0269
Bupivacaine Hydrochloride,Bupivacaine Hydrochloride Injection IP 5 mg per ml,Bupivacaine Hydrochloride,5 mg,Injection,Anaesthetics,Anaesthetics,128.0,36.57,20 ml,Jan Aushadhi / PMBJP,JA0270
Lignocaine,Lignocaine Injection IP 2% w/v,Lignocaine,2%,Injection,Anaesthetics,Anaesthetics,55.79,15.94,30 ml Vial,Jan Aushadhi / PMBJP,JA0271
Lignocaine and Adrenaline,Lignocaine and Adrenaline Injection IP (2%w/v and 1:80000),Lignocaine and Adrenaline,2%,Injection,Anaesthetics,Anaesthetics,72.2,20.63,30 ml Vial,Jan Aushadhi / PMBJP,JA0272
Propofol,Propofol Injection IP 10 mg per ml,Propofol,10 mg,Injection,Anaesthetics,Anaesthetics,128.0,36.57,10 ml Vial,Jan Aushadhi / PMBJP,JA0273
Tetanus Vaccine,Tetanus Vaccine IP,Tetanus Vaccine,—,Tablet,Vaccines,Vaccines,22.75,6.5,0.5 ml Ampoule,Jan Aushadhi / PMBJP,JA0274
Mifepristone,Mifepristone Tablets IP 200 mg,Mifepristone,200 mg,Tablet,Gynaecology,Women's health,219.87,62.82,1's,Jan Aushadhi / PMBJP,JA0275
Biphasic Isophane Insulin,Biphasic Isophane Insulin Injection IP (50:50) 40 IU per ml,Biphasic Isophane Insulin,40 IU,Injection,Anti-Diabetic,Anti-Diabetic,308.0,88.0,10 ML VIAL,Jan Aushadhi / PMBJP,JA0276
Insulin Glargine,Insulin Glargine Injection IP 100 IU per ml,Insulin Glargine,100 IU,Injection,Anti-Diabetic,Anti-Diabetic,1190.0,340.0,Cartridge 3 ml,Jan Aushadhi / PMBJP,JA0277
Glipizide  and Metformin Hydrochloride,Glipizide 5mg and Metformin Hydrochloride 500mg Tablets,Glipizide  and Metformin Hydrochloride,5mg,Tablet,Anti-Diabetic,Anti-Diabetic,29.54,8.44,10's,Jan Aushadhi / PMBJP,JA0278
Voglibose,Voglibose Tablets IP 0.3 mg,Voglibose,0.3 mg,Tablet,Anti-Diabetic,Anti-Diabetic,50.54,14.44,10's,Jan Aushadhi / PMBJP,JA0279
Gliclazide Extended release,Gliclazide Extended release Tablets 60 mg,Gliclazide Extended release,60 mg,Tablet,Anti-Diabetic,Anti-Diabetic,144.38,41.25,10's,Jan Aushadhi / PMBJP,JA0280
Acarbose,Acarbose Tablets IP 50 mg,Acarbose,50 mg,Tablet,Anti-Diabetic,Anti-Diabetic,203.46,58.13,10's,Jan Aushadhi / PMBJP,JA0281
Voglibose,Voglibose Tablets IP 0.2 mg,Voglibose,0.2 mg,Tablet,Anti-Diabetic,Anti-Diabetic,39.73,11.35,10's,Jan Aushadhi / PMBJP,JA0282
Metformin Hydrochloride Prolonged release,Metformin Hydrochloride Prolonged release Tablets IP 500 mg,Metformin Hydrochloride Prolonged release,500 mg,Tablet,Anti-Diabetic,Anti-Diabetic,36.12,10.32,10's,Jan Aushadhi / PMBJP,JA0283
Artesunate,Artesunate Injection IP 60 mg,Artesunate,60 mg,Injection,Anti-Malarial,Anti-Malarial,75.5,21.57,1 vial,Jan Aushadhi / PMBJP,JA0284
Quinine Sulphate,Quinine Sulphate Tablets IP 300 mg,Quinine Sulphate,300 mg,Tablet,Anti-Malarial,Anti-Malarial,108.5,31.0,10's,Jan Aushadhi / PMBJP,JA0285
Imipenem  and Cilastatin,Imipenem 500mg and Cilastatin 500mg Injection IP,Imipenem  and Cilastatin,500mg,Injection,Antibiotics,Bacterial infections,1082.83,309.38,Vial & Wfi,Jan Aushadhi / PMBJP,JA0286
Clindamycin,Clindamycin Capsules IP 300 mg,Clindamycin,300 mg,Capsule,Antibiotics,Bacterial infections,295.33,84.38,10's,Jan Aushadhi / PMBJP,JA0287
Clarithromycin,Clarithromycin Tablets IP 500 mg,Clarithromycin,500 mg,Tablet,Antibiotics,Bacterial infections,236.25,67.5,4's,Jan Aushadhi / PMBJP,JA0288
Cefixime  and Ofloxacin,Cefixime 200mg and Ofloxacin 200mg Tablets,Cefixime  and Ofloxacin,200mg,Tablet,Antibiotics,Bacterial infections,166.04,47.44,10's,Jan Aushadhi / PMBJP,JA0289
Linezolid,Linezolid Tablets IP 600 mg,Linezolid,600 mg,Tablet,Antibiotics,Bacterial infections,541.41,154.69,10's,Jan Aushadhi / PMBJP,JA0290
Cefpodoxime  and Potassium Clavulanate,Cefpodoxime 200mg and Potassium Clavulanate 125mg Tablets,Cefpodoxime  and Potassium Clavulanate,200mg,Tablet,Antibiotics,Bacterial infections,236.25,67.5,6's,Jan Aushadhi / PMBJP,JA0291
Itraconazole,Itraconazole Capsules 100 mg,Itraconazole,100 mg,Capsule,Anti-Fungal,Anti-Fungal,79.42,22.69,4's,Jan Aushadhi / PMBJP,JA0292
Cefixime  and Potassium Clavulanate,Cefixime 200mg and Potassium Clavulanate 125mg Tablets,Cefixime  and Potassium Clavulanate,200mg,Tablet,Antibiotics,Bacterial infections,420.0,120.0,10's,Jan Aushadhi / PMBJP,JA0293
Diethylcarbamazine,Diethylcarbamazine Tablets IP 50 mg,Diethylcarbamazine,50 mg,Tablet,Anthelmintic,Anthelmintic,31.5,9.0,30's,Jan Aushadhi / PMBJP,JA0294
Terbinafine,Terbinafine Tablets IP 250mg,Terbinafine,250mg,Tablet,Anti-Fungal,Anti-Fungal,134.54,38.44,7's,Jan Aushadhi / PMBJP,JA0295
Moxifloxacin,Moxifloxacin Tablets 400 mg,Moxifloxacin,400 mg,Tablet,Antibiotics,Bacterial infections,216.58,61.88,5's,Jan Aushadhi / PMBJP,JA0296
Griseofulvin,Griseofulvin Tablets IP 250 mg,Griseofulvin,250 mg,Tablet,Anti-Fungal,Anti-Fungal,52.5,15.0,10's,Jan Aushadhi / PMBJP,JA0297
Aciclovir Dispersible,Aciclovir Dispersible Tablets IP 800 mg,Aciclovir Dispersible,800 mg,Tablet,Anti-Viral,Anti-Viral,144.38,41.25,5's,Jan Aushadhi / PMBJP,JA0298
Cefuroxime Axetil  and Potassium Clavulanate,Cefuroxime Axetil 500mg and Potassium Clavulanate 125mg Tablets IP,Cefuroxime Axetil  and Potassium Clavulanate,500mg,Tablet,Antibiotics,Bacterial infections,357.66,102.19,6's,Jan Aushadhi / PMBJP,JA0299
Liposomal Amphotericin B,Liposomal Amphotericin B Injection 50 mg per Vial,Liposomal Amphotericin B,50 mg,Injection,Anti-Fungal,Anti-Fungal,9450.0,2700.0,20 ml,Jan Aushadhi / PMBJP,JA0300
Ketoconazole,Ketoconazole Tablets IP 200 mg,Ketoconazole,200 mg,Tablet,Anti-Fungal,Anti-Fungal,91.88,26.25,10's,Jan Aushadhi / PMBJP,JA0301
Amoxycillin  and Potassium Clavulanate,Amoxycillin 875mg and Potassium Clavulanate 125mg Tablets IP,Amoxycillin  and Potassium Clavulanate,875mg,Tablet,Antibiotics,Bacterial infections,252.66,72.19,6's,Jan Aushadhi / PMBJP,JA0303
Clindamycin,Clindamycin Injection IP 300mg per 2ml,Clindamycin,300mg,Injection,Antibiotics,Bacterial infections,192.5,55.0,2 ML,Jan Aushadhi / PMBJP,JA0304
Linezolid,Linezolid Infusion 600mg per 300ml,Linezolid,600mg,Infusion,Antibiotics,Bacterial infections,397.04,113.44,300 ml,Jan Aushadhi / PMBJP,JA0305
Ofloxacin,Ofloxacin Infusion IP 200 mg per 100 ml,Ofloxacin,200 mg,Infusion,Antibiotics,Bacterial infections,108.29,30.94,100 ml,Jan Aushadhi / PMBJP,JA0306
Ivermectin Dispersible,Ivermectin Dispersible Tablets 12 mg,Ivermectin Dispersible,12 mg,Tablet,Anthelmintic,Anthelmintic,75.81,21.66,10's,Jan Aushadhi / PMBJP,JA0307
Trastuzumab,Trastuzumab Injection 440 mg With Wfi,Trastuzumab,440 mg,Injection,Oncology,Oncology,49218.75,14062.5,1's,Jan Aushadhi / PMBJP,JA0308
Azathioprine,Azathioprine Tablets IP 50 mg,Azathioprine,50 mg,Tablet,Immunosuppressant,Immunosuppressant,157.5,45.0,10's,Jan Aushadhi / PMBJP,JA0309
Methotrexate,Methotrexate Tablets IP 7.5 mg,Methotrexate,7.5 mg,Tablet,Oncology,Oncology,87.5,25.0,10's,Jan Aushadhi / PMBJP,JA0310
Tranexamic Acid  and Mefenamic Acid,Tranexamic Acid 500mg and Mefenamic Acid 250mg Tablets,Tranexamic Acid  and Mefenamic Acid,500mg,Tablet,Coagulants,Coagulants,269.08,76.88,10's,Jan Aushadhi / PMBJP,JA0311
Prazosin,Prazosin Tablets IP 5 mg,Prazosin,5 mg,Tablet,Cardiovascular System (CVS),Cardiovascular System (CVS),101.08,28.88,15's,Jan Aushadhi / PMBJP,JA0312
Telmisartan  and Amlodipine,Telmisartan 40mg and Amlodipine 5mg Tablets IP,Telmisartan  and Amlodipine,40mg,Tablet,Cardiovascular System (CVS),Cardiovascular System (CVS),79.42,22.69,15's,Jan Aushadhi / PMBJP,JA0313
Rosuvastatin,Rosuvastatin Tablets IP 20 mg,Rosuvastatin,20 mg,Tablet,Cardiovascular System (CVS),Cardiovascular System (CVS),93.87,26.82,10's,Jan Aushadhi / PMBJP,JA0314
Heparin Sodium  and Benzyl Nicotinate,Heparin Sodium 50IU and Benzyl Nicotinate 2mg Ointment,Heparin Sodium  and Benzyl Nicotinate,50IU,Ointment,Anticoagulant,Anticoagulant,131.25,37.5,20 gm,Jan Aushadhi / PMBJP,JA0315
Atorvastatin  and Clopidogrel,Atorvastatin 10mg and Clopidogrel 75mg Capsules,Atorvastatin  and Clopidogrel,10mg,Capsule,Cardiovascular System (CVS),Cardiovascular System (CVS),126.35,36.1,10's,Jan Aushadhi / PMBJP,JA0316
Nebivolol,Nebivolol Tablets IP 5 mg,Nebivolol,5 mg,Tablet,Cardiovascular System (CVS),Cardiovascular System (CVS),82.04,23.44,10's,Jan Aushadhi / PMBJP,JA0317
Torasemide,Torasemide Tablets IP 10mg,Torasemide,10mg,Tablet,Diuretic,Diuretic,55.79,15.94,15's,Jan Aushadhi / PMBJP,JA0318
Bisoprolol,Bisoprolol Tablets 5 mg,Bisoprolol,5 mg,Tablet,Cardiovascular System (CVS),Cardiovascular System (CVS),49.25,14.07,10's,Jan Aushadhi / PMBJP,JA0319
Carvedilol,Carvedilol Tablets IP 3.125 mg,Carvedilol,3.125 mg,Tablet,Cardiovascular System (CVS),Cardiovascular System (CVS),25.27,7.22,10's,Jan Aushadhi / PMBJP,JA0320
Diltiazem Sustained Release,Diltiazem Sustained Release Tablets 90 mg,Diltiazem Sustained Release,90 mg,Tablet,Cardiovascular System (CVS),Cardiovascular System (CVS),119.14,34.04,10's,Jan Aushadhi / PMBJP,JA0321
Acenocoumarol,Acenocoumarol Tablets IP 2 mg,Acenocoumarol,2 mg,Tablet,Cardiovascular System (CVS),Cardiovascular System (CVS),118.12,33.75,30's,Jan Aushadhi / PMBJP,JA0322
S(-)Amlodipine,S(-)Amlodipine Tablets IP 2.5 mg,S(-)Amlodipine,2.5 mg,Tablet,Cardiovascular System (CVS),Cardiovascular System (CVS),39.73,11.35,10's,Jan Aushadhi / PMBJP,JA0323
Digoxin,Digoxin Tablets IP 0.25 mg,Digoxin,0.25 mg,Tablet,Cardiovascular System (CVS),Cardiovascular System (CVS),29.54,8.44,10's,Jan Aushadhi / PMBJP,JA0324
Atorvastatin  and Fenofibrate,Atorvastatin 10mg and Fenofibrate 160mg Tablets IP,Atorvastatin  and Fenofibrate,10mg,Tablet,Cardiovascular System (CVS),Cardiovascular System (CVS),98.45,28.13,15's,Jan Aushadhi / PMBJP,JA0325
Amiodarone,Amiodarone Tablets IP 200 mg,Amiodarone,200 mg,Tablet,Cardiovascular System (CVS),Cardiovascular System (CVS),193.62,55.32,10's,Jan Aushadhi / PMBJP,JA0326
Ramipril  and Hydrochlorothiazide,Ramipril 5mg and Hydrochlorothiazide 12.5mg Tablets IP,Ramipril  and Hydrochlorothiazide,5mg,Tablet,Cardiovascular System (CVS),Cardiovascular System (CVS),45.96,13.13,10's,Jan Aushadhi / PMBJP,JA0327
Olmesartan Medoxomil,Olmesartan Medoxomil Tablets IP 40 mg,Olmesartan Medoxomil,40 mg,Tablet,Cardiovascular System (CVS),Cardiovascular System (CVS),119.14,34.04,10's,Jan Aushadhi / PMBJP,JA0328
Isosorbide Mononitrate Sustained Release,Isosorbide Mononitrate Sustained Release Tablets 30 mg,Isosorbide Mononitrate Sustained Release,30 mg,Tablet,Cardiovascular System (CVS),Cardiovascular System (CVS),229.7,65.63,30's,Jan Aushadhi / PMBJP,JA0329
Propranolol,Propranolol Tablets IP 40 mg,Propranolol,40 mg,Tablet,Cardiovascular System (CVS),Cardiovascular System (CVS),21.67,6.19,10's,Jan Aushadhi / PMBJP,JA0330
Rosuvastatin  and Fenofibrate,Rosuvastatin 10mg and Fenofibrate 160mg Tablets IP,Rosuvastatin  and Fenofibrate,10mg,Tablet,Cardiovascular System (CVS),Cardiovascular System (CVS),111.89,31.97,10's,Jan Aushadhi / PMBJP,JA0331
Telmisartan  and Chlorthalidone,Telmisartan 40mg and Chlorthalidone 12.5mg Tablets,Telmisartan  and Chlorthalidone,40mg,Tablet,Cardiovascular System (CVS),Cardiovascular System (CVS),72.2,20.63,10's,Jan Aushadhi / PMBJP,JA0332
Nifedipine Prolonged release,Nifedipine Prolonged release Tablets IP 20mg,Nifedipine Prolonged release,20mg,Tablet,Cardiovascular System (CVS),Cardiovascular System (CVS),29.54,8.44,10's,Jan Aushadhi / PMBJP,JA0333
Indapamide,Indapamide Tablets IP 1.5 mg,Indapamide,1.5 mg,Tablet,Cardiovascular System (CVS),Cardiovascular System (CVS),85.33,24.38,10's,Jan Aushadhi / PMBJP,JA0334
Olmesartan Medoxomil  and Hydrochlorothiazide,Olmesartan Medoxomil 40mg and Hydrochlorothiazide 12.5mg Tablets IP,Olmesartan Medoxomil  and Hydrochlorothiazide,40mg,Tablet,Cardiovascular System (CVS),Cardiovascular System (CVS),98.45,28.13,10's,Jan Aushadhi / PMBJP,JA0335
Metoprolol  (Prolonged release) and Amlodipine Bes,Metoprolol 50mg (Prolonged release) and Amlodipine Besilate 5mg Tablets IP,Metoprolol  (Prolonged release) and Amlodipine Besilate,50mg,Tablet,Cardiovascular System (CVS),Cardiovascular System (CVS),36.12,10.32,7's,Jan Aushadhi / PMBJP,JA0336
Losartan  and Amlodipine,Losartan 50mg and Amlodipine 5mg Tablets IP,Losartan  and Amlodipine,50mg,Tablet,Cardiovascular System (CVS),Cardiovascular System (CVS),72.2,20.63,10's,Jan Aushadhi / PMBJP,JA0337
Fenofibrate,Fenofibrate Tablets IP 160 mg,Fenofibrate,160 mg,Tablet,Cardiovascular System (CVS),Cardiovascular System (CVS),97.48,27.85,10's,Jan Aushadhi / PMBJP,JA0338
Isosorbide Dinitrate,Isosorbide Dinitrate Tablets IP 5 mg,Isosorbide Dinitrate,5 mg,Tablet,Cardiovascular System (CVS),Cardiovascular System (CVS),65.62,18.75,50's,Jan Aushadhi / PMBJP,JA0339
Enalapril  and Hydrochlorothiazide,Enalapril 10mg and Hydrochlorothiazide 25mg Tablets IP,Enalapril  and Hydrochlorothiazide,10mg,Tablet,Cardiovascular System (CVS),Cardiovascular System (CVS),196.88,56.25,30's,Jan Aushadhi / PMBJP,JA0340
Olmesartan  and Amlodipine,Olmesartan 20mg and Amlodipine 5mg Tablets,Olmesartan  and Amlodipine,20mg,Tablet,Cardiovascular System (CVS),Cardiovascular System (CVS),82.04,23.44,10's,Jan Aushadhi / PMBJP,JA0341
Amlodipine  and Hydrochlorothiazide,Amlodipine 5mg and Hydrochlorothiazide 12.5mg Tablets,Amlodipine  and Hydrochlorothiazide,5mg,Tablet,Cardiovascular System (CVS),Cardiovascular System (CVS),54.15,15.47,10's,Jan Aushadhi / PMBJP,JA0342
Moxonidine,Moxonidine Tablets 0.3 mg,Moxonidine,0.3 mg,Tablet,Cardiovascular System (CVS),Cardiovascular System (CVS),154.25,44.07,10's,Jan Aushadhi / PMBJP,JA0343
Ramipril  and Amlodipine,Ramipril 5mg and Amlodipine 5mg Tablets,Ramipril  and Amlodipine,5mg,Tablet,Cardiovascular System (CVS),Cardiovascular System (CVS),82.04,23.44,10's,Jan Aushadhi / PMBJP,JA0344
Spironolactone,Spironolactone Tablets IP 25 mg,Spironolactone,25 mg,Tablet,Diuretic,Diuretic,72.2,20.63,15's,Jan Aushadhi / PMBJP,JA0345
Labetalol Hydrochloride,Labetalol Hydrochloride Tablets IP 100mg,Labetalol Hydrochloride,100mg,Tablet,Cardiovascular System (CVS),Cardiovascular System (CVS),147.66,42.19,10's,Jan Aushadhi / PMBJP,JA0346
Streptokinase,"Streptokinase Injection IP 15,00,000 IU",Streptokinase,000 IU,Injection,Cardiovascular System (CVS),Cardiovascular System (CVS),3264.87,932.82,10 ml & wfi,Jan Aushadhi / PMBJP,JA0347
Warfarin,Warfarin Tablets IP 5 mg,Warfarin,5 mg,Tablet,Cardiovascular System (CVS),Cardiovascular System (CVS),59.08,16.88,10's,Jan Aushadhi / PMBJP,JA0348
Bisoprolol  and Hydrochlorothiazide,Bisoprolol 5mg and Hydrochlorothiazide 6.25mg Tablets IP,Bisoprolol  and Hydrochlorothiazide,5mg,Tablet,Cardiovascular System (CVS),Cardiovascular System (CVS),54.15,15.47,10's,Jan Aushadhi / PMBJP,JA0349
Valsartan,Valsartan Tablets IP 80 mg,Valsartan,80 mg,Tablet,Cardiovascular System (CVS),Cardiovascular System (CVS),119.14,34.04,10's,Jan Aushadhi / PMBJP,JA0350
Verapamil,Verapamil Tablets IP 80 mg,Verapamil,80 mg,Tablet,Cardiovascular System (CVS),Cardiovascular System (CVS),45.96,13.13,10's,Jan Aushadhi / PMBJP,JA0351
Atorvastatin,Atorvastatin Tablets IP 40 mg,Atorvastatin,40 mg,Tablet,Cardiovascular System (CVS),Cardiovascular System (CVS),72.2,20.63,10's,Jan Aushadhi / PMBJP,JA0352
Torsemide,Torsemide Tablets IP 20 mg,Torsemide,20 mg,Tablet,Diuretic,Diuretic,65.0,18.57,10's,Jan Aushadhi / PMBJP,JA0353
Labetalol,Labetalol Injection IP 5 mg per ml,Labetalol,5 mg,Injection,Cardiovascular System (CVS),Cardiovascular System (CVS),193.62,55.32,4 ml Ampoule,Jan Aushadhi / PMBJP,JA0354
"Hydroquinone w/w, Mometasone w/w and Tretinoin w/w","Hydroquinone 2%w/w, Mometasone 0.1%w/w and Tretinoin 0.025%w/w Cream","Hydroquinone w/w, Mometasone w/w and Tretinoin w/w",2%,Cream,Dermatology/Topical/External,Dermatology,86.62,24.75,20 gm,Jan Aushadhi / PMBJP,JA0355
Betamethasone Valerate w/w and Neomycin Sulfate w/,Betamethasone Valerate 0.1%w/w and Neomycin Sulfate 0.5%w/w Cream,Betamethasone Valerate w/w and Neomycin Sulfate w/w,0.1%,Cream,Dermatology/Topical/External,Dermatology,57.75,16.5,20 gm,Jan Aushadhi / PMBJP,JA0356
Betamethasone Valerate w/w and Clioquinol w/w,Betamethasone Valerate 0.12%w/w and Clioquinol 3%w/w Cream,Betamethasone Valerate w/w and Clioquinol w/w,0.12%,Cream,Dermatology/Topical/External,Dermatology,114.87,32.82,30 GM,Jan Aushadhi / PMBJP,JA0357
Mupirocin,Mupirocin Ointment IP 2 % w/w,Mupirocin,2 %,Ointment,Dermatology/Topical/External,Dermatology,164.08,46.88,5 gm,Jan Aushadhi / PMBJP,JA0358
Pantoprazole  (Gastro-resistant) and Domperidone  ,Pantoprazole 40mg (Gastro-resistant) and Domperidone 30mg (Prolonged Release) Capsules IP,Pantoprazole  (Gastro-resistant) and Domperidone  (Prolonged Release),40mg,Capsule,Gastrointestinal (GIT),Gastrointestinal (GIT),72.2,20.63,10's,Jan Aushadhi / PMBJP,JA0359
Ursodeoxycholic Acid,Ursodeoxycholic Acid Tablets IP 300 mg,Ursodeoxycholic Acid,300 mg,Tablet,Hepato-Protective,Hepato-Protective,562.1,160.6,10's,Jan Aushadhi / PMBJP,JA0360
Dicyclomine Hydrochloride  and Mefenamic Acid,Dicyclomine Hydrochloride 10mg and Mefenamic Acid 250mg Tablets IP,Dicyclomine Hydrochloride  and Mefenamic Acid,10mg,Tablet,Analgesic/Antipyretic/Anti-Inflammatory,"Pain, fever, inflammation",43.33,12.38,10's,Jan Aushadhi / PMBJP,JA0361
Bacillus Clausii Spores,Bacillus Clausii Spores Suspension 2 Billion per 5ml,Bacillus Clausii Spores,5ml,Suspension,Gastrointestinal (GIT),Gastrointestinal (GIT),49.25,14.07,5 ML,Jan Aushadhi / PMBJP,JA0362
"Oxetacaine, Aluminium Hydroxide and Magnesium Hydr","Oxetacaine, Aluminium Hydroxide and Magnesium Hydroxide Suspension","Oxetacaine, Aluminium Hydroxide and Magnesium Hydroxide",—,Suspension,Gastrointestinal (GIT),Gastrointestinal (GIT),150.96,43.13,200 ML,Jan Aushadhi / PMBJP,JA0363
Esomeprazole  (Enteric-Coated) and Domperidone  (S,Esomeprazole 40mg (Enteric-Coated) and Domperidone 30mg (Sustained Release) Capsules,Esomeprazole  (Enteric-Coated) and Domperidone  (Sustained Release),40mg,Capsule,Gastrointestinal (GIT),Gastrointestinal (GIT),72.2,20.63,10's,Jan Aushadhi / PMBJP,JA0364
Pantoprazole  (Enteric Coated) and Levosulpiride  ,Pantoprazole 40mg (Enteric Coated) and Levosulpiride 75mg (Sustained Release) Capsules,Pantoprazole  (Enteric Coated) and Levosulpiride  (Sustained Release),40mg,Capsule,Gastrointestinal (GIT),Gastrointestinal (GIT),180.5,51.57,10's,Jan Aushadhi / PMBJP,JA0365
Doxylamine Succinate  and Pyridoxine Hydrochloride,Doxylamine Succinate 10mg and Pyridoxine Hydrochloride 10mg Tablets,Doxylamine Succinate  and Pyridoxine Hydrochloride,10mg,Tablet,Gynaecology,Women's health,75.5,21.57,30's,Jan Aushadhi / PMBJP,JA0366
Sucralfate,Sucralfate Suspension 500mg per 5ml,Sucralfate,500mg,Suspension,Gastrointestinal (GIT),Gastrointestinal (GIT),252.66,72.19,200 ml,Jan Aushadhi / PMBJP,JA0367
"Liquid Paraffin , Milk of Magnesia  and Sodium Pic","Liquid Paraffin 1.25ml, Milk of Magnesia 3.75ml and Sodium Picosulphate 3.33mg Suspension per 5ml","Liquid Paraffin , Milk of Magnesia  and Sodium Picosulphate",1.25ml,Suspension,Gastrointestinal (GIT),Gastrointestinal (GIT),187.04,53.44,170 ml Bottle,Jan Aushadhi / PMBJP,JA0368
Chlordiazepoxide  and Clidinium Bromide,Chlordiazepoxide 5mg and Clidinium Bromide 2.5mg Tablets,Chlordiazepoxide  and Clidinium Bromide,5mg,Tablet,Gastrointestinal (GIT),Gastrointestinal (GIT),29.54,8.44,10's,Jan Aushadhi / PMBJP,JA0369
Sodium Picosulphate,Sodium Picosulphate Tablets 10 mg,Sodium Picosulphate,10 mg,Tablet,Gastrointestinal (GIT),Gastrointestinal (GIT),36.12,10.32,10's,Jan Aushadhi / PMBJP,JA0370
Sorbitol  and Tricholine Citrate  per,Sorbitol 7.15g and Tricholine Citrate 550mg per 10ml Solution,Sorbitol  and Tricholine Citrate  per,7.15g,Solution,Gastrointestinal (GIT),Gastrointestinal (GIT),131.25,37.5,200 ML,Jan Aushadhi / PMBJP,JA0371
Esomeprazole  (Enteric-coated) and Levosulpiride  ,Esomeprazole 40mg (Enteric-coated) and Levosulpiride 75mg (Sustained release) Capsules,Esomeprazole  (Enteric-coated) and Levosulpiride  (Sustained release),40mg,Capsule,Gastrointestinal (GIT),Gastrointestinal (GIT),216.58,61.88,10's,Jan Aushadhi / PMBJP,JA0372
Rifaximin,Rifaximin Tablets 400 mg,Rifaximin,400 mg,Tablet,Antibiotics,Bacterial infections,426.58,121.88,10's,Jan Aushadhi / PMBJP,JA0373
Rabeprazole  (Enteric Coated) and Levosulpiride  (,Rabeprazole 20mg (Enteric Coated) and Levosulpiride 75mg (Sustained Release) Capsules,Rabeprazole  (Enteric Coated) and Levosulpiride  (Sustained Release),20mg,Capsule,Gastrointestinal (GIT),Gastrointestinal (GIT),118.12,33.75,10's,Jan Aushadhi / PMBJP,JA0374
Loperamide,Loperamide Capsules IP 2 mg,Loperamide,2 mg,Capsule,Gastrointestinal (GIT),Gastrointestinal (GIT),25.27,7.22,10's,Jan Aushadhi / PMBJP,JA0375
Esomeprazole,Esomeprazole Tablets IP 40 mg,Esomeprazole,40 mg,Tablet,Gastrointestinal (GIT),Gastrointestinal (GIT),68.6,19.6,10's,Jan Aushadhi / PMBJP,JA0376
Promethazine,Promethazine Tablets IP 25 mg,Promethazine,25 mg,Tablet,Anti-Emetic,Anti-Emetic,23.0,6.57,10's,Jan Aushadhi / PMBJP,JA0377
Pancreatin  and Activated Dimethicone,Pancreatin 170mg and Activated Dimethicone 80mg Tablets,Pancreatin  and Activated Dimethicone,170mg,Tablet,Gastrointestinal (GIT),Gastrointestinal (GIT),180.5,51.57,10's,Jan Aushadhi / PMBJP,JA0378
Dicyclomine Hydrochloride  and Activated Dimethico,Dicyclomine Hydrochloride 10mg and Activated Dimethicone 40mg per 5 ml Suspension,Dicyclomine Hydrochloride  and Activated Dimethicone  per,10mg,Suspension,Gastrointestinal (GIT),Gastrointestinal (GIT),55.79,15.94,30 ML,Jan Aushadhi / PMBJP,JA0379
Lansoprazole,Lansoprazole Capsules IP 15 mg,Lansoprazole,15 mg,Capsule,Gastrointestinal (GIT),Gastrointestinal (GIT),65.62,18.75,10's,Jan Aushadhi / PMBJP,JA0380
Sulfasalazine Gastro-resistant,Sulfasalazine Gastro-resistant Tablets 1000mg,Sulfasalazine Gastro-resistant,1000mg,Tablet,Gastrointestinal (GIT),Gastrointestinal (GIT),252.66,72.19,10's,Jan Aushadhi / PMBJP,JA0381
Itopride,Itopride Tablets IP 50 mg,Itopride,50 mg,Tablet,Gastrointestinal (GIT),Gastrointestinal (GIT),118.12,33.75,10's,Jan Aushadhi / PMBJP,JA0382
Sulfasalazine Delayed Release,Sulfasalazine Delayed Release Tablets 500mg,Sulfasalazine Delayed Release,500mg,Tablet,Gastrointestinal (GIT),Gastrointestinal (GIT),85.33,24.38,10's,Jan Aushadhi / PMBJP,JA0383
Dydrogesterone,Dydrogesterone Tablets IP 10 mg,Dydrogesterone,10 mg,Tablet,Gynaecology,Women's health,1148.45,328.13,10's,Jan Aushadhi / PMBJP,JA0384
Combipack of Mifepristone,Combipack of Mifepristone Tablets IP 200mg  (1 Tablet) & Misoprostol Tablets IP 200mcg (4 Tablets),Combipack of Mifepristone,200mg,Tablet,Gynaecology,Women's health,242.83,69.38,1's,Jan Aushadhi / PMBJP,JA0385
Ferrous Ascorbate  and Folic Acid,Ferrous Ascorbate 100mg and Folic Acid 1.5mg Tablets,Ferrous Ascorbate  and Folic Acid,100mg,Tablet,Supplement/Vitamin/Mineral,Supplement,75.81,21.66,10's,Jan Aushadhi / PMBJP,JA0386
Norethisterone,Norethisterone Tablets IP 5 mg,Norethisterone,5 mg,Tablet,Gynaecology,Women's health,45.96,13.13,10's,Jan Aushadhi / PMBJP,JA0387
Levo-Thyroxine Sodium,Levo-Thyroxine Sodium Tablets IP 100 mcg,Levo-Thyroxine Sodium,100 mcg,Tablet,Anti-Thyroid,Anti-Thyroid,210.0,60.0,100's,Jan Aushadhi / PMBJP,JA0388
Betamethasone Sodium Phosphate,Betamethasone Sodium Phosphate Tablets IP 0.5 mg,Betamethasone Sodium Phosphate,0.5 mg,Tablet,Steroids & Hormones,Steroids & Hormones,26.25,7.5,20's,Jan Aushadhi / PMBJP,JA0389
Deflazacort,Deflazacort Tablets 6 mg,Deflazacort,6 mg,Tablet,Anti-Histaminic,Anti-Histaminic,46.94,13.41,6's,Jan Aushadhi / PMBJP,JA0390
Methylprednisolone Sodium Succinate,Methylprednisolone Sodium Succinate Injection 1000mg,Methylprednisolone Sodium Succinate,1000mg,Injection,Steroids & Hormones,Steroids & Hormones,1040.16,297.19,Vial & Wfi,Jan Aushadhi / PMBJP,JA0391
Nandrolone Decanoate,Nandrolone Decanoate Injection IP 25 mg per ml,Nandrolone Decanoate,25 mg,Injection,Steroids & Hormones,Steroids & Hormones,65.62,18.75,1 ML,Jan Aushadhi / PMBJP,JA0392
Carbimazole,Carbimazole Tablets IP 10 mg,Carbimazole,10 mg,Tablet,Anti-Thyroid,Anti-Thyroid,252.66,72.19,100's,Jan Aushadhi / PMBJP,JA0393
Carbimazole,Carbimazole Tablets IP 5 mg,Carbimazole,5 mg,Tablet,Anti-Thyroid,Anti-Thyroid,36.12,10.32,10's,Jan Aushadhi / PMBJP,JA0394
Levetiracetam,Levetiracetam Tablets IP 500 mg,Levetiracetam,500 mg,Tablet,Central Nervous System (CNS),Neurological conditions,223.79,63.94,10's,Jan Aushadhi / PMBJP,JA0395
Hydroxychloroquine,Hydroxychloroquine Tablets IP 200 mg,Hydroxychloroquine,200 mg,Tablet,Anti-Malarial,Anti-Malarial,118.12,33.75,10's,Jan Aushadhi / PMBJP,JA0396
Paracetamol  and Tramadol,Paracetamol 325mg and Tramadol 37.5mg Tablets,Paracetamol  and Tramadol,325mg,Tablet,Analgesic/Antipyretic/Anti-Inflammatory,"Pain, fever, inflammation",43.33,12.38,10's,Jan Aushadhi / PMBJP,JA0397
Paracetamol,Paracetamol Tablets IP 650 mg,Paracetamol,650 mg,Tablet,Analgesic/Antipyretic/Anti-Inflammatory,"Pain, fever, inflammation",49.25,14.07,15's,Jan Aushadhi / PMBJP,JA0398
"Aceclofenac , Paracetamol  and Serratiopeptidase","Aceclofenac 100mg, Paracetamol 325mg and Serratiopeptidase 15mg Tablets","Aceclofenac , Paracetamol  and Serratiopeptidase",100mg,Tablet,Analgesic/Antipyretic/Anti-Inflammatory,"Pain, fever, inflammation",62.37,17.82,10's,Jan Aushadhi / PMBJP,JA0399
Piroxicam,Piroxicam Capsules IP 20 mg,Piroxicam,20 mg,Capsule,Analgesic/Antipyretic/Anti-Inflammatory,"Pain, fever, inflammation",29.54,8.44,10's,Jan Aushadhi / PMBJP,JA0400
Chymotrypsin and Trypsin (1:6 ),Chymotrypsin and Trypsin (1:6 ) Tablets 100K AU,Chymotrypsin and Trypsin (1:6 ),—,Tablet,Enzyme Preparation,Enzyme Preparation,164.08,46.88,20's,Jan Aushadhi / PMBJP,JA0401
Mefenamic Acid,Mefenamic Acid Suspension 100mg per 5ml,Mefenamic Acid,100mg,Suspension,Analgesic/Antipyretic/Anti-Inflammatory,"Pain, fever, inflammation",59.08,16.88,60 ml,Jan Aushadhi / PMBJP,JA0402
Aceclofenac Sustained Release,Aceclofenac Sustained Release Tablets 200mg,Aceclofenac Sustained Release,200mg,Tablet,Analgesic/Antipyretic/Anti-Inflammatory,"Pain, fever, inflammation",65.62,18.75,10's,Jan Aushadhi / PMBJP,JA0403
Thiocolchicoside  and Aceclofenac,Thiocolchicoside 4mg and Aceclofenac 100mg Tablets,Thiocolchicoside  and Aceclofenac,4mg,Tablet,Analgesic/Antipyretic/Anti-Inflammatory,"Pain, fever, inflammation",164.08,46.88,10's,Jan Aushadhi / PMBJP,JA0404
Baclofen,Baclofen Tablets IP 10 mg,Baclofen,10 mg,Tablet,Analgesic/Antipyretic/Anti-Inflammatory,"Pain, fever, inflammation",38.5,11.0,10's,Jan Aushadhi / PMBJP,JA0405
Ketorolac Tromethamine,Ketorolac Tromethamine Tablets IP 10mg,Ketorolac Tromethamine,10mg,Tablet,Analgesic/Antipyretic/Anti-Inflammatory,"Pain, fever, inflammation",32.83,9.38,10's,Jan Aushadhi / PMBJP,JA0406
Tramadol Prolonged Release,Tramadol Prolonged Release Tablets IP 100 mg,Tramadol Prolonged Release,100 mg,Tablet,Analgesic/Antipyretic/Anti-Inflammatory,"Pain, fever, inflammation",114.87,32.82,10's,Jan Aushadhi / PMBJP,JA0407
Alfacalcidol Soft Gelatin,Alfacalcidol Soft Gelatin Capsules 0.25 mcg,Alfacalcidol Soft Gelatin,0.25 mcg,Capsule,Ortho,Ortho,72.2,20.63,10's,Jan Aushadhi / PMBJP,JA0408
Naproxen,Naproxen Tablets IP 500 mg,Naproxen,500 mg,Tablet,Analgesic/Antipyretic/Anti-Inflammatory,"Pain, fever, inflammation",157.5,45.0,15's,Jan Aushadhi / PMBJP,JA0409
"Diclofenac w/w, Linceed Oil w/w, Methyl Salicylate","Diclofenac 1.16%w/w, Linceed Oil 3%w/w, Methyl Salicylate 10%w/w and Menthol 5%w/w Gel","Diclofenac w/w, Linceed Oil w/w, Methyl Salicylate w/w and Menthol w/w",1.16%,Gel,Dermatology/Topical/External,Dermatology,78.75,22.5,30 GM,Jan Aushadhi / PMBJP,JA0410
"Paracetamol , Phenylephrine  and Chlorpheniramine","Paracetamol 325mg, Phenylephrine 10mg and Chlorpheniramine 2mg Tablets","Paracetamol , Phenylephrine  and Chlorpheniramine",325mg,Tablet,Analgesic/Antipyretic/Anti-Inflammatory,"Pain, fever, inflammation",72.2,20.63,10's,Jan Aushadhi / PMBJP,JA0411
Levosalbutamol  and Ipratropium  Respules,Levosalbutamol 1.25mg and Ipratropium 500mcg Respules,Levosalbutamol  and Ipratropium  Respules,1.25mg,Tablet,Respiratory,Respiratory conditions,29.54,8.44,3 ml,Jan Aushadhi / PMBJP,JA0412
Formoterol  and Budesonide  Rotacaps,Formoterol 6mcg and Budesonide 200mcg Rotacaps,Formoterol  and Budesonide  Rotacaps,6mcg,Tablet,Respiratory,Respiratory conditions,278.91,79.69,30's,Jan Aushadhi / PMBJP,JA0413
Salmeterol  and Fluticasone  Rotacaps,Salmeterol 50mcg and Fluticasone 250mcg Rotacaps,Salmeterol  and Fluticasone  Rotacaps,50mcg,Tablet,Respiratory,Respiratory conditions,393.75,112.5,30's,Jan Aushadhi / PMBJP,JA0414
"Ambroxol Hydrochloride , Guaifenesin  and Levosalb","Ambroxol Hydrochloride 15 mg, Guaifenesin 50 mg and Levosalbutamol Sulphate 1 mg Syrup","Ambroxol Hydrochloride , Guaifenesin  and Levosalbutamol Sulphate",15 mg,Syrup,Respiratory,Respiratory conditions,75.5,21.57,100 ml Bottle,Jan Aushadhi / PMBJP,JA0415
Acetylcysteine,Acetylcysteine Tablets 600 mg,Acetylcysteine,600 mg,Tablet,Respiratory,Respiratory conditions,105.0,30.0,10's,Jan Aushadhi / PMBJP,JA0416
Levosalbutamol  and Budesonide  Respules,Levosalbutamol 1.25mg and Budesonide 1mg Respules,Levosalbutamol  and Budesonide  Respules,1.25mg,Tablet,Respiratory,Respiratory conditions,90.27,25.79,2 ML,Jan Aushadhi / PMBJP,JA0417
Acebrophylline,Acebrophylline Capsules 100 mg,Acebrophylline,100 mg,Capsule,Respiratory,Respiratory conditions,72.2,20.63,10's,Jan Aushadhi / PMBJP,JA0418
Saline Nasal,Saline Nasal Drops (Sodium Chloride 0.65% w/v),Saline Nasal,0.65%,Drops,Respiratory,Respiratory conditions,39.38,11.25,20 ml,Jan Aushadhi / PMBJP,JA0419
Menthol ( ± 5.) Cinnamon ( ± 2) and Pine Oil ( ± 1,Menthol (55 mg ± 5.) Cinnamon (12.5 mg ± 2) and Pine Oil (112.5 mg ± 1) Soft Capsules,Menthol ( ± 5.) Cinnamon ( ± 2) and Pine Oil ( ± 1) Soft,55 mg,Capsule,Respiratory,Respiratory conditions,82.04,23.44,10's,Jan Aushadhi / PMBJP,JA0420
Fluticasone Propionate Respules  per,Fluticasone Propionate Respules 0.5mg per 2ml,Fluticasone Propionate Respules  per,0.5mg,Tablet,Respiratory,Respiratory conditions,55.79,15.94,2 ML,Jan Aushadhi / PMBJP,JA0421
Doxofylline,Doxofylline Tablets IP 400 mg,Doxofylline,400 mg,Tablet,Respiratory,Respiratory conditions,55.79,15.94,10's,Jan Aushadhi / PMBJP,JA0422
Montelukast Sodium   and Fexofenadine Hydrochlorid,Montelukast Sodium 10mg  and Fexofenadine Hydrochloride 120 mg Tablets,Montelukast Sodium   and Fexofenadine Hydrochloride,10mg,Tablet,Respiratory,Respiratory conditions,144.38,41.25,10's,Jan Aushadhi / PMBJP,JA0423
Azelastine Hydrochloride  and Fluticasone Propiona,Azelastine Hydrochloride 140mcg and Fluticasone Propionate 50mcg Nasal Spray,Azelastine Hydrochloride  and Fluticasone Propionate  Nasal,140mcg,Spray,Respiratory,Respiratory conditions,623.45,178.13,70 MD,Jan Aushadhi / PMBJP,JA0424
Fluticasone Propionate Nasal,Fluticasone Propionate Nasal Spray IP 50 mcg,Fluticasone Propionate Nasal,50 mcg,Spray,Respiratory,Respiratory conditions,262.5,75.0,100 MD,Jan Aushadhi / PMBJP,JA0425
Levosalbutamol,Levosalbutamol Syrup 1mg per 5ml,Levosalbutamol,1mg,Syrup,Respiratory,Respiratory conditions,43.33,12.38,100 ML,Jan Aushadhi / PMBJP,JA0426
Loratadine,Loratadine Tablets IP 10mg,Loratadine,10mg,Tablet,Anti-Histaminic,Anti-Histaminic,32.83,9.38,10's,Jan Aushadhi / PMBJP,JA0427
Oxymetazoline Hydrochloride Nasal,Oxymetazoline Hydrochloride Nasal Drops IP 0.5 mg per ml,Oxymetazoline Hydrochloride Nasal,0.5 mg,Drops,Respiratory,Respiratory conditions,50.54,14.44,10 ML,Jan Aushadhi / PMBJP,JA0428
Tiotropium Bromide  and Formoterol Fumarate Dihydr,Tiotropium Bromide 18mcg and Formoterol Fumarate Dihydrate 12mcg Rotacaps,Tiotropium Bromide  and Formoterol Fumarate Dihydrate  Rotacaps,18mcg,Tablet,Respiratory,Respiratory conditions,246.12,70.32,15's,Jan Aushadhi / PMBJP,JA0429
"Tiotropium Bromide , Formoterol Fumarate Dihydrate","Tiotropium Bromide 18mcg, Formoterol Fumarate Dihydrate 12mcg and Ciclesonide 400mcg Rotacaps","Tiotropium Bromide , Formoterol Fumarate Dihydrate  and Ciclesonide  Rotacaps",18mcg,Tablet,Respiratory,Respiratory conditions,492.2,140.63,15's,Jan Aushadhi / PMBJP,JA0430
Ipratropium Bromide Respirator,Ipratropium Bromide Respirator Solution 250mcg,Ipratropium Bromide Respirator,250mcg,Solution,Respiratory,Respiratory conditions,91.88,26.25,15 ML,Jan Aushadhi / PMBJP,JA0431
Salbutamol  and Ipratropium,Salbutamol 100mcg and Ipratropium 20mcg Inhaler,Salbutamol  and Ipratropium,100mcg,Inhaler,Respiratory,Respiratory conditions,360.95,103.13,200 MDI,Jan Aushadhi / PMBJP,JA0432
Salmeterol  and Fluticasone Propionate,Salmeterol 25mcg and Fluticasone Propionate 250mcg Inhaler IP,Salmeterol  and Fluticasone Propionate,25mcg,Inhaler,Respiratory,Respiratory conditions,820.33,234.38,100 MD,Jan Aushadhi / PMBJP,JA0433
Sildenafil,Sildenafil Tablets IP 50 mg,Sildenafil,50 mg,Tablet,Urology,Urinary conditions,32.52,9.29,4's,Jan Aushadhi / PMBJP,JA0434
Tadalafil,Tadalafil Tablets IP 20 mg,Tadalafil,20 mg,Tablet,Urology,Urinary conditions,54.15,15.47,4's,Jan Aushadhi / PMBJP,JA0435
Tamsulosin Hydrochloride (Modified Release)  and D,Tamsulosin Hydrochloride (Modified Release) 0.4mg and Dutasteride 0.5mg Tablets,Tamsulosin Hydrochloride (Modified Release)  and Dutasteride,0.4mg,Tablet,Urology,Urinary conditions,86.62,24.75,15's,Jan Aushadhi / PMBJP,JA0436
"Rabies Vaccine, Human","Rabies Vaccine, Human IP","Rabies Vaccine, Human",—,Tablet,Anti-Rabies,Anti-Rabies,1032.5,295.0,1 ml vial with diluent in Mono pack,Jan Aushadhi / PMBJP,JA0437
"Ginseng, Multivitamins and multiminerals","Ginseng, Multivitamins and multiminerals Capsules","Ginseng, Multivitamins and multiminerals",—,Capsule,Supplement/Vitamin/Mineral,Supplement,108.29,30.94,10's,Jan Aushadhi / PMBJP,JA0438
"Calcium Carbonate , Calcitriol  and Zinc","Calcium Carbonate 500mg, Calcitriol 0.25mcg and Zinc 7.5mg Capsules","Calcium Carbonate , Calcitriol  and Zinc",500mg,Capsule,Supplement/Vitamin/Mineral,Supplement,65.0,18.57,10's,Jan Aushadhi / PMBJP,JA0439
"Vitamins A,C,D,E,And B Complex and Minerals","Vitamins A,C,D,E,And B Complex and Minerals Syrup","Vitamins A,C,D,E,And B Complex and Minerals",—,Syrup,Supplement/Vitamin/Mineral,Supplement,154.25,44.07,200 ML,Jan Aushadhi / PMBJP,JA0440
Cyproheptadine,Cyproheptadine Tablets IP 4 mg,Cyproheptadine,4 mg,Tablet,Gastrointestinal (GIT),Gastrointestinal (GIT),13.12,3.75,10's,Jan Aushadhi / PMBJP,JA0441
Cholecalciferol Granules  per gm,Cholecalciferol Granules 60000 IU per gm,Cholecalciferol Granules  per gm,60000 IU,Tablet,Supplement/Vitamin/Mineral,Supplement,32.52,9.29,1 Sachet,Jan Aushadhi / PMBJP,JA0442
"Methylcobalamin , L- Carnitine L- Tartrate  and Fo","Methylcobalamin 1500mcg, L- Carnitine L- Tartrate 500mg and Folic Acid 1.5mg Tablets","Methylcobalamin , L- Carnitine L- Tartrate  and Folic Acid",1500mcg,Tablet,Supplement/Vitamin/Mineral,Supplement,360.95,103.13,10's,Jan Aushadhi / PMBJP,JA0443
Vitamin E Soft,Vitamin E Softgel Capsules 400 mg,Vitamin E Soft,400 mg,Capsule,Supplement/Vitamin/Mineral,Supplement,72.2,20.63,10's,Jan Aushadhi / PMBJP,JA0444
Calcium  and Calcitriol,Calcium 500mg and Calcitriol 0.25mcg Tablets,Calcium  and Calcitriol,500mg,Tablet,Supplement/Vitamin/Mineral,Supplement,59.08,16.88,15's,Jan Aushadhi / PMBJP,JA0445
Methylcobalamin,Methylcobalamin Injection 500 mcg,Methylcobalamin,500 mcg,Injection,Supplement/Vitamin/Mineral,Supplement,23.0,6.57,1 ML,Jan Aushadhi / PMBJP,JA0446
"L-Lysine + Multivitamins (Vit-B1,B2,B3,B5,B6 )","L-Lysine + Multivitamins (Vit-B1,B2,B3,B5,B6 ) Syrup","L-Lysine + Multivitamins (Vit-B1,B2,B3,B5,B6 )",—,Syrup,Supplement/Vitamin/Mineral,Supplement,170.62,48.75,200 ML,Jan Aushadhi / PMBJP,JA0447
"Folic Acid , Cyanocobalamine  and Nicotinamide","Folic Acid 15mg, Cyanocobalamine 500mcg and Nicotinamide 200mg Injection","Folic Acid , Cyanocobalamine  and Nicotinamide",15mg,Injection,Supplement/Vitamin/Mineral,Supplement,131.25,37.5,10 ML,Jan Aushadhi / PMBJP,JA0448
Dextrose Monohydrate,Dextrose Monohydrate IP Powder,Dextrose Monohydrate,—,Powder,Electrolytes,Electrolytes,75.5,21.57,75 gm,Jan Aushadhi / PMBJP,JA0449
"Thiamine , Pyridoxine Hydrochloride  and Cyanocoba","Thiamine 100mg, Pyridoxine Hydrochloride 100mg and Cyanocobalamin 1000mcg per 3 ml Injection","Thiamine , Pyridoxine Hydrochloride  and Cyanocobalamin  per",100mg,Injection,Supplement/Vitamin/Mineral,Supplement,26.25,7.5,3 ml,Jan Aushadhi / PMBJP,JA0450
Pyridoxine,Pyridoxine Tablets IP 50 mg,Pyridoxine,50 mg,Tablet,Supplement/Vitamin/Mineral,Supplement,29.54,8.44,10's,Jan Aushadhi / PMBJP,JA0451
Pregabalin  and Methylcobalamin,Pregabalin 75mg and Methylcobalamin 750mcg Tablets,Pregabalin  and Methylcobalamin,75mg,Tablet,Central Nervous System (CNS),Neurological conditions,124.71,35.63,10's,Jan Aushadhi / PMBJP,JA0452
Pregabalin,Pregabalin Tablets 75 mg,Pregabalin,75 mg,Tablet,Central Nervous System (CNS),Neurological conditions,79.42,22.69,10's,Jan Aushadhi / PMBJP,JA0453
Disulfiram,Disulfiram Tablets IP 500 mg,Disulfiram,500 mg,Tablet,Anti-Alcoholism,Anti-Alcoholism,23.0,6.57,4's,Jan Aushadhi / PMBJP,JA0454
"Cetirizine Dihydrochloride , Phenylephrine Hydroch","Cetirizine Dihydrochloride 5mg, Phenylephrine Hydrochloride 10mg and Paracetamol 325mg Tablets","Cetirizine Dihydrochloride , Phenylephrine Hydrochloride  and Paracetamol",5mg,Tablet,Analgesic/Antipyretic/Anti-Inflammatory,"Pain, fever, inflammation",61.39,17.54,10's,Jan Aushadhi / PMBJP,JA0455
Betamethasone Dipropionate 0.05% w/w and Salicylic,Betamethasone Dipropionate 0.05% w/w and Salicylic Acid 3% w/w Ointment,Betamethasone Dipropionate 0.05% w/w and Salicylic Acid 3% w/w,0.05%,Ointment,Dermatology/Topical/External,Dermatology,55.79,15.94,20 gm,Jan Aushadhi / PMBJP,JA0456
Silver Nitrate 0.20% w/w and Chlorhexidine Glucona,Silver Nitrate 0.20% w/w and Chlorhexidine Gluconate 0.20% w/w Cream,Silver Nitrate 0.20% w/w and Chlorhexidine Gluconate 0.20% w/w,0.20%,Cream,Burn Relief,Burn Relief,82.04,23.44,15 Gms Tube,Jan Aushadhi / PMBJP,JA0457
"Paracetamol , Phenylephrine Hydrochloride  and Cet","Paracetamol 125mg, Phenylephrine Hydrochloride 5mg and Cetirizine Dihydrochloride 2mg Suspension","Paracetamol , Phenylephrine Hydrochloride  and Cetirizine Dihydrochloride",125mg,Suspension,Respiratory,Respiratory conditions,49.25,14.07,60 ML,Jan Aushadhi / PMBJP,JA0458
Cyproheptadine Hydrochloride,Cyproheptadine Hydrochloride Syrup IP 2mg,Cyproheptadine Hydrochloride,2mg,Syrup,Gastrointestinal (GIT),Gastrointestinal (GIT),98.45,28.13,200 ml,Jan Aushadhi / PMBJP,JA0459
Povidone-Iodine,Povidone-Iodine Powder 5% W/W,Povidone-Iodine,5%,Powder,Antiseptic/Disinfectants,Antiseptic,62.37,17.82,10 gm Container,Jan Aushadhi / PMBJP,JA0460
"Diclofenac Potassium , Paracetamol  and Serratiope","Diclofenac Potassium 50mg, Paracetamol 325mg and Serratiopeptidase 10mg Tablets","Diclofenac Potassium , Paracetamol  and Serratiopeptidase",50mg,Tablet,Analgesic/Antipyretic/Anti-Inflammatory,"Pain, fever, inflammation",65.0,18.57,10's,Jan Aushadhi / PMBJP,JA0461
"Paradichlorobenzene w/v, Benzocaine w/v, Chlorbuto","Paradichlorobenzene 2%w/v, Benzocaine 2.7%w/v, Chlorbutol 5%w/v and Turpentine Oil 15%w/v Ear Drops","Paradichlorobenzene w/v, Benzocaine w/v, Chlorbutol w/v and Turpentine Oil w/v Ear",2%,Drops,Dermatology/Topical/External,Dermatology,42.66,12.19,10 ml,Jan Aushadhi / PMBJP,JA0462
Bromhexine Hydrochloride  and Phenylephrine Hydroc,Bromhexine Hydrochloride 8mg and Phenylephrine Hydrochloride 5mg Tablets,Bromhexine Hydrochloride  and Phenylephrine Hydrochloride,8mg,Tablet,Respiratory,Respiratory conditions,39.38,11.25,15's,Jan Aushadhi / PMBJP,JA0463
Ketoconazole Shampoo 2% W/V,Ketoconazole Shampoo 2% W/V,Ketoconazole Shampoo 2% W/V,2%,Tablet,Derma Care,Derma Care,203.46,58.13,100 ml Bottle,Jan Aushadhi / PMBJP,JA0464
Etophylline  and Theophylline  Prolonged Release,Etophylline 115mg and Theophylline 35mg Prolonged Release Tablets IP,Etophylline  and Theophylline  Prolonged Release,115mg,Tablet,Respiratory,Respiratory conditions,26.25,7.5,10's,Jan Aushadhi / PMBJP,JA0465
Etophylline  and Theophylline  Prolonged Release,Etophylline 231mg and Theophylline 69mg Prolonged Release Tablets IP,Etophylline  and Theophylline  Prolonged Release,231mg,Tablet,Respiratory,Respiratory conditions,46.94,13.41,10's,Jan Aushadhi / PMBJP,JA0466
Inhalent Soft,"Inhalent Softgel Capsules (Camphor 25mg, Chlorothymol 5mg, Eucalyptol 130mg, Menthol 55mg, Turpineol 110mg)",Inhalent Soft,25mg,Capsule,Respiratory,Respiratory conditions,91.88,26.25,10's,Jan Aushadhi / PMBJP,JA0467
Liquid Paraffin  and Milk of Magnesia  per,Liquid Paraffin 3.75ml and Milk of Magnesia 11.25ml per 15ml Suspension,Liquid Paraffin  and Milk of Magnesia  per,3.75ml,Suspension,Gastrointestinal (GIT),Gastrointestinal (GIT),121.41,34.69,170 ml Bottle,Jan Aushadhi / PMBJP,JA0468
Etamsylate,Etamsylate Tablets 500 mg,Etamsylate,500 mg,Tablet,Coagulants,Coagulants,42.66,12.19,10's,Jan Aushadhi / PMBJP,JA0469
Etamsylate,Etamsylate Tablets 250 mg,Etamsylate,250 mg,Tablet,Coagulants,Coagulants,29.54,8.44,10's,Jan Aushadhi / PMBJP,JA0470
Adapalene w/w and Clindamycin Phosphate w/w,Adapalene 0.1%w/w and Clindamycin Phosphate 1%w/w Gel,Adapalene w/w and Clindamycin Phosphate w/w,0.1%,Gel,Dermatology/Topical/External,Dermatology,105.0,30.0,15 gm tubes,Jan Aushadhi / PMBJP,JA0471
"Clobetasol Propionate w/w, Neomycin w/w, Miconazol","Clobetasol Propionate 0.05%w/w, Neomycin 0.50%w/w, Miconazole 2%w/w and Chlorocresol 0.10%w/w Cream","Clobetasol Propionate w/w, Neomycin w/w, Miconazole w/w and Chlorocresol w/w",0.05%,Cream,Dermatology/Topical/External,Dermatology,93.87,26.82,20 gms.,Jan Aushadhi / PMBJP,JA0472
"Terbutaline Sulphate , Bromhexine , Guaiphenesin  ","Terbutaline Sulphate 1.25mg, Bromhexine 4mg, Guaiphenesin 50mg and Menthol 2.5mg Syrup per 5ml","Terbutaline Sulphate , Bromhexine , Guaiphenesin  and Menthol",1.25mg,Syrup,Respiratory,Respiratory conditions,79.42,22.69,100 ML,Jan Aushadhi / PMBJP,JA0474
Nimesulide,Nimesulide Gel 1% W/W,Nimesulide,1%,Gel,Dermatology/Topical/External,Dermatology,52.5,15.0,20 gm Tube,Jan Aushadhi / PMBJP,JA0475
"Paracetamol , Chlorpheniramine  and Sodium Citrate","Paracetamol 125mg, Chlorpheniramine 1mg and Sodium Citrate 60mg Syrup in Flavour base","Paracetamol , Chlorpheniramine  and Sodium Citrate",125mg,Syrup,Respiratory,Respiratory conditions,59.08,16.88,60 ml Bottle,Jan Aushadhi / PMBJP,JA0476
Phenylephrine Hydrochloride  and Chlorpheniramine ,Phenylephrine Hydrochloride 5mg and Chlorpheniramine Maleate 2mg Drops,Phenylephrine Hydrochloride  and Chlorpheniramine Maleate,5mg,Drops,Respiratory,Respiratory conditions,65.62,18.75,15 ml Bottle,Jan Aushadhi / PMBJP,JA0477
"Nimesulid , Paracetamol  and Chlorzoxazone","Nimesulid 100mg, Paracetamol 325mg and Chlorzoxazone 375mg Tablets","Nimesulid , Paracetamol  and Chlorzoxazone",100mg,Tablet,Analgesic/Antipyretic/Anti-Inflammatory,"Pain, fever, inflammation",65.62,18.75,10's,Jan Aushadhi / PMBJP,JA0478
"Diclofenac Dithylamine w/w, Linseed Oil w/w, Methy","Diclofenac Dithylamine 1.16%w/w, Linseed Oil 3%w/w, Methyl Salicylate 10%w/w and Menthol 5%w/w Spray","Diclofenac Dithylamine w/w, Linseed Oil w/w, Methyl Salicylate w/w and Menthol w/w",1.16%,Spray,Dermatology/Topical/External,Dermatology,180.5,51.57,35 gm,Jan Aushadhi / PMBJP,JA0479
Dicyclomine Hydrochloride  and Simethicone  Oral,Dicyclomine Hydrochloride 10mg and Simethicone 40mg Oral Drops,Dicyclomine Hydrochloride  and Simethicone  Oral,10mg,Drops,Gastrointestinal (GIT),Gastrointestinal (GIT),36.12,10.32,10 ml Bottle,Jan Aushadhi / PMBJP,JA0480
Mefenamic Acid  and Paracetamol,Mefenamic Acid 500mg and Paracetamol 325mg Tablets,Mefenamic Acid  and Paracetamol,500mg,Tablet,Analgesic/Antipyretic/Anti-Inflammatory,"Pain, fever, inflammation",55.79,15.94,10's,Jan Aushadhi / PMBJP,JA0481
Pepsin  and Fungal Diastase Enyme,Pepsin 7.5mg and Fungal Diastase Enyme 12.5mg Syrup per 5ml (Mix Fruit Flavour),Pepsin  and Fungal Diastase Enyme,7.5mg,Syrup,Enzyme Preparation,Enzyme Preparation,157.5,45.0,200 ml,Jan Aushadhi / PMBJP,JA0482
Diastase and Pepsin Enzyme,Diastase and Pepsin Enzyme Drops,Diastase and Pepsin Enzyme,—,Drops,Enzyme Preparation,Enzyme Preparation,59.08,16.88,15 ml,Jan Aushadhi / PMBJP,JA0483
Chlorhexidine Gluconate v/v and Cetrimide w/v Anti,Chlorhexidine Gluconate 0.3%v/v and Cetrimide 0.6%w/v Antiseptic Liquid,Chlorhexidine Gluconate v/v and Cetrimide w/v Antiseptic Liquid,0.3%,Tablet,Antiseptic/Disinfectants,Antiseptic,39.38,11.25,100 ML,Jan Aushadhi / PMBJP,JA0484
Gama Benzene Hexachloride w/v and Cetrimide w/v,Gama Benzene Hexachloride 1%w/v and Cetrimide 0.1%w/v lotion,Gama Benzene Hexachloride w/v and Cetrimide w/v,1%,Lotion,Dermatology/Topical/External,Dermatology,180.5,51.57,100 ml,Jan Aushadhi / PMBJP,JA0485
Mouth Ulcer,"Mouth Ulcer Gel (Choline Salicylate Sodium 9% W/V, Benzalkonium Chloride 0.01% W/W)",Mouth Ulcer,9%,Gel,Stomatologicals,Stomatologicals,49.25,14.07,10 gm,Jan Aushadhi / PMBJP,JA0486
Vitamin B Complex and Ascorbic Acid,Vitamin B Complex and Ascorbic Acid Capsules,Vitamin B Complex and Ascorbic Acid,—,Capsule,Supplement/Vitamin/Mineral,Supplement,55.79,15.94,10's,Jan Aushadhi / PMBJP,JA0487
Pheniramine Maleate,Pheniramine Maleate Injection IP 22.75 mg,Pheniramine Maleate,22.75 mg,Injection,Anti-Histaminic,Anti-Histaminic,13.12,3.75,2 ML,Jan Aushadhi / PMBJP,JA0488
Multivitamin,Multivitamin Drops,Multivitamin,—,Drops,Supplement/Vitamin/Mineral,Supplement,59.08,16.88,15 ml,Jan Aushadhi / PMBJP,JA0489
Cefuroxime Axetil Oral,Cefuroxime Axetil Oral Suspension 125mg per 5ml,Cefuroxime Axetil Oral,125mg,Suspension,Antibiotics,Bacterial infections,216.58,61.88,30 ML,Jan Aushadhi / PMBJP,JA0490
"Glucosamine  , Diacerein  and Methylsulfonylmethan","Glucosamine 750mg , Diacerein 50mg and Methylsulfonylmethane 250mg Tablets","Glucosamine  , Diacerein  and Methylsulfonylmethane",750mg,Tablet,Ortho,Ortho,162.44,46.41,10's,Jan Aushadhi / PMBJP,JA0491
Glucosamine  and Diacerein,Glucosamine 500mg and Diacerein 50mg Tablets,Glucosamine  and Diacerein,500mg,Tablet,Ortho,Ortho,180.5,51.57,10's,Jan Aushadhi / PMBJP,JA0492
Mometasone Furoate,Mometasone Furoate Cream IP 0.1%w/w,Mometasone Furoate,0.1%,Cream,Dermatology/Topical/External,Dermatology,59.08,16.88,15 gm,Jan Aushadhi / PMBJP,JA0493
Biotin,Biotin Tablets 10mg,Biotin,10mg,Tablet,Supplement/Vitamin/Mineral,Supplement,111.58,31.88,10's,Jan Aushadhi / PMBJP,JA0494
Triamcinolone Acetonide Mouth Ulcer,Triamcinolone Acetonide Mouth Ulcer Gel 0.1% w/w,Triamcinolone Acetonide Mouth Ulcer,0.1%,Gel,Stomatologicals,Stomatologicals,160.79,45.94,10 gm,Jan Aushadhi / PMBJP,JA0495
Flupentixol,Flupentixol Tablets 0.5 mg,Flupentixol,0.5 mg,Tablet,Central Nervous System (CNS),Neurological conditions,36.12,10.32,10's,Jan Aushadhi / PMBJP,JA0496
Nalidixic Acid,Nalidixic Acid Tablets IP 500 mg,Nalidixic Acid,500 mg,Tablet,Urology,Urinary conditions,55.79,15.94,10's,Jan Aushadhi / PMBJP,JA0497
Finasteride,Finasteride Tablets IP 5mg,Finasteride,5mg,Tablet,Urology,Urinary conditions,144.38,41.25,10's,Jan Aushadhi / PMBJP,JA0498
Rabeprazole  and Domperidone,Rabeprazole 20mg and Domperidone 10mg Capsules,Rabeprazole  and Domperidone,20mg,Capsule,Gastrointestinal (GIT),Gastrointestinal (GIT),72.2,20.63,10's,Jan Aushadhi / PMBJP,JA0499
Rabeprazole Sodium (Gastro-resistant)  and Itoprid,Rabeprazole Sodium (Gastro-resistant) 20mg and Itopride Hydrochloride Prolonged release 150mg Capsules IP,Rabeprazole Sodium (Gastro-resistant)  and Itopride Hydrochloride Prolonged release,20mg,Capsule,Gastrointestinal (GIT),Gastrointestinal (GIT),131.25,37.5,10's,Jan Aushadhi / PMBJP,JA0500
Pantoprazole Sodium  (Enteric Coated) and Itopride,Pantoprazole Sodium 40 mg (Enteric Coated) and Itopride Hydrochloride 150 mg (Sustained Release) Capsules,Pantoprazole Sodium  (Enteric Coated) and Itopride Hydrochloride  (Sustained Release),40 mg,Capsule,Gastrointestinal (GIT),Gastrointestinal (GIT),164.08,46.88,10's,Jan Aushadhi / PMBJP,JA0501
Magaldrate  and Simethicone  Oral,Magaldrate 400mg and Simethicone 20mg Oral Suspension IP per 5ml,Magaldrate  and Simethicone  Oral,400mg,Suspension,Gastrointestinal (GIT),Gastrointestinal (GIT),137.83,39.38,170 ml,Jan Aushadhi / PMBJP,JA0502
Clotrimazole Vaginal,Clotrimazole Vaginal Tablets IP 100mg,Clotrimazole Vaginal,100mg,Tablet,Antibiotics,Bacterial infections,49.25,14.07,10's,Jan Aushadhi / PMBJP,JA0504
Timolol Maleate Eye,Timolol Maleate Eye Drops IP 0.5 %,Timolol Maleate Eye,0.5 %,Drops,Opthalmic/Otic,Opthalmic,68.92,19.69,5 ml Vial,Jan Aushadhi / PMBJP,JA0505
Ofloxacin Eye,Ofloxacin Eye Drops IP 0.3% w/v,Ofloxacin Eye,0.3%,Drops,Opthalmic/Otic,Opthalmic,36.12,10.32,10 ml,Jan Aushadhi / PMBJP,JA0506
Olopatadine Hydrochloride Ophthalmic,Olopatadine Hydrochloride Ophthalmic Solution IP 0.1% w/v,Olopatadine Hydrochloride Ophthalmic,0.1%,Solution,Opthalmic/Otic,Opthalmic,147.66,42.19,10 ml Vial,Jan Aushadhi / PMBJP,JA0507
Tropicamide Eye,Tropicamide Eye Drops IP 1% W/V,Tropicamide Eye,1%,Drops,Opthalmic/Otic,Opthalmic,98.45,28.13,5 ml Vial,Jan Aushadhi / PMBJP,JA0508
"Polymyxin B Sulphate , Chloramphenicol  and Dexame","Polymyxin B Sulphate 5000IU, Chloramphenicol 4mg and Dexamethasone 1mg Eye/Ear Drops","Polymyxin B Sulphate , Chloramphenicol  and Dexamethasone  Eye/Ear",5000IU,Drops,Opthalmic/Otic,Opthalmic,137.83,39.38,5 ml,Jan Aushadhi / PMBJP,JA0509
Sulphacetamide Eye,Sulphacetamide Eye Drop IP 10 % w/v,Sulphacetamide Eye,10 %,Tablet,Opthalmic/Otic,Opthalmic,39.38,11.25,10 ml,Jan Aushadhi / PMBJP,JA0510
Acyclovir Eye,Acyclovir Eye Ointment IP 3% W/W,Acyclovir Eye,3%,Ointment,Opthalmic/Otic,Opthalmic,82.04,23.44,5 gm,Jan Aushadhi / PMBJP,JA0511
Cephalexin Dry,Cephalexin Dry Syrup 125mg per 5ml,Cephalexin Dry,125mg,Syrup,Antibiotics,Bacterial infections,62.37,17.82,30 ml,Jan Aushadhi / PMBJP,JA0513
Levofloxacin,Levofloxacin Infusion IP 500 mg per 100 ml,Levofloxacin,500 mg,Infusion,Antibiotics,Bacterial infections,118.12,33.75,100 ML,Jan Aushadhi / PMBJP,JA0514
Piroxicam Dispersible,Piroxicam Dispersible Tablets 10 mg,Piroxicam Dispersible,10 mg,Tablet,Analgesic/Antipyretic/Anti-Inflammatory,"Pain, fever, inflammation",32.83,9.38,10's,Jan Aushadhi / PMBJP,JA0515
Piroxicam Dispersible,Piroxicam Dispersible Tablets 20 mg,Piroxicam Dispersible,20 mg,Tablet,Analgesic/Antipyretic/Anti-Inflammatory,"Pain, fever, inflammation",68.92,19.69,10's,Jan Aushadhi / PMBJP,JA0516
Piroxicam with bezyl alcohol,Piroxicam with bezyl alcohol Injection 20 mg,Piroxicam with bezyl alcohol,20 mg,Injection,Analgesic/Antipyretic/Anti-Inflammatory,"Pain, fever, inflammation",19.7,5.63,1 ml,Jan Aushadhi / PMBJP,JA0517
Piroxicam with bezyl alcohol,Piroxicam with bezyl alcohol Injection 40 mg,Piroxicam with bezyl alcohol,40 mg,Injection,Analgesic/Antipyretic/Anti-Inflammatory,"Pain, fever, inflammation",39.38,11.25,2 ml,Jan Aushadhi / PMBJP,JA0518
Paracetamol Oral,Paracetamol Oral Suspension IP 250mg per 5ml,Paracetamol Oral,250mg,Suspension,Analgesic/Antipyretic/Anti-Inflammatory,"Pain, fever, inflammation",68.92,19.69,60 ml,Jan Aushadhi / PMBJP,JA0519
Glibenclamide  and Metformin Hydrochloride,Glibenclamide 5mg and Metformin Hydrochloride 500mg Tablets IP,Glibenclamide  and Metformin Hydrochloride,5mg,Tablet,Anti-Diabetic,Anti-Diabetic,39.38,11.25,10's,Jan Aushadhi / PMBJP,JA0520
Glycerin,Glycerin IP 98%W/W,Glycerin,98%,Tablet,Dermatology/Topical/External,Dermatology,72.2,20.63,50 GM,Jan Aushadhi / PMBJP,JA0521
Etodolac,Etodolac Tablets IP 300mg,Etodolac,300mg,Tablet,Analgesic/Antipyretic/Anti-Inflammatory,"Pain, fever, inflammation",122.75,35.07,10's,Jan Aushadhi / PMBJP,JA0522
Escitalopram Oxelate  and Clonazepam,Escitalopram Oxelate 10mg and Clonazepam 0.5mg Tablets IP,Escitalopram Oxelate  and Clonazepam,10mg,Tablet,Central Nervous System (CNS),Neurological conditions,49.25,14.07,10's,Jan Aushadhi / PMBJP,JA0523
Ringer Lactate,Ringer Lactate Infusion,Ringer Lactate,—,Infusion,Electrolytes,Electrolytes,78.75,22.5,500 ml in FFS Bottle,Jan Aushadhi / PMBJP,JA0524
Water for,Water for Injection amp polypack 5 ml,Water for,5 ml,Injection,Irrigation Fluid,Irrigation Fluid,4.93,1.41,5 ml,Jan Aushadhi / PMBJP,JA0525
Water for,Water for Injection amp polypack 10ml,Water for,10ml,Injection,Irrigation Fluid,Irrigation Fluid,6.58,1.88,10 ml,Jan Aushadhi / PMBJP,JA0526
Dextrose Intravenouse,Dextrose Intravenouse Infusion IP 5% w/v,Dextrose Intravenouse,5%,Infusion,Electrolytes,Electrolytes,65.62,18.75,500 ml,Jan Aushadhi / PMBJP,JA0527
Dextrose,Dextrose Injection IP 10% w/v,Dextrose,10%,Injection,Electrolytes,Electrolytes,54.15,15.47,500 ml,Jan Aushadhi / PMBJP,JA0528
Dextrose w/v and Sodium Chloride w/v,Dextrose 5%w/v and Sodium Chloride 0.9%w/v Injection IP,Dextrose w/v and Sodium Chloride w/v,5%,Injection,Electrolytes,Electrolytes,65.62,18.75,500 ml,Jan Aushadhi / PMBJP,JA0529
Sodium Chloride,Sodium Chloride Injection IP 0.9%W/V,Sodium Chloride,0.9%,Injection,Electrolytes,Electrolytes,49.25,14.07,100 ml IV Fluid Plastic Container,Jan Aushadhi / PMBJP,JA0530
Progesterone Sustained Release,Progesterone Sustained Release Tablets 200 mg,Progesterone Sustained Release,200 mg,Tablet,Gynaecology,Women's health,534.87,152.82,10's,Jan Aushadhi / PMBJP,JA0531
Dehydroepiandrosterone (Micronized),Dehydroepiandrosterone (Micronized) 25 mg Capsule,Dehydroepiandrosterone (Micronized),25 mg,Capsule,Gynaecology,Women's health,229.7,65.63,10's,Jan Aushadhi / PMBJP,JA0532
Megestrol Acetate,Megestrol Acetate Tablets IP 40mg,Megestrol Acetate,40mg,Tablet,Oncology,Oncology,459.38,131.25,10's,Jan Aushadhi / PMBJP,JA0533
Cefuroxime Axetil,Cefuroxime Axetil Tablets IP 125mg,Cefuroxime Axetil,125mg,Tablet,Antibiotics,Bacterial infections,114.87,32.82,6's,Jan Aushadhi / PMBJP,JA0534
Clarithromycin,Clarithromycin Tablets IP 250 mg,Clarithromycin,250 mg,Tablet,Antibiotics,Bacterial infections,269.08,76.88,10's,Jan Aushadhi / PMBJP,JA0535
Valganciclovir Hydrochloride,Valganciclovir Hydrochloride Tablets USP 450 mg,Valganciclovir Hydrochloride,450 mg,Tablet,Anti-viral,Anti-viral,6090.0,1740.0,10's,Jan Aushadhi / PMBJP,JA0537
Glimepiride,Glimepiride Tablets IP 3mg,Glimepiride,3mg,Tablet,Anti-Diabetic,Anti-Diabetic,21.67,6.19,10's,Jan Aushadhi / PMBJP,JA0538
Glimepiride,Glimepiride Tablets IP 4mg,Glimepiride,4mg,Tablet,Anti-Diabetic,Anti-Diabetic,26.25,7.5,10's,Jan Aushadhi / PMBJP,JA0539
Clotrimazole,Clotrimazole Powder 1%,Clotrimazole,1%,Powder,Dermatology/Topical/External,Dermatology,198.52,56.72,100 gm Powder,Jan Aushadhi / PMBJP,JA0540
Clotrimazole w/v and Beclometasone Dipropionate w/,Clotrimazole 1%w/v and Beclometasone Dipropionate 0.025%w/v Lotion,Clotrimazole w/v and Beclometasone Dipropionate w/v,1%,Lotion,Dermatology/Topical/External,Dermatology,91.88,26.25,15 ml,Jan Aushadhi / PMBJP,JA0541
Clotrimazole w/w and Beclomethasone Dipropionate w,Clotrimazole 1%w/w and Beclomethasone Dipropionate 0.025%w/w Cream,Clotrimazole w/w and Beclomethasone Dipropionate w/w,1%,Cream,Dermatology/Topical/External,Dermatology,43.33,12.38,15 gm,Jan Aushadhi / PMBJP,JA0542
Cefuroxime,Cefuroxime Injection IP 1500mg,Cefuroxime,1500mg,Injection,Antibiotics,Bacterial infections,229.7,65.63,Vial & Wfi,Jan Aushadhi / PMBJP,JA0543
Rosuvastatin,Rosuvastatin Tablets IP 10mg,Rosuvastatin,10mg,Tablet,Cardiovascular System (CVS),Cardiovascular System (CVS),61.39,17.54,15's,Jan Aushadhi / PMBJP,JA0544
Nortriptyline,Nortriptyline Tablets IP 25mg,Nortriptyline,25mg,Tablet,Central Nervous System (CNS),Neurological conditions,52.5,15.0,10's,Jan Aushadhi / PMBJP,JA0545
Etizolam,Etizolam Tablets IP 0.5mg,Etizolam,0.5mg,Tablet,Central Nervous System (CNS),Neurological conditions,32.52,9.29,10's,Jan Aushadhi / PMBJP,JA0546
L-Methylfolate calcium,L-Methylfolate calcium 7.5mg Tablet,L-Methylfolate calcium,7.5mg,Tablet,Supplement/Vitamin/Mineral,Supplement,193.62,55.32,10's,Jan Aushadhi / PMBJP,JA0547
Metformin Hydrochloride  (Prolonged Release) and G,Metformin Hydrochloride 1000mg (Prolonged Release) and Glimepiride 2mg Tablets IP,Metformin Hydrochloride  (Prolonged Release) and Glimepiride,1000mg,Tablet,Anti-Diabetic,Anti-Diabetic,119.14,34.04,10's,Jan Aushadhi / PMBJP,JA0548
Acetazolamide,Acetazolamide Tablets IP 250mg,Acetazolamide,250mg,Tablet,Altitude Sickness,Altitude Sickness,63.0,18.0,10's,Jan Aushadhi / PMBJP,JA0549
Acetylsalicylic Acid (Aspirin) Gastro-resistant,Acetylsalicylic Acid (Aspirin) Gastro-resistant Tablets IP 325mg,Acetylsalicylic Acid (Aspirin) Gastro-resistant,325mg,Tablet,Cardiovascular System (CVS),Cardiovascular System (CVS),26.25,7.5,14's,Jan Aushadhi / PMBJP,JA0550
Adenosine,Adenosine Injection IP 3mg per ml,Adenosine,3mg,Injection,Cardiovascular System (CVS),Cardiovascular System (CVS),82.04,23.44,2 ml,Jan Aushadhi / PMBJP,JA0551
"Alpha Lipolic Acid , Vitamin D3 , Folic Acid , Pyr","Alpha Lipolic Acid 100mg, Vitamin D3 1000IU, Folic Acid 1.5mg, Pyridoxine 3mg and Methylcobalamin1500mcg Tablets","Alpha Lipolic Acid , Vitamin D3 , Folic Acid , Pyridoxine  and Methylcobalamin1500mcg",100mg,Tablet,Supplement/Vitamin/Mineral,Supplement,157.5,45.0,10's,Jan Aushadhi / PMBJP,JA0552
Alprazolam  and Fluoxetine,Alprazolam 0.25mg and Fluoxetine 20mg Tablets,Alprazolam  and Fluoxetine,0.25mg,Tablet,Central Nervous System (CNS),Neurological conditions,45.96,13.13,10's,Jan Aushadhi / PMBJP,JA0553
Amisulpride,Amisulpride Tablets IP 50mg,Amisulpride,50mg,Tablet,Central Nervous System (CNS),Neurological conditions,101.75,29.07,10's,Jan Aushadhi / PMBJP,JA0554
Amitriptyline Hydrochloride,Amitriptyline Hydrochloride Tablets IP 25mg,Amitriptyline Hydrochloride,25mg,Tablet,Central Nervous System (CNS),Neurological conditions,28.88,8.25,15's,Jan Aushadhi / PMBJP,JA0555
Amitriptyline Hydrochloride,Amitriptyline Hydrochloride Tablets IP 10mg,Amitriptyline Hydrochloride,10mg,Tablet,Central Nervous System (CNS),Neurological conditions,21.67,6.19,10's,Jan Aushadhi / PMBJP,JA0556
Anastrozole,Anastrozole Tablets IP 1mg,Anastrozole,1mg,Tablet,Oncology,Oncology,255.95,73.13,10's,Jan Aushadhi / PMBJP,JA0557
Aspirin Enteric Coated,Aspirin Enteric Coated Tablets IP 75mg,Aspirin Enteric Coated,75mg,Tablet,Cardiovascular System (CVS),Cardiovascular System (CVS),9.87,2.82,14's,Jan Aushadhi / PMBJP,JA0558
Atenolol  and Amlodipine,Atenolol 25mg and Amlodipine 5mg Tablets IP,Atenolol  and Amlodipine,25mg,Tablet,Cardiovascular System (CVS),Cardiovascular System (CVS),52.5,15.0,14's,Jan Aushadhi / PMBJP,JA0559
Atenolol,Atenolol Tablets IP 25mg,Atenolol,25mg,Tablet,Cardiovascular System (CVS),Cardiovascular System (CVS),19.7,5.63,14's,Jan Aushadhi / PMBJP,JA0560
Aspirin Gastro-resistant  and Atorvastatin,Aspirin Gastro-resistant 75mg and Atorvastatin 10mg Capsules IP,Aspirin Gastro-resistant  and Atorvastatin,75mg,Capsule,Cardiovascular System (CVS),Cardiovascular System (CVS),52.5,15.0,10's,Jan Aushadhi / PMBJP,JA0561
Atracurium Besylate,Atracurium Besylate Injection I.P 25mg per 2.5ml,Atracurium Besylate,25mg,Injection,Anaesthetics,Anaesthetics,77.14,22.04,2.5 ML,Jan Aushadhi / PMBJP,JA0562
"Bacitracin , Neomycin , Sulphacetamide  Dusting","Bacitracin 250 IU, Neomycin 5mg, Sulphacetamide 60mg Dusting Powder","Bacitracin , Neomycin , Sulphacetamide  Dusting",250 IU,Powder,Dermatology/Topical/External,Dermatology,82.04,23.44,10 gm Powder,Jan Aushadhi / PMBJP,JA0563
Betamethasone,Betamethasone Injection IP 4 mg per ml,Betamethasone,4 mg,Injection,Steroids & Hormones,Steroids & Hormones,9.87,2.82,1 ml,Jan Aushadhi / PMBJP,JA0564
Bicalutamide,Bicalutamide Tablets IP 50mg,Bicalutamide,50mg,Tablet,Oncology,Oncology,449.54,128.44,10's,Jan Aushadhi / PMBJP,JA0565
Biphasic Isophane Insulin,Biphasic Isophane Insulin Injection IP 100 IU/ml (30:70 ) (30% Soluble Insulin and 70% Isophane Insu,Biphasic Isophane Insulin,100 IU,Injection,Anti-Diabetic,Anti-Diabetic,577.5,165.0,3 ml Catridge,Jan Aushadhi / PMBJP,JA0566
Bortezomib,Bortezomib Injection IP 3.5 mg,Bortezomib,3.5 mg,Injection,Oncology,Oncology,3248.45,928.13,Vial,Jan Aushadhi / PMBJP,JA0567
Bromfenac Sodium Eye,Bromfenac Sodium Eye Drop 0.09%w/v,Bromfenac Sodium Eye,0.09%,Tablet,Opthalmic/Otic,Opthalmic,216.58,61.88,5 ml,Jan Aushadhi / PMBJP,JA0568
Bromocriptine Mesylate,Bromocriptine Mesylate Tablets IP 2.5mg,Bromocriptine Mesylate,2.5mg,Tablet,Central Nervous System (CNS),Neurological conditions,288.75,82.5,10's,Jan Aushadhi / PMBJP,JA0569
Cabergoline,Cabergoline Tablets IP 0.5mg,Cabergoline,0.5mg,Tablet,Gynaecology,Women's health,557.83,159.38,4's,Jan Aushadhi / PMBJP,JA0570
Calcitriol,Calcitriol Capsules IP 0.25mcg,Calcitriol,0.25mcg,Capsule,Supplement/Vitamin/Mineral,Supplement,97.48,27.85,10's,Jan Aushadhi / PMBJP,JA0571
Calcium Acetate,Calcium Acetate Tablets 667mg,Calcium Acetate,667mg,Tablet,Supplement/Vitamin/Mineral,Supplement,91.88,26.25,10's,Jan Aushadhi / PMBJP,JA0572
"Calcium Carbonate , Vitamin D3 , Magnesium Oxide ,","Calcium Carbonate 1250mg, Vitamin D3 250IU, Magnesium Oxide 40mg, Manganese Sulphate 1.8mg and Zinc 7.5mg Tablets","Calcium Carbonate , Vitamin D3 , Magnesium Oxide , Manganese Sulphate  and Zinc",1250mg,Tablet,Supplement/Vitamin/Mineral,Supplement,46.94,13.41,10's,Jan Aushadhi / PMBJP,JA0573
Calcium Gluconate,Calcium Gluconate Injection IP 10 % w/v,Calcium Gluconate,10 %,Injection,Supplement/Vitamin/Mineral,Supplement,16.42,4.69,10 ml,Jan Aushadhi / PMBJP,JA0574
Carvedilol,Carvedilol Tablets IP 6.25mg,Carvedilol,6.25mg,Tablet,Cardiovascular System (CVS),Cardiovascular System (CVS),25.27,7.22,10's,Jan Aushadhi / PMBJP,JA0575
Chloramphenicol Eye,Chloramphenicol Eye Ointment IP 1%w/w,Chloramphenicol Eye,1%,Ointment,Opthalmic/Otic,Opthalmic,55.79,15.94,5 gm,Jan Aushadhi / PMBJP,JA0576
Chlordiazepoxide  and Trifluoperazine,Chlordiazepoxide 10mg and Trifluoperazine 1mg Tablets,Chlordiazepoxide  and Trifluoperazine,10mg,Tablet,Central Nervous System (CNS),Neurological conditions,49.25,14.07,10's,Jan Aushadhi / PMBJP,JA0577
Chlorthalidone,Chlorthalidone Tablets IP 12.5mg,Chlorthalidone,12.5mg,Tablet,Cardiovascular System (CVS),Cardiovascular System (CVS),46.94,13.41,10's,Jan Aushadhi / PMBJP,JA0578
Cholecalciferol (Vitamin D3),Cholecalciferol (Vitamin D3) Drops 800 IU per ml,Cholecalciferol (Vitamin D3),800 IU,Drops,Supplement/Vitamin/Mineral,Supplement,88.62,25.32,15 ml,Jan Aushadhi / PMBJP,JA0579
Cholecalciferol (Vitamin D3),Cholecalciferol (Vitamin D3) Drops 400 IU per ml,Cholecalciferol (Vitamin D3),400 IU,Drops,Supplement/Vitamin/Mineral,Supplement,65.62,18.75,15 ml,Jan Aushadhi / PMBJP,JA0580
Glucosamine Sulphate  and Chondroitin,Glucosamine Sulphate 500mg and Chondroitin 400mg Tablets,Glucosamine Sulphate  and Chondroitin,500mg,Tablet,Ortho,Ortho,278.91,79.69,10's,Jan Aushadhi / PMBJP,JA0581
Cilnidipine,Cilnidipine Tablets IP 20mg,Cilnidipine,20mg,Tablet,Cardiovascular System (CVS),Cardiovascular System (CVS),65.0,18.57,10's,Jan Aushadhi / PMBJP,JA0582
Cilostazol,Cilostazol Tablets IP 50mg,Cilostazol,50mg,Tablet,Cardiovascular System (CVS),Cardiovascular System (CVS),216.58,61.88,10's,Jan Aushadhi / PMBJP,JA0583
Citicoline,Citicoline Tablets IP 500mg,Citicoline,500mg,Tablet,Central Nervous System (CNS),Neurological conditions,725.51,207.29,10's,Jan Aushadhi / PMBJP,JA0584
Clonazepam,Clonazepam Tablets IP 1mg,Clonazepam,1mg,Tablet,Central Nervous System (CNS),Neurological conditions,28.88,8.25,10's,Jan Aushadhi / PMBJP,JA0585
Cyclosporin,Cyclosporin capsules IP 50mg,Cyclosporin,50mg,Capsule,Immunosuppressant,Immunosuppressant,420.0,120.0,5's,Jan Aushadhi / PMBJP,JA0586
Dacarbazine,Dacarbazine Injection IP 200mg,Dacarbazine,200mg,Injection,Oncology,Oncology,616.88,176.25,VIAL,Jan Aushadhi / PMBJP,JA0587
Daunorubicin Hydrochloride,Daunorubicin Hydrochloride Injection IP 20mg,Daunorubicin Hydrochloride,20mg,Injection,Oncology,Oncology,714.0,204.0,vial,Jan Aushadhi / PMBJP,JA0588
Dextromethorphan Hydrobromide,Dextromethorphan Hydrobromide Syrup IP 13.5mg per 5ml,Dextromethorphan Hydrobromide,13.5mg,Syrup,Respiratory,Respiratory conditions,75.5,21.57,50 ml,Jan Aushadhi / PMBJP,JA0589
Dextrose,Dextrose Injection IP 25%w/v,Dextrose,25%,Injection,Supplement/Vitamin/Mineral,Supplement,39.38,11.25,100 ml,Jan Aushadhi / PMBJP,JA0590
Diacerein,Diacerein Capsules IP 50mg,Diacerein,50mg,Capsule,Ortho,Ortho,147.66,42.19,10's,Jan Aushadhi / PMBJP,JA0591
Diazepam,Diazepam Injection IP 5mg per ml,Diazepam,5mg,Injection,Central Nervous System (CNS),Neurological conditions,26.25,7.5,2 ML,Jan Aushadhi / PMBJP,JA0592
Dicyclomine Hydrochloride (Dicycloverine),Dicyclomine Hydrochloride (Dicycloverine) Injection IP 10mg per ml,Dicyclomine Hydrochloride (Dicycloverine),10mg,Injection,Gastrointestinal (GIT),Gastrointestinal (GIT),13.12,3.75,2 ml,Jan Aushadhi / PMBJP,JA0593
Donepezil Hydrochloride,Donepezil Hydrochloride Tablets IP 10mg,Donepezil Hydrochloride,10mg,Tablet,Central Nervous System (CNS),Neurological conditions,82.04,23.44,10's,Jan Aushadhi / PMBJP,JA0594
Drotaverine Hydrochloride  and Mefenamic Acid,Drotaverine Hydrochloride 80mg and Mefenamic Acid 250mg Tablets,Drotaverine Hydrochloride  and Mefenamic Acid,80mg,Tablet,Gastrointestinal (GIT),Gastrointestinal (GIT),65.62,18.75,10's,Jan Aushadhi / PMBJP,JA0595
Drotaverine Hydrochloride,Drotaverine Hydrochloride Tablets IP 40mg,Drotaverine Hydrochloride,40mg,Tablet,Gastrointestinal (GIT),Gastrointestinal (GIT),26.25,7.5,10's,Jan Aushadhi / PMBJP,JA0596
Ebastine,Ebastine Tablets IP 10mg,Ebastine,10mg,Tablet,Anti-Histaminic,Anti-Histaminic,65.62,18.75,10's,Jan Aushadhi / PMBJP,JA0597
Efavirenz,Efavirenz Tablets IP 600mg,Efavirenz,600mg,Tablet,Anti-Retroviral,Anti-Retroviral,1785.0,510.0,30's,Jan Aushadhi / PMBJP,JA0598
Ethinylestradiol  and Levonorgestrel,Ethinylestradiol 0.05mg and Levonorgestrel 0.25mg Tablets IP,Ethinylestradiol  and Levonorgestrel,0.05mg,Tablet,Gynaecology,Women's health,105.0,30.0,21's,Jan Aushadhi / PMBJP,JA0599
Febuxostat,Febuxostat Tablets 40mg,Febuxostat,40mg,Tablet,Ortho,Ortho,65.62,18.75,10's,Jan Aushadhi / PMBJP,JA0600
Febuxostat,Febuxostat Tablets 80mg,Febuxostat,80mg,Tablet,Ortho,Ortho,111.58,31.88,10's,Jan Aushadhi / PMBJP,JA0601
Formoterol  and Fluticasone Propionate,Formoterol 6mcg and Fluticasone Propionate 250mcg Inhaler,Formoterol  and Fluticasone Propionate,6mcg,Inhaler,Respiratory,Respiratory conditions,951.58,271.88,120 MDI,Jan Aushadhi / PMBJP,JA0602
Frusemide  and Spironolactone,Frusemide 20mg and Spironolactone 50mg Tablets,Frusemide  and Spironolactone,20mg,Tablet,Diuretic,Diuretic,91.88,26.25,10's,Jan Aushadhi / PMBJP,JA0603
Gabapentin  and Methylcobalamin,Gabapentin 100mg and Methylcobalamin 500mcg Tablets,Gabapentin  and Methylcobalamin,100mg,Tablet,Central Nervous System (CNS),Neurological conditions,119.14,34.04,10's,Jan Aushadhi / PMBJP,JA0604
Gabapentin,Gabapentin Capsules IP 300mg,Gabapentin,300mg,Capsule,Central Nervous System (CNS),Neurological conditions,90.27,25.79,10's,Jan Aushadhi / PMBJP,JA0605
Metformin Hydrochloride  (Prolonged release) and G,Metformin Hydrochloride 500mg (Prolonged release) and Glimepiride 1mg Tablets IP,Metformin Hydrochloride  (Prolonged release) and Glimepiride,500mg,Tablet,Anti-Diabetic,Anti-Diabetic,57.75,16.5,10's,Jan Aushadhi / PMBJP,JA0606
Glyceryl Trinitrate Controlled Release,Glyceryl Trinitrate Controlled Release Tablets 2.6mg (Nitroglycerin Controlled Release Tablets),Glyceryl Trinitrate Controlled Release,2.6mg,Tablet,Cardiovascular System (CVS),Cardiovascular System (CVS),164.08,46.88,30's,Jan Aushadhi / PMBJP,JA0607
Human Chorionic Gonadotrophin,Human Chorionic Gonadotrophin IP 5000 IU (Powder for injection with solvent),Human Chorionic Gonadotrophin,5000 IU,Injection,Gynaecology,Women's health,752.5,215.0,Vial and solvent,Jan Aushadhi / PMBJP,JA0608
Hydrochlorothiazide,Hydrochlorothiazide Tablets IP 12.5mg,Hydrochlorothiazide,12.5mg,Tablet,Cardiovascular System (CVS),Cardiovascular System (CVS),19.7,5.63,10's,Jan Aushadhi / PMBJP,JA0609
Hydrocortisone Sodium Succinate,Hydrocortisone Sodium Succinate Injection IP 100mg,Hydrocortisone Sodium Succinate,100mg,Injection,Steroids & Hormones,Steroids & Hormones,70.0,20.0,Vial,Jan Aushadhi / PMBJP,JA0610
Hydroxyzine Hydrochloride,Hydroxyzine Hydrochloride Tablets IP 10mg,Hydroxyzine Hydrochloride,10mg,Tablet,Anti-Histaminic,Anti-Histaminic,25.27,7.22,10's,Jan Aushadhi / PMBJP,JA0611
Imatinib Mesylate,Imatinib Mesylate Tablets IP 400mg,Imatinib Mesylate,400mg,Tablet,Oncology,Oncology,738.29,210.94,10's,Jan Aushadhi / PMBJP,JA0612
Imipramine Hydrochloride,Imipramine Hydrochloride Tablets IP 25mg,Imipramine Hydrochloride,25mg,Tablet,Central Nervous System (CNS),Neurological conditions,16.42,4.69,10's,Jan Aushadhi / PMBJP,JA0613
Soluble Insulin,Soluble Insulin Injection IP 100 IU per ml (R-DNA Origin),Soluble Insulin,100 IU,Injection,Anti-Diabetic,Anti-Diabetic,595.0,170.0,3 ml Catridge,Jan Aushadhi / PMBJP,JA0614
Isopropyl Alcohol,Isopropyl Alcohol IP (70%) (Spirit),Isopropyl Alcohol,70%,Tablet,Dermatology/Topical/External,Dermatology,140.0,40.0,100 ML bottle,Jan Aushadhi / PMBJP,JA0615
Isosorbidemononitrate,Isosorbidemononitrate Tablets IP 20mg,Isosorbidemononitrate,20mg,Tablet,Cardiovascular System (CVS),Cardiovascular System (CVS),26.25,7.5,10's,Jan Aushadhi / PMBJP,JA0616
Isoxsuprine Hydrochloride,Isoxsuprine Hydrochloride Tablets IP 10mg,Isoxsuprine Hydrochloride,10mg,Tablet,Cardiovascular System (CVS),Cardiovascular System (CVS),147.66,42.19,50's,Jan Aushadhi / PMBJP,JA0617
Ketoconazole,Ketoconazole Cream 2% w/w,Ketoconazole,2%,Cream,Dermatology/Topical/External,Dermatology,65.0,18.57,15 gm Tube,Jan Aushadhi / PMBJP,JA0618
Lamotrigine,Lamotrigine Tablets 100mg,Lamotrigine,100mg,Tablet,Central Nervous System (CNS),Neurological conditions,144.38,41.25,10's,Jan Aushadhi / PMBJP,JA0619
Leflunomide,Leflunomide Tablets IP 20mg,Leflunomide,20mg,Tablet,Ortho,Ortho,242.83,69.38,10's,Jan Aushadhi / PMBJP,JA0620
Lenalidomide,Lenalidomide Capsules 10mg,Lenalidomide,10mg,Capsule,Oncology,Oncology,1522.5,435.0,10's,Jan Aushadhi / PMBJP,JA0621
Letrozole,Letrozole Tablets IP 2.5mg,Letrozole,2.5mg,Tablet,Oncology,Oncology,111.58,31.88,10's,Jan Aushadhi / PMBJP,JA0622
Leuprolide Acetate Injections,Leuprolide Acetate Injections 3.75mg,Leuprolide Acetate Injections,3.75mg,Injection,Oncology,Oncology,5906.25,1687.5,1's,Jan Aushadhi / PMBJP,JA0623
Levocarnitine Injections 1gm,Levocarnitine Injections 1gm,Levocarnitine Injections 1gm,1g,Injection,Supplement/Vitamin/Mineral,Supplement,229.7,65.63,5 ml,Jan Aushadhi / PMBJP,JA0624
Levocarnitine,Levocarnitine Tablets 500mg,Levocarnitine,500mg,Tablet,Supplement/Vitamin/Mineral,Supplement,183.75,52.5,10's,Jan Aushadhi / PMBJP,JA0625
Levosalbutamol,Levosalbutamol Inhaler 50mcg,Levosalbutamol,50mcg,Inhaler,Respiratory,Respiratory conditions,272.37,77.82,200 Mdi,Jan Aushadhi / PMBJP,JA0626
Levosulpiride,Levosulpiride Tablets 25mg,Levosulpiride,25mg,Tablet,Gastrointestinal (GIT),Gastrointestinal (GIT),36.12,10.32,10's,Jan Aushadhi / PMBJP,JA0627
Lignocaine (Lidocaine) Hydrochloride,Lignocaine (Lidocaine) Hydrochloride Gel IP 2% W/V,Lignocaine (Lidocaine) Hydrochloride,2%,Gel,Anaesthetics,Anaesthetics,36.12,10.32,20g,Jan Aushadhi / PMBJP,JA0628
Lithium Carbonate Prolonged Release,Lithium Carbonate Prolonged Release Tablets IP 450mg,Lithium Carbonate Prolonged Release,450mg,Tablet,Central Nervous System (CNS),Neurological conditions,65.62,18.75,10's,Jan Aushadhi / PMBJP,JA0629
Lorazepam,Lorazepam Tablets IP 1mg,Lorazepam,1mg,Tablet,Central Nervous System (CNS),Neurological conditions,36.12,10.32,10's,Jan Aushadhi / PMBJP,JA0630
Lorazepam,Lorazepam Tablets IP 2mg,Lorazepam,2mg,Tablet,Central Nervous System (CNS),Neurological conditions,39.38,11.25,10's,Jan Aushadhi / PMBJP,JA0631
Lycopene with Multivitamins and Multi Minerals,Lycopene with Multivitamins and Multi Minerals Syrup,Lycopene with Multivitamins and Multi Minerals,—,Syrup,Supplement/Vitamin/Mineral,Supplement,177.21,50.63,200 ml,Jan Aushadhi / PMBJP,JA0632
Medroxyprogesterone Acetate,Medroxyprogesterone Acetate Tablets IP 10mg,Medroxyprogesterone Acetate,10mg,Tablet,Gynaecology,Women's health,85.33,24.38,10's,Jan Aushadhi / PMBJP,JA0633
Mefenamic Acid  and Paracetamol,Mefenamic Acid 50mg and Paracetamol 125mg Suspension per 5ml,Mefenamic Acid  and Paracetamol,50mg,Suspension,Analgesic/Antipyretic/Anti-Inflammatory,"Pain, fever, inflammation",36.12,10.32,60 ml,Jan Aushadhi / PMBJP,JA0634
Mefloquine Hydrochloride,Mefloquine Hydrochloride Tablets IP 250mg,Mefloquine Hydrochloride,250mg,Tablet,Anti-Malarial,Anti-Malarial,374.08,106.88,4's,Jan Aushadhi / PMBJP,JA0635
Memantine Hydrochloride,Memantine Hydrochloride Tablets IP 10mg,Memantine Hydrochloride,10mg,Tablet,Central Nervous System (CNS),Neurological conditions,82.04,23.44,10's,Jan Aushadhi / PMBJP,JA0636
Metformin Sustained Release,Metformin Sustained Release Tablets IP 850mg,Metformin Sustained Release,850mg,Tablet,Anti-Diabetic,Anti-Diabetic,65.0,18.57,10's,Jan Aushadhi / PMBJP,JA0637
Miconazole w/w and Fluocinolone Acetonide w/w,Miconazole 2%w/w and Fluocinolone Acetonide 0.01%w/w Ointment,Miconazole w/w and Fluocinolone Acetonide w/w,2%,Ointment,Dermatology/Topical/External,Dermatology,82.04,23.44,15 gm Tube,Jan Aushadhi / PMBJP,JA0638
Mirtazapine,Mirtazapine Tablets IP 15mg,Mirtazapine,15mg,Tablet,Central Nervous System (CNS),Neurological conditions,98.45,28.13,10's,Jan Aushadhi / PMBJP,JA0639
Mycophenolate Mofetil,Mycophenolate Mofetil Tablets IP 500mg,Mycophenolate Mofetil,500mg,Tablet,Immunosuppressant,Immunosuppressant,630.0,180.0,10's,Jan Aushadhi / PMBJP,JA0640
Natural Micronised Progesterone,Natural Micronised Progesterone Capsules 100mg,Natural Micronised Progesterone,100mg,Capsule,Gynaecology,Women's health,219.87,62.82,10's,Jan Aushadhi / PMBJP,JA0641
Nebivolol  and Hydrochlorothiazide,Nebivolol 5mg and Hydrochlorothiazide 12.5mg Tablets,Nebivolol  and Hydrochlorothiazide,5mg,Tablet,Cardiovascular System (CVS),Cardiovascular System (CVS),216.58,61.88,10's,Jan Aushadhi / PMBJP,JA0642
Nebivolol,Nebivolol Tablets IP 2.5mg,Nebivolol,2.5mg,Tablet,Cardiovascular System (CVS),Cardiovascular System (CVS),52.5,15.0,10's,Jan Aushadhi / PMBJP,JA0643
Nepafenac Eye,Nepafenac Eye Drop 0.1% W/V,Nepafenac Eye,0.1%,Tablet,Opthalmic/Otic,Opthalmic,216.58,61.88,5 ml,Jan Aushadhi / PMBJP,JA0644
Nitrazepam,Nitrazepam Tablets I.P 10mg,Nitrazepam,10mg,Tablet,Central Nervous System (CNS),Neurological conditions,29.54,8.44,10's,Jan Aushadhi / PMBJP,JA0645
Nitrofurantoin,Nitrofurantoin Tablets I.P 100mg,Nitrofurantoin,100mg,Tablet,Urology,Urinary conditions,57.75,16.5,10's,Jan Aushadhi / PMBJP,JA0646
Olanzapine,Olanzapine Tablets IP 10mg,Olanzapine,10mg,Tablet,Central Nervous System (CNS),Neurological conditions,28.88,8.25,10's,Jan Aushadhi / PMBJP,JA0647
Olanzapine,Olanzapine Tablets IP 5mg,Olanzapine,5mg,Tablet,Central Nervous System (CNS),Neurological conditions,21.67,6.19,10's,Jan Aushadhi / PMBJP,JA0648
Olmesartan Medoxomil,Olmesartan Medoxomil Tablets IP 20mg,Olmesartan Medoxomil,20mg,Tablet,Cardiovascular System (CVS),Cardiovascular System (CVS),55.79,15.94,10's,Jan Aushadhi / PMBJP,JA0649
Ondansetron Oral,Ondansetron Oral Solution IP 2 mg per 5ml,Ondansetron Oral,2 mg,Solution,Anti-Emetic,Anti-Emetic,49.25,14.07,30 ml,Jan Aushadhi / PMBJP,JA0650
Oxaliplatin Injections,Oxaliplatin Injections IP 50mg,Oxaliplatin Injections,50mg,Injection,Oncology,Oncology,1558.62,445.32,Vial,Jan Aushadhi / PMBJP,JA0651
Paclitaxel,Paclitaxel Injection IP 100mg (6mg/ml),Paclitaxel,100mg,Injection,Oncology,Oncology,1771.88,506.25,Vial,Jan Aushadhi / PMBJP,JA0652
Paroxetine Prolonged Release,Paroxetine Prolonged Release Tablets IP 37.5mg,Paroxetine Prolonged Release,37.5mg,Tablet,Central Nervous System (CNS),Neurological conditions,210.0,60.0,10's,Jan Aushadhi / PMBJP,JA0653
Permethrin,Permethrin Cream 5% w/w,Permethrin,5%,Cream,Dermatology/Topical/External,Dermatology,78.75,22.5,30 gm,Jan Aushadhi / PMBJP,JA0654
Phenobarbitone,Phenobarbitone Tablets IP 30mg,Phenobarbitone,30mg,Tablet,Central Nervous System (CNS),Neurological conditions,55.79,15.94,30's,Jan Aushadhi / PMBJP,JA0655
Phytomenadione,Phytomenadione Injection (Vitamin K1) IP 1mg per 0.5ml,Phytomenadione,1mg,Injection,Coagulants,Coagulants,36.12,10.32,0.5 ml Ampoule,Jan Aushadhi / PMBJP,JA0656
Pioglitazone,Pioglitazone Tablets IP 15 mg,Pioglitazone,15 mg,Tablet,Anti-Diabetic,Anti-Diabetic,28.88,8.25,10's,Jan Aushadhi / PMBJP,JA0657
Piracetam,Piracetam Syrup 500mg per 5ml,Piracetam,500mg,Syrup,Central Nervous System (CNS),Neurological conditions,213.29,60.94,100 ml,Jan Aushadhi / PMBJP,JA0658
Piracetam,Piracetam Tablets 400mg,Piracetam,400mg,Tablet,Central Nervous System (CNS),Neurological conditions,61.39,17.54,10's,Jan Aushadhi / PMBJP,JA0659
Promethazine,Promethazine Injection IP 25 mg per ml,Promethazine,25 mg,Injection,Anti-Emetic,Anti-Emetic,9.87,2.82,2 ml,Jan Aushadhi / PMBJP,JA0660
Propranolol,Propranolol Tablets IP 10mg,Propranolol,10mg,Tablet,Cardiovascular System (CVS),Cardiovascular System (CVS),18.06,5.16,10's,Jan Aushadhi / PMBJP,JA0661
Quetiapine Fumarate,Quetiapine Fumarate Tablets IP 200mg,Quetiapine Fumarate,200mg,Tablet,Central Nervous System (CNS),Neurological conditions,213.29,60.94,10's,Jan Aushadhi / PMBJP,JA0663
Quetiapine,Quetiapine Tablets IP 100mg,Quetiapine,100mg,Tablet,Central Nervous System (CNS),Neurological conditions,119.14,34.04,10's,Jan Aushadhi / PMBJP,JA0664
Erythropoietin,Erythropoietin Injection IP 4000 IU,Erythropoietin,4000 IU,Injection,Erythropoiesis,Erythropoiesis,974.54,278.44,Vial,Jan Aushadhi / PMBJP,JA0665
Erythropoietin,Erythropoietin Injection IP 2000 IU,Erythropoietin,2000 IU,Injection,Erythropoiesis,Erythropoiesis,754.7,215.63,Vial,Jan Aushadhi / PMBJP,JA0666
Risperidone  and Trihexiphenidyl,Risperidone 4mg and Trihexiphenidyl 2mg Tablets,Risperidone  and Trihexiphenidyl,4mg,Tablet,Central Nervous System (CNS),Neurological conditions,46.94,13.41,10's,Jan Aushadhi / PMBJP,JA0667
Risperidone,Risperidone Tablets IP 4mg,Risperidone,4mg,Tablet,Central Nervous System (CNS),Neurological conditions,29.54,8.44,10's,Jan Aushadhi / PMBJP,JA0668
Rosuvastatin,Rosuvastatin Tablets IP 5mg,Rosuvastatin,5mg,Tablet,Cardiovascular System (CVS),Cardiovascular System (CVS),43.33,12.38,10's,Jan Aushadhi / PMBJP,JA0669
Sertraline,Sertraline Tablets IP 50mg,Sertraline,50mg,Tablet,Central Nervous System (CNS),Neurological conditions,59.08,16.88,10's,Jan Aushadhi / PMBJP,JA0670
Sertraline,Sertraline Tablets IP 100mg,Sertraline,100mg,Tablet,Central Nervous System (CNS),Neurological conditions,72.2,20.63,10's,Jan Aushadhi / PMBJP,JA0671
Sertraline,Sertraline Tablets IP 25mg,Sertraline,25mg,Tablet,Central Nervous System (CNS),Neurological conditions,49.25,14.07,10's,Jan Aushadhi / PMBJP,JA0672
Sodium Valproate Enteric Coated,Sodium Valproate Enteric Coated Tablets IP 200mg,Sodium Valproate Enteric Coated,200mg,Tablet,Central Nervous System (CNS),Neurological conditions,55.79,15.94,10's,Jan Aushadhi / PMBJP,JA0673
Sodium Valproate Gastro-Resistant,Sodium Valproate Gastro-Resistant Tablets IP 300mg,Sodium Valproate Gastro-Resistant,300mg,Tablet,Central Nervous System (CNS),Neurological conditions,72.2,20.63,10's,Jan Aushadhi / PMBJP,JA0674
Sofosbuvir,Sofosbuvir Tablets IP 400mg,Sofosbuvir,400mg,Tablet,Hepato-Protective,Hepato-Protective,14437.5,4125.0,28's in a bottle,Jan Aushadhi / PMBJP,JA0675
Sucralfate  and Oxetacaine,Sucralfate 1g and Oxetacaine 10mg Suspension per 10ml,Sucralfate  and Oxetacaine,1g,Suspension,Gastrointestinal (GIT),Gastrointestinal (GIT),223.12,63.75,100 ml,Jan Aushadhi / PMBJP,JA0676
Tamsulosin Hydrochloride Prolonged Release,Tamsulosin Hydrochloride Prolonged Release Capsules IP 0.4mg,Tamsulosin Hydrochloride Prolonged Release,0.4mg,Capsule,Urology,Urinary conditions,72.2,20.63,10's,Jan Aushadhi / PMBJP,JA0677
Telmisartan  and Metoprolol,Telmisartan 40mg and Metoprolol 25mg Tablets,Telmisartan  and Metoprolol,40mg,Tablet,Cardiovascular System (CVS),Cardiovascular System (CVS),98.45,28.13,10's,Jan Aushadhi / PMBJP,JA0678
Telmisartan  and Hydrochlorothiazide,Telmisartan 80mg and Hydrochlorothiazide 12.5mg Tablets IP,Telmisartan  and Hydrochlorothiazide,80mg,Tablet,Cardiovascular System (CVS),Cardiovascular System (CVS),75.5,21.57,10's,Jan Aushadhi / PMBJP,JA0679
Teneligliptin,Teneligliptin Tablets IP 20mg,Teneligliptin,20mg,Tablet,Anti-Diabetic,Anti-Diabetic,65.62,18.75,10's,Jan Aushadhi / PMBJP,JA0680
Tenofovir Disoproxil Fumarate,Tenofovir Disoproxil Fumarate Tablets IP 300 mg,Tenofovir Disoproxil Fumarate,300 mg,Tablet,Anti-Retroviral,Anti-Retroviral,643.12,183.75,10's,Jan Aushadhi / PMBJP,JA0681
Tizanidine,Tizanidine Tablets I.P 2mg,Tizanidine,2mg,Tablet,Analgesic/Antipyretic/Anti-Inflammatory,"Pain, fever, inflammation",32.83,9.38,10's,Jan Aushadhi / PMBJP,JA0682
Trihexyphenidyl Hydrochloride,Trihexyphenidyl Hydrochloride Tablets IP 2mg (Benzhexol Hydrochloride Tablets IP 2mg),Trihexyphenidyl Hydrochloride,2mg,Tablet,Central Nervous System (CNS),Neurological conditions,21.67,6.19,10's,Jan Aushadhi / PMBJP,JA0683
Trimetazidine Hydrochloride Modified Release,Trimetazidine Hydrochloride Modified Release Tablets 35 mg,Trimetazidine Hydrochloride Modified Release,35 mg,Tablet,Cardiovascular System (CVS),Cardiovascular System (CVS),72.2,20.63,10's,Jan Aushadhi / PMBJP,JA0684
Vecuronium Bromide,Vecuronium Bromide Injection I.P 4mg,Vecuronium Bromide,4mg,Injection,Anaesthetics,Anaesthetics,157.5,45.0,Vial,Jan Aushadhi / PMBJP,JA0685
Vitamin A,Vitamin A Capsule IP 25000 IU,Vitamin A,25000 IU,Capsule,Supplement/Vitamin/Mineral,Supplement,52.5,15.0,30's,Jan Aushadhi / PMBJP,JA0686
Metformin Hydrochloride  (Sustained Release) and V,Metformin Hydrochloride 500mg (Sustained Release) and Voglibose 0.2mg Tablets,Metformin Hydrochloride  (Sustained Release) and Voglibose,500mg,Tablet,Anti-Diabetic,Anti-Diabetic,50.54,14.44,10's,Jan Aushadhi / PMBJP,JA0687
Metformin Hydrochloride  and Voglibose,Metformin Hydrochloride 500mg and Voglibose 0.3mg Tablets,Metformin Hydrochloride  and Voglibose,500mg,Tablet,Anti-Diabetic,Anti-Diabetic,54.15,15.47,10's,Jan Aushadhi / PMBJP,JA0688
Zoledronic Acid,Zoledronic Acid Injection IP 4mg per Vial,Zoledronic Acid,4mg,Injection,Ortho,Ortho,577.5,165.0,Vial,Jan Aushadhi / PMBJP,JA0689
Zolpidem,Zolpidem Tablets IP 10mg,Zolpidem,10mg,Tablet,Central Nervous System (CNS),Neurological conditions,59.08,16.88,10's,Jan Aushadhi / PMBJP,JA0690
Metoprolol Succinate  (Extended Release) and Telmi,Metoprolol Succinate 50mg (Extended Release) and Telmisartan 40mg Tablets,Metoprolol Succinate  (Extended Release) and Telmisartan,50mg,Tablet,Cardiovascular System (CVS),Cardiovascular System (CVS),104.69,29.91,10's,Jan Aushadhi / PMBJP,JA0691
Sildenafil,Sildenafil Tablets IP 100 mg,Sildenafil,100 mg,Tablet,Urology,Urinary conditions,32.83,9.38,4's,Jan Aushadhi / PMBJP,JA0692
Clobazam,Clobazam Tablet IP 5mg,Clobazam,5mg,Tablet,Central Nervous System (CNS),Neurological conditions,49.25,14.07,10's,Jan Aushadhi / PMBJP,JA0693
Gabapentin  and Nortriptyline,Gabapentin 400mg and Nortriptyline 10mg Tablets,Gabapentin  and Nortriptyline,400mg,Tablet,Central Nervous System (CNS),Neurological conditions,180.5,51.57,10's,Jan Aushadhi / PMBJP,JA0694
Cinnarizine,Cinnarizine Tablets IP 25mg,Cinnarizine,25mg,Tablet,Central Nervous System (CNS),Neurological conditions,25.27,7.22,10's,Jan Aushadhi / PMBJP,JA0695
Moxifloxacin Hydrochloride Eye,Moxifloxacin Hydrochloride Eye Drops IP 0.5% w/v,Moxifloxacin Hydrochloride Eye,0.5%,Drops,Opthalmic/Otic,Opthalmic,46.94,13.41,5 ml,Jan Aushadhi / PMBJP,JA0696
Clomipramine Hydrochloride Sustained release,Clomipramine Hydrochloride Sustained release Tablets 75mg,Clomipramine Hydrochloride Sustained release,75mg,Tablet,Central Nervous System (CNS),Neurological conditions,180.5,51.57,10's,Jan Aushadhi / PMBJP,JA0697
Fluvoxamine Maleate,Fluvoxamine Maleate Tablets IP 100mg,Fluvoxamine Maleate,100mg,Tablet,Central Nervous System (CNS),Neurological conditions,242.83,69.38,10's,Jan Aushadhi / PMBJP,JA0698
Aripiprazole,Aripiprazole Tablets IP 5mg,Aripiprazole,5mg,Tablet,Central Nervous System (CNS),Neurological conditions,45.96,13.13,10's,Jan Aushadhi / PMBJP,JA0699
Teneligliptin  and Metformin Hydrochloride  (Susta,Teneligliptin 20mg and Metformin Hydrochloride 500mg (Sustained Release) Tablets IP,Teneligliptin  and Metformin Hydrochloride  (Sustained Release),20mg,Tablet,Anti-Diabetic,Anti-Diabetic,98.45,28.13,10's,Jan Aushadhi / PMBJP,JA0700
Diacerein  and Glucosamine Sulphate,Diacerein 50mg and Glucosamine Sulphate 750mg Tablets,Diacerein  and Glucosamine Sulphate,50mg,Tablet,Ortho,Ortho,164.08,46.88,10's,Jan Aushadhi / PMBJP,JA0703
Lisinopril,Lisinopril Tablets IP 10mg,Lisinopril,10mg,Tablet,Cardiovascular System (CVS),Cardiovascular System (CVS),75.5,21.57,15's,Jan Aushadhi / PMBJP,JA0704
Carbamazepine Prolonged-release,Carbamazepine Prolonged-release Tablets IP 200mg,Carbamazepine Prolonged-release,200mg,Tablet,Central Nervous System (CNS),Neurological conditions,49.25,14.07,10's,Jan Aushadhi / PMBJP,JA0705
Diethylcarbamazine Citrate,Diethylcarbamazine Citrate Tablets IP 100mg,Diethylcarbamazine Citrate,100mg,Tablet,Anthelmintic,Anthelmintic,59.5,17.0,30's,Jan Aushadhi / PMBJP,JA0706
Metoprolol Succinate  (Extended Release) and Amlod,Metoprolol Succinate 25mg (Extended Release) and Amlodipine Besilate 5mg Tablets IP,Metoprolol Succinate  (Extended Release) and Amlodipine Besilate,25mg,Tablet,Cardiovascular System (CVS),Cardiovascular System (CVS),42.0,12.0,7's,Jan Aushadhi / PMBJP,JA0707
Doxylamine Succinate  and Pyridoxine Hydrochloride,Doxylamine Succinate 20mg and Pyridoxine Hydrochloride 20mg Tablets,Doxylamine Succinate  and Pyridoxine Hydrochloride,20mg,Tablet,Gynaecology,Women's health,49.25,14.07,10's,Jan Aushadhi / PMBJP,JA0708
Betamethasone,Betamethasone Cream IP 0.1 % w/w,Betamethasone,0.1 %,Cream,Dermatology/Topical/External,Dermatology,32.52,9.29,20 gm,Jan Aushadhi / PMBJP,JA0709
Nandrolone Decanoate,Nandrolone Decanoate Injection IP 50 mg per ml,Nandrolone Decanoate,50 mg,Injection,Steroids & Hormones,Steroids & Hormones,131.25,37.5,2 ml,Jan Aushadhi / PMBJP,JA0710
Mefenamic Acid,Mefenamic Acid Tablets 250 mg,Mefenamic Acid,250 mg,Tablet,Analgesic/Antipyretic/Anti-Inflammatory,"Pain, fever, inflammation",32.83,9.38,10's,Jan Aushadhi / PMBJP,JA0711
Mefenamic Acid,Mefenamic Acid Tablets 500 mg,Mefenamic Acid,500 mg,Tablet,Analgesic/Antipyretic/Anti-Inflammatory,"Pain, fever, inflammation",55.79,15.94,10's,Jan Aushadhi / PMBJP,JA0712
Ketorolac,Ketorolac Injection IP 30mg per ml,Ketorolac,30mg,Injection,Analgesic/Antipyretic/Anti-Inflammatory,"Pain, fever, inflammation",39.38,11.25,1 ml,Jan Aushadhi / PMBJP,JA0713
Acetylcysteine,Acetylcysteine Injection 200 mg per ml,Acetylcysteine,200 mg,Injection,Respiratory,Respiratory conditions,82.04,23.44,2 ml Ampoules,Jan Aushadhi / PMBJP,JA0714
5-Flurouracil,5-Flurouracil Injection 500mg,5-Flurouracil,500mg,Injection,Oncology,Oncology,40.25,11.5,10 ml,Jan Aushadhi / PMBJP,JA0715
Carboplatin,Carboplatin Injection IP 150mg,Carboplatin,150mg,Injection,Oncology,Oncology,1353.52,386.72,15 ml Vial,Jan Aushadhi / PMBJP,JA0716
Carboplatin,Carboplatin Injection IP 450mg,Carboplatin,450mg,Injection,Oncology,Oncology,5601.12,1600.32,45 ml Vial,Jan Aushadhi / PMBJP,JA0717
Cyclophosphamide,Cyclophosphamide Injection IP 500 mg,Cyclophosphamide,500 mg,Injection,Oncology,Oncology,122.5,35.0,VIAL,Jan Aushadhi / PMBJP,JA0718
Cyclosporin Capulses,Cyclosporin Capulses IP 25mg,Cyclosporin Capulses,25mg,Tablet,Immunosuppressant,Immunosuppressant,252.0,72.0,5's,Jan Aushadhi / PMBJP,JA0719
Cyclosporine,Cyclosporine Capsules IP 100 mg,Cyclosporine,100 mg,Capsule,Immunosuppressant,Immunosuppressant,805.0,230.0,5's,Jan Aushadhi / PMBJP,JA0720
Glycopyrrolate,Glycopyrrolate Injection IP 0.2mg,Glycopyrrolate,0.2mg,Injection,Gastrointestinal (GIT),Gastrointestinal (GIT),23.0,6.57,1 ml,Jan Aushadhi / PMBJP,JA0721
Hydroxyurea,Hydroxyurea Capsules IP 500mg,Hydroxyurea,500mg,Capsule,Oncology,Oncology,231.0,66.0,10's,Jan Aushadhi / PMBJP,JA0722
Ifosfamide,Ifosfamide Injection IP 1gm,Ifosfamide,1g,Injection,Oncology,Oncology,557.83,159.38,VIAL,Jan Aushadhi / PMBJP,JA0723
Protamine Sulphate,Protamine Sulphate Injection IP 10mg per ml,Protamine Sulphate,10mg,Injection,Anticoagulant,Anticoagulant,73.5,21.0,5 ml Vial/Ampoule,Jan Aushadhi / PMBJP,JA0724
Docetaxel,Docetaxel Injection IP 80 mg,Docetaxel,80 mg,Injection,Oncology,Oncology,5906.25,1687.5,VIAL,Jan Aushadhi / PMBJP,JA0725
Docetaxel,Docetaxel Injection IP 120 mg,Docetaxel,120 mg,Injection,Oncology,Oncology,8859.38,2531.25,VIAL,Jan Aushadhi / PMBJP,JA0726
Erlotinib,Erlotinib Tablets IP 150 mg,Erlotinib,150 mg,Tablet,Oncology,Oncology,2296.88,656.25,10's Bottle,Jan Aushadhi / PMBJP,JA0727
Gefitinib,Gefitinib Tablets IP 250 mg,Gefitinib,250 mg,Tablet,Oncology,Oncology,1443.75,412.5,10's,Jan Aushadhi / PMBJP,JA0728
Pemetrexed,Pemetrexed Injection IP 100 mg,Pemetrexed,100 mg,Injection,Oncology,Oncology,2657.83,759.38,VIAL,Jan Aushadhi / PMBJP,JA0729
Pemetrexed,Pemetrexed Injection IP 500 mg,Pemetrexed,500 mg,Injection,Oncology,Oncology,7579.7,2165.63,VIAL,Jan Aushadhi / PMBJP,JA0730
Temozolomide,Temozolomide Capsules IP 100mg,Temozolomide,100mg,Capsule,Oncology,Oncology,4800.49,1371.57,5's in Bottle,Jan Aushadhi / PMBJP,JA0731
Temozolomide,Temozolomide Capsules IP 250 mg,Temozolomide,250 mg,Capsule,Oncology,Oncology,8810.17,2517.19,5's,Jan Aushadhi / PMBJP,JA0732
Amino Acid,Amino Acid Solution for IV,Amino Acid,—,Solution,Electrolytes,Electrolytes,864.5,247.0,200 ml Glass Bottle,Jan Aushadhi / PMBJP,JA0733
Oseltamivir,Oseltamivir Capsules IP 75mg,Oseltamivir,75mg,Capsule,Anti-Viral,Anti-Viral,623.45,178.13,10's,Jan Aushadhi / PMBJP,JA0734
Thyroxine Sodium,Thyroxine Sodium Tablets IP 50mcg,Thyroxine Sodium,50mcg,Tablet,Anti-Thyroid,Anti-Thyroid,180.5,51.57,100's in Bottle,Jan Aushadhi / PMBJP,JA0735
Artemether  and Lumefantrine,Artemether 80mg and Lumefantrine 480mg Tablets,Artemether  and Lumefantrine,80mg,Tablet,Anti-Malarial,Anti-Malarial,98.45,28.13,6's,Jan Aushadhi / PMBJP,JA0736
"Carbonyl Iron , Folic Acid  and Zinc","Carbonyl Iron 50mg, Folic Acid 0.5mg and Zinc 61.8mg Capsules","Carbonyl Iron , Folic Acid  and Zinc",50mg,Capsule,Supplement/Vitamin/Mineral,Supplement,72.2,20.63,15's,Jan Aushadhi / PMBJP,JA0737
Orlistat,Orlistat Capsules 120 mg,Orlistat,120 mg,Capsule,Weight management,Weight management,469.25,134.07,10's,Jan Aushadhi / PMBJP,JA0738
Triamcinolone Acetonide,Triamcinolone Acetonide Injection IP 40mg per ml,Triamcinolone Acetonide,40mg,Injection,Steroids & Hormones,Steroids & Hormones,164.08,46.88,1 ml Vial,Jan Aushadhi / PMBJP,JA0739
Triamcinolone,Triamcinolone Tablets IP 4mg,Triamcinolone,4mg,Tablet,Steroids & Hormones,Steroids & Hormones,114.87,32.82,10's,Jan Aushadhi / PMBJP,JA0740
Gabapentin  and Amitriptyline,Gabapentin 300mg and Amitriptyline 10mg Tablets,Gabapentin  and Amitriptyline,300mg,Tablet,Respiratory,Respiratory conditions,180.5,51.57,10's,Jan Aushadhi / PMBJP,JA0741
Noscapine,Noscapine Syrup 1.83mg per 5ml,Noscapine,1.83mg,Syrup,Respiratory,Respiratory conditions,131.25,37.5,50 ml,Jan Aushadhi / PMBJP,JA0743
Albendazole,Albendazole Tablets IP 400mg,Albendazole,400mg,Tablet,Anthelmintic,Anthelmintic,10.85,3.1,1's,Jan Aushadhi / PMBJP,JA0744
Prazosin Hydrochloride Sustained Release,Prazosin Hydrochloride Sustained Release Tablets 2.5 mg,Prazosin Hydrochloride Sustained Release,2.5 mg,Tablet,Cardiovascular System (CVS),Cardiovascular System (CVS),196.88,56.25,30's,Jan Aushadhi / PMBJP,JA0745
Gliclazide  and Metformin Hydrochloride,Gliclazide 80mg and Metformin Hydrochloride 500mg Tablets,Gliclazide  and Metformin Hydrochloride,80mg,Tablet,Anti-Diabetic,Anti-Diabetic,93.87,26.82,10's,Jan Aushadhi / PMBJP,JA0746
Cefaclor Dispersible,Cefaclor Dispersible Tablets 250 mg,Cefaclor Dispersible,250 mg,Tablet,Antibiotics,Bacterial infections,590.62,168.75,10's,Jan Aushadhi / PMBJP,JA0747
Fluconazole,Fluconazole Tablets IP 150 mg,Fluconazole,150 mg,Tablet,Anti-Fungal,Anti-Fungal,18.06,5.16,1's,Jan Aushadhi / PMBJP,JA0748
Haematinic,"Haematinic Syrup of Iron 32mg ,Folic Acid 0.5mg and Vitamin B12 7.5mcg",Haematinic,32mg,Syrup,Supplement/Vitamin/Mineral,Supplement,137.83,39.38,200 ml Bottle,Jan Aushadhi / PMBJP,JA0749
Vitamin B6 (Pyridoxine Hydrochloride),Vitamin B6 (Pyridoxine Hydrochloride) Tablets IP 100mg,Vitamin B6 (Pyridoxine Hydrochloride),100mg,Tablet,Supplement/Vitamin/Mineral,Supplement,72.2,20.63,10's,Jan Aushadhi / PMBJP,JA0750
"Calcium Phosphate , Vitamin D3  and Vitamin B12","Calcium Phosphate 82mg, Vitamin D3 200IU and Vitamin B12 2.5mcg Suspension","Calcium Phosphate , Vitamin D3  and Vitamin B12",82mg,Suspension,Supplement/Vitamin/Mineral,Supplement,118.12,33.75,200 ml,Jan Aushadhi / PMBJP,JA0751
"Diphenhydramine 13-, Ammonium Chloride 135- , Sodi","Diphenhydramine 13-15mg, Ammonium Chloride 135-150mg , Sodium Citrate 57-85mg, Menthol 0.9-2.6mg Cough Syrup","Diphenhydramine 13-, Ammonium Chloride 135- , Sodium Citrate 57-, Menthol 0.9- Cough",15mg,Syrup,Respiratory,Respiratory conditions,59.08,16.88,100 ml Bottle,Jan Aushadhi / PMBJP,JA0752
Acebrophylline  (Sustained Release) and Montelukas,Acebrophylline 200mg (Sustained Release) and Montelukast 10mg Tablets,Acebrophylline  (Sustained Release) and Montelukast,200mg,Tablet,Respiratory,Respiratory conditions,180.5,51.57,10's,Jan Aushadhi / PMBJP,JA0753
Allylestrenol,Allylestrenol Tablets 5 mg,Allylestrenol,5 mg,Tablet,Gynaecology,Women's health,108.29,30.94,10's,Jan Aushadhi / PMBJP,JA0754
Amiloride  and Hydrochlorothiazide,Amiloride 2.5mg and Hydrochlorothiazide 25mg Tablet IP,Amiloride  and Hydrochlorothiazide,2.5mg,Tablet,Cardiovascular System (CVS),Cardiovascular System (CVS),49.25,14.07,10's,Jan Aushadhi / PMBJP,JA0755
Ampicillin,Ampicillin Capsules IP 500 mg,Ampicillin,500 mg,Capsule,Antibiotics,Bacterial infections,131.25,37.5,10's,Jan Aushadhi / PMBJP,JA0756
Chlordiazepoxide,Chlordiazepoxide Tablets IP 10 mg,Chlordiazepoxide,10 mg,Tablet,Central Nervous System (CNS),Neurological conditions,68.92,19.69,10's,Jan Aushadhi / PMBJP,JA0757
Chlorthalidone,Chlorthalidone Tablets IP 6.25 mg,Chlorthalidone,6.25 mg,Tablet,Cardiovascular System (CVS),Cardiovascular System (CVS),32.83,9.38,10's,Jan Aushadhi / PMBJP,JA0758
Cilnidipine  and Telmisartan,Cilnidipine 10mg and Telmisartan 40mg Tablets,Cilnidipine  and Telmisartan,10mg,Tablet,Cardiovascular System (CVS),Cardiovascular System (CVS),79.42,22.69,10's,Jan Aushadhi / PMBJP,JA0759
Cinitapride,Cinitapride Tablets 1 mg,Cinitapride,1 mg,Tablet,Gastrointestinal (GIT),Gastrointestinal (GIT),98.45,28.13,10's,Jan Aushadhi / PMBJP,JA0760
Ranitidine  and Domperidone,Ranitidine 150mg and Domperidone 10mg Tablets,Ranitidine  and Domperidone,150mg,Tablet,Gastrointestinal (GIT),Gastrointestinal (GIT),49.25,14.07,15's,Jan Aushadhi / PMBJP,JA0761
Donepezil,Donepezil Tablets IP 5 mg,Donepezil,5 mg,Tablet,Central Nervous System (CNS),Neurological conditions,65.62,18.75,10's,Jan Aushadhi / PMBJP,JA0762
Drotaverine  and Aceclofenac,Drotaverine 80mg and Aceclofenac 100mg Tablets,Drotaverine  and Aceclofenac,80mg,Tablet,Analgesic/Antipyretic/Anti-Inflammatory,"Pain, fever, inflammation",108.29,30.94,10's,Jan Aushadhi / PMBJP,JA0763
Duloxetine Gastro-resistant,Duloxetine Gastro-resistant Tablets IP 20 mg,Duloxetine Gastro-resistant,20 mg,Tablet,Central Nervous System (CNS),Neurological conditions,88.62,25.32,10's,Jan Aushadhi / PMBJP,JA0764
Escitalopram Oxalate  and Clonazepam,Escitalopram Oxalate 5mg and Clonazepam 0.5mg Tablets IP,Escitalopram Oxalate  and Clonazepam,5mg,Tablet,Central Nervous System (CNS),Neurological conditions,46.94,13.41,10's,Jan Aushadhi / PMBJP,JA0765
Ethinylestradiol  and Desogestrel,Ethinylestradiol 0.03mg and Desogestrel 0.15mg Tablets,Ethinylestradiol  and Desogestrel,0.03mg,Tablet,Gynaecology,Women's health,315.0,90.0,21's,Jan Aushadhi / PMBJP,JA0766
Ethinylestradiol  and Levonorgestrel,Ethinylestradiol 0.03mg and Levonorgestrel 0.15mg Tablets IP,Ethinylestradiol  and Levonorgestrel,0.03mg,Tablet,Gynaecology,Women's health,122.5,35.0,21's,Jan Aushadhi / PMBJP,JA0767
Faropenem,Faropenem Tablets 200mg,Faropenem,200mg,Tablet,Antibiotics,Bacterial infections,984.38,281.25,6's,Jan Aushadhi / PMBJP,JA0768
Fenofibrate,Fenofibrate Tablets IP 145 mg,Fenofibrate,145 mg,Tablet,Cardiovascular System (CVS),Cardiovascular System (CVS),72.2,20.63,10's,Jan Aushadhi / PMBJP,JA0769
Flavoxate,Flavoxate Tablets IP 200 mg,Flavoxate,200 mg,Tablet,Urology,Urinary conditions,196.88,56.25,15's,Jan Aushadhi / PMBJP,JA0770
Fluticasone Furoate Nasal,Fluticasone Furoate Nasal Spray 27.5mcg,Fluticasone Furoate Nasal,27.5mcg,Spray,Respiratory,Respiratory conditions,452.83,129.38,120 MDI,Jan Aushadhi / PMBJP,JA0771
Gabapentin,Gabapentin Tablets IP 100 mg,Gabapentin,100 mg,Tablet,Central Nervous System (CNS),Neurological conditions,50.54,14.44,10's,Jan Aushadhi / PMBJP,JA0772
Isoxsuprine,Isoxsuprine Injection IP 5 mg,Isoxsuprine,5 mg,Injection,Gynaecology,Women's health,32.83,9.38,2 ml Vial,Jan Aushadhi / PMBJP,JA0773
Mebendazole,Mebendazole Tablets IP 100 mg,Mebendazole,100 mg,Tablet,Anthelmintic,Anthelmintic,29.54,8.44,6's,Jan Aushadhi / PMBJP,JA0774
Mebeverine Hydrochloride,Mebeverine Hydrochloride Tablets IP 200mg,Mebeverine Hydrochloride,200mg,Tablet,Gastrointestinal (GIT),Gastrointestinal (GIT),183.75,52.5,10's,Jan Aushadhi / PMBJP,JA0775
Meropenem  and Sulbactam,Meropenem 1000mg and Sulbactam 500mg Injection,Meropenem  and Sulbactam,1000mg,Injection,Antibiotics,Bacterial infections,938.45,268.13,Vial & Wfi,Jan Aushadhi / PMBJP,JA0776
Meropenem,Meropenem Injection IP 500 mg,Meropenem,500 mg,Injection,Antibiotics,Bacterial infections,541.41,154.69,Vial & Wfi,Jan Aushadhi / PMBJP,JA0777
Methylprednisolone,Methylprednisolone Tablets IP 4mg,Methylprednisolone,4mg,Tablet,Steroids & Hormones,Steroids & Hormones,54.15,15.47,10's,Jan Aushadhi / PMBJP,JA0778
Mirtazapine,Mirtazapine Tablets IP 7.5mg,Mirtazapine,7.5mg,Tablet,Central Nervous System (CNS),Neurological conditions,42.66,12.19,10's,Jan Aushadhi / PMBJP,JA0779
Modafinil,Modafinil Tablets IP 200mg,Modafinil,200mg,Tablet,Central Nervous System (CNS),Neurological conditions,275.62,78.75,10's,Jan Aushadhi / PMBJP,JA0780
Naproxen,Naproxen Tablets IP 250 mg,Naproxen,250 mg,Tablet,Analgesic/Antipyretic/Anti-Inflammatory,"Pain, fever, inflammation",75.5,21.57,15's,Jan Aushadhi / PMBJP,JA0781
"Olmesartan , Amlodipine  and Hydrochlorothiazide","Olmesartan 20mg, Amlodipine 5mg and Hydrochlorothiazide 12.5mg Tablets","Olmesartan , Amlodipine  and Hydrochlorothiazide",20mg,Tablet,Cardiovascular System (CVS),Cardiovascular System (CVS),137.16,39.19,10's,Jan Aushadhi / PMBJP,JA0782
Olmesartan Medoxomil  and Hydrochlorothiazide,Olmesartan Medoxomil 20mg and Hydrochlorothiazide 12.5mg Tablets IP,Olmesartan Medoxomil  and Hydrochlorothiazide,20mg,Tablet,Cardiovascular System (CVS),Cardiovascular System (CVS),88.62,25.32,10's,Jan Aushadhi / PMBJP,JA0783
Phenobarbitone,Phenobarbitone Tablets IP 60 mg,Phenobarbitone,60 mg,Tablet,Central Nervous System (CNS),Neurological conditions,91.88,26.25,30's,Jan Aushadhi / PMBJP,JA0784
Prasugrel,Prasugrel Tablets IP 10 mg,Prasugrel,10 mg,Tablet,Cardiovascular System (CVS),Cardiovascular System (CVS),216.58,61.88,10's,Jan Aushadhi / PMBJP,JA0785
Pregabalin  and Nortriptyline,Pregabalin 75mg and Nortriptyline 10mg Tablets,Pregabalin  and Nortriptyline,75mg,Tablet,Central Nervous System (CNS),Neurological conditions,111.89,31.97,10's,Jan Aushadhi / PMBJP,JA0786
Quetiapine,Quetiapine Tablets IP 25 mg,Quetiapine,25 mg,Tablet,Central Nervous System (CNS),Neurological conditions,36.12,10.32,10's,Jan Aushadhi / PMBJP,JA0787
Aspirin Gastro Resistant  and Rosuvastatin,Aspirin Gastro Resistant 75mg and Rosuvastatin 10mg Capsules IP,Aspirin Gastro Resistant  and Rosuvastatin,75mg,Capsule,Cardiovascular System (CVS),Cardiovascular System (CVS),121.41,34.69,10's,Jan Aushadhi / PMBJP,JA0788
Rosuvastatin  and Clopidogrel,Rosuvastatin 10mg and Clopidogrel 75mg Capsules,Rosuvastatin  and Clopidogrel,10mg,Capsule,Cardiovascular System (CVS),Cardiovascular System (CVS),137.83,39.38,10's,Jan Aushadhi / PMBJP,JA0789
Sertaconazole Nitrate,Sertaconazole Nitrate Cream IP 2%w/w,Sertaconazole Nitrate,2%,Cream,Anti-Fungal,Anti-Fungal,196.88,56.25,15 gm,Jan Aushadhi / PMBJP,JA0790
Teicoplanin,Teicoplanin Injection IP 400mg,Teicoplanin,400mg,Injection,Antibiotics,Bacterial infections,2625.0,750.0,1 ml Vial,Jan Aushadhi / PMBJP,JA0791
"Telmisartan , Amlodipine  and Hydrochlorothiazide","Telmisartan 40mg, Amlodipine 5mg and Hydrochlorothiazide 12.5mg Tablets","Telmisartan , Amlodipine  and Hydrochlorothiazide",40mg,Tablet,Cardiovascular System (CVS),Cardiovascular System (CVS),68.6,19.6,10's,Jan Aushadhi / PMBJP,JA0792
Telmisartan  and Chlorthalidone,Telmisartan 40mg and Chlorthalidone 6.25mg Tablets,Telmisartan  and Chlorthalidone,40mg,Tablet,Cardiovascular System (CVS),Cardiovascular System (CVS),65.62,18.75,10's,Jan Aushadhi / PMBJP,JA0793
Terlipressin,Terlipressin Injection 1000 mcg (1 mg/10ml),Terlipressin,1000 mcg,Injection,Cardiovascular System (CVS),Cardiovascular System (CVS),738.29,210.94,10 ml Vial,Jan Aushadhi / PMBJP,JA0794
Thiocolchicoside,Thiocolchicoside Capsules IP 4mg,Thiocolchicoside,4mg,Capsule,Analgesic/Antipyretic/Anti-Inflammatory,"Pain, fever, inflammation",147.66,42.19,10's,Jan Aushadhi / PMBJP,JA0795
Tigecycline,Tigecycline Injection IP 50 mg,Tigecycline,50 mg,Injection,Antibiotics,Bacterial infections,2165.62,618.75,5 ml Vial,Jan Aushadhi / PMBJP,JA0796
"Trypsin , Bromelain  and Rutoside Trihydrate","Trypsin 48mg, Bromelain 90mg and Rutoside Trihydrate 100mg Tablets","Trypsin , Bromelain  and Rutoside Trihydrate",48mg,Tablet,Analgesic/Antipyretic/Anti-Inflammatory,"Pain, fever, inflammation",229.7,65.63,10's,Jan Aushadhi / PMBJP,JA0797
Valethamate,Valethamate Injection 8 mg per ml (For IM/IV use),Valethamate,8 mg,Injection,Gynaecology,Women's health,32.52,9.29,1 ml Ampoule,Jan Aushadhi / PMBJP,JA0798
Tobramycin Eye,Tobramycin Eye Drops 0.3%w/v,Tobramycin Eye,0.3%,Drops,Opthalmic/Otic,Opthalmic,87.5,25.0,5 ml Vial,Jan Aushadhi / PMBJP,JA0799
Capecitabine,Capecitabine Tablets IP 500mg,Capecitabine,500mg,Tablet,Oncology,Oncology,820.33,234.38,10's,Jan Aushadhi / PMBJP,JA0800
Cefpodoxime Proxetil Oral,Cefpodoxime Proxetil Oral Suspension IP 50mg,Cefpodoxime Proxetil Oral,50mg,Suspension,Antibiotics,Bacterial infections,98.45,28.13,30 ml,Jan Aushadhi / PMBJP,JA0801
Janaushadhi Protein,Janaushadhi Protein Powder 250g,Janaushadhi Protein,250g,Powder,Nutraceuticals,Nutraceuticals,622.89,177.97,1's Tin 250g,Jan Aushadhi / PMBJP,JA0803
Janaushadhi Nirmal (Nicotine Polacrilex Chewing Gu,Janaushadhi Nirmal (Nicotine Polacrilex Chewing Gum 2 mg)),Janaushadhi Nirmal (Nicotine Polacrilex Chewing Gum )),2 mg,Tablet,Smoking Cessation,Smoking Cessation,147.0,42.0,1 x 9's (mono carton pack),Jan Aushadhi / PMBJP,JA0804
Janaushadhi Urja (Glucose,Janaushadhi Urja (Glucose Powder (Orange Flavour) 300 g),Janaushadhi Urja (Glucose,300 g,Powder,Nutraceuticals,Nutraceuticals,218.01,62.29,300 g Box,Jan Aushadhi / PMBJP,JA0805
Jan Pudina Soft,Jan Pudina Soft Gel Capsules,Jan Pudina Soft,—,Capsule,Gastrointestinal (GIT),Gastrointestinal (GIT),52.5,15.0,10's,Jan Aushadhi / PMBJP,JA0808
Janushadhi Madhurak (Stevia Natural Sweetener),Janushadhi Madhurak (Stevia Natural Sweetener),Janushadhi Madhurak (Stevia Natural Sweetener),—,Tablet,Nutraceuticals,Nutraceuticals,490.0,140.0,100 gm Plastic Jar,Jan Aushadhi / PMBJP,JA0809
Janaushadhi Janani,Janaushadhi Janani 250g,Janaushadhi Janani,250g,Tablet,Nutraceuticals,Nutraceuticals,700.77,200.22,1's Tin 250g,Jan Aushadhi / PMBJP,JA0810
Lamotrigine Dispersible,Lamotrigine Dispersible Tablets IP 100mg,Lamotrigine Dispersible,100mg,Tablet,Central Nervous System (CNS),Neurological conditions,131.25,37.5,10's,Jan Aushadhi / PMBJP,JA0811
Enzyme,Enzyme syrup mixed fruit flavour,Enzyme,—,Syrup,Enzyme Preparation,Enzyme Preparation,177.03,50.58,200 ml,Jan Aushadhi / PMBJP,JA0812
Pyrantel Pamoate Oral,Pyrantel Pamoate Oral Suspension IP 250mg per 5ml,Pyrantel Pamoate Oral,250mg,Suspension,Anthelmintic,Anthelmintic,39.38,11.25,10 ml,Jan Aushadhi / PMBJP,JA0813
Theophylline Prolonged-release,Theophylline Prolonged-release Tablets IP 400 mg,Theophylline Prolonged-release,400 mg,Tablet,Respiratory,Respiratory conditions,98.45,28.13,10's,Jan Aushadhi / PMBJP,JA0814
Pyridoxine Hydrochloride Sustained release,Pyridoxine Hydrochloride Sustained release tablets 100mg,Pyridoxine Hydrochloride Sustained release,100mg,Tablet,Supplement/Vitamin/Mineral,Supplement,114.87,32.82,10's,Jan Aushadhi / PMBJP,JA0815
Levetiracetam Oral,Levetiracetam Oral Solution IP 100mg,Levetiracetam Oral,100mg,Solution,Central Nervous System (CNS),Neurological conditions,278.91,79.69,100 ml,Jan Aushadhi / PMBJP,JA0816
"Terbutaline , Ambroxol , Guaiphenesin  per","Terbutaline 1.25mg, Ambroxol 15mg, Guaiphenesin 50mg per 5ml Syrup with Menthol base","Terbutaline , Ambroxol , Guaiphenesin  per",1.25mg,Syrup,Respiratory,Respiratory conditions,105.0,30.0,100 ml,Jan Aushadhi / PMBJP,JA0817
L-Arginine Granules,L-Arginine Granules 3g,L-Arginine Granules,3g,Tablet,Supplement/Vitamin/Mineral,Supplement,52.5,15.0,5 gm,Jan Aushadhi / PMBJP,JA0818
Itraconazole,Itraconazole Capsules 200 mg,Itraconazole,200 mg,Capsule,Anti-Fungal,Anti-Fungal,115.5,33.0,4's,Jan Aushadhi / PMBJP,JA0819
Luliconazole,Luliconazole Cream IP 1% w/w,Luliconazole,1%,Cream,Anti-Fungal,Anti-Fungal,79.42,22.69,10 gms tube,Jan Aushadhi / PMBJP,JA0820
"Janaushadhi Poshan (Malt based food, 500gm)","Janaushadhi Poshan (Malt based food, 500gm)","Janaushadhi Poshan (Malt based food, 500gm)",500g,Tablet,Nutraceuticals,Nutraceuticals,560.59,160.17,1's Screw Cap Plastic Jar,Jan Aushadhi / PMBJP,JA0822
Vildagliptin,Vildagliptin Tablets IP 50mg,Vildagliptin,50mg,Tablet,Anti-Diabetic,Anti-Diabetic,65.62,18.75,15's,Jan Aushadhi / PMBJP,JA0824
Vildagliptin  and Metformin Hydrochloride,Vildagliptin 50mg and Metformin Hydrochloride 500mg Tablets IP,Vildagliptin  and Metformin Hydrochloride,50mg,Tablet,Anti-Diabetic,Anti-Diabetic,98.45,28.13,15's,Jan Aushadhi / PMBJP,JA0825
Janaushadhi Protein Bar (35 gm),Janaushadhi Protein Bar (35 gm),Janaushadhi Protein Bar (35 gm),35 g,Tablet,Nutraceuticals,Nutraceuticals,140.17,40.05,1's Bar,Jan Aushadhi / PMBJP,JA0827
Janaushadhi Immunity Bar (10 gm),Janaushadhi Immunity Bar (10 gm),Janaushadhi Immunity Bar (10 gm),10 g,Tablet,Nutraceuticals,Nutraceuticals,31.15,8.9,1's Bar,Jan Aushadhi / PMBJP,JA0828
Janaushadhi Protein,Janaushadhi Protein Powder (Vanilla) 250 gm,Janaushadhi Protein,250 g,Powder,Nutraceuticals,Nutraceuticals,622.89,177.97,1's Tin 250g,Jan Aushadhi / PMBJP,JA0829
Janaushadhi Protein,Janaushadhi Protein Powder (Kesar Pista) 250 gm,Janaushadhi Protein,250 g,Powder,Nutraceuticals,Nutraceuticals,622.89,177.97,1's Tin 250g,Jan Aushadhi / PMBJP,JA0830
"Janaushadhi Poshan (Malt based food with Cocoa, 50","Janaushadhi Poshan (Malt based food with Cocoa, 500gm)","Janaushadhi Poshan (Malt based food with Cocoa, 500gm)",500g,Tablet,Nutraceuticals,Nutraceuticals,576.17,164.62,1's Screw Cap Plastic Jar,Jan Aushadhi / PMBJP,JA0831
Janaushadhi Janani (Vanilla) 250 gm,Janaushadhi Janani (Vanilla) 250 gm,Janaushadhi Janani (Vanilla) 250 gm,250 g,Tablet,Nutraceuticals,Nutraceuticals,700.77,200.22,1's Tin 250g,Jan Aushadhi / PMBJP,JA0832
Hand Sanitizer  (Each pack contains: Ethanol 70% v,Hand Sanitizer 100 ml (Each pack contains: Ethanol 70% v/v and Chlorhexidine Gluconate 0.5% w/v),Hand Sanitizer  (Each pack contains: Ethanol 70% v/v and Chlorhexidine Gluconate 0.5% w/v),100 ml,Tablet,Antiseptic/Disinfectants,Antiseptic,140.0,40.0,100 ml,Jan Aushadhi / PMBJP,JA0833
Hand Sanitizer  (Each pack contains: Ethanol 70% v,Hand Sanitizer 500 ml (Each pack contains: Ethanol 70% v/v and Chlorhexidine Gluconate 0.5% w/v),Hand Sanitizer  (Each pack contains: Ethanol 70% v/v and Chlorhexidine Gluconate 0.5% w/v),500 ml,Tablet,Antiseptic/Disinfectants,Antiseptic,700.0,200.0,500 ml,Jan Aushadhi / PMBJP,JA0834
Hand Sanitizer  (Each pack contains: Ethanol 70% v,Hand Sanitizer 250 ml (Each pack contains: Ethanol 70% v/v and Chlorhexidine Gluconate 0.5% w/v),Hand Sanitizer  (Each pack contains: Ethanol 70% v/v and Chlorhexidine Gluconate 0.5% w/v),250 ml,Tablet,Antiseptic/Disinfectants,Antiseptic,350.0,100.0,250 ml,Jan Aushadhi / PMBJP,JA0835
Hydroxychloroquine,Hydroxychloroquine Tablet IP 400 mg,Hydroxychloroquine,400 mg,Tablet,Anti-Malarial,Anti-Malarial,269.08,76.88,10's,Jan Aushadhi / PMBJP,JA0836
Canagliflozin,Canagliflozin Tablets 100 mg,Canagliflozin,100 mg,Tablet,Anti-Diabetic,Anti-Diabetic,610.33,174.38,10's,Jan Aushadhi / PMBJP,JA0837
Metformin  (Prolonged release) and Glimepiride,Metformin 500mg (Prolonged release) and Glimepiride 0.5mg Tablets IP,Metformin  (Prolonged release) and Glimepiride,500mg,Tablet,Anti-Diabetic,Anti-Diabetic,57.75,16.5,10's,Jan Aushadhi / PMBJP,JA0838
Metformin  (Prolonged release) and Glimepiride,Metformin 1000mg (Prolonged release) and Glimepiride 1mg Tablets IP,Metformin  (Prolonged release) and Glimepiride,1000mg,Tablet,Anti-Diabetic,Anti-Diabetic,93.87,26.82,10's,Jan Aushadhi / PMBJP,JA0839
Mesalazine Prolonged release,Mesalazine Prolonged release Tablets IP 1200 mg,Mesalazine Prolonged release,1200 mg,Tablet,Gastrointestinal (GIT),Gastrointestinal (GIT),452.83,129.38,10's,Jan Aushadhi / PMBJP,JA0842
Selenium Sulphide Shampoo 2.5% w/v,Selenium Sulphide Shampoo 2.5% w/v,Selenium Sulphide Shampoo 2.5% w/v,2.5%,Tablet,Derma Care,Derma Care,610.33,174.38,120 ml,Jan Aushadhi / PMBJP,JA0843
Acarbose,Acarbose Tablets IP 25 mg,Acarbose,25 mg,Tablet,Anti-Diabetic,Anti-Diabetic,131.25,37.5,10's,Jan Aushadhi / PMBJP,JA0844
Acebrophylline  and Acetylcysteine,Acebrophylline 100mg and Acetylcysteine 600mg Tablets,Acebrophylline  and Acetylcysteine,100mg,Tablet,Respiratory,Respiratory conditions,196.88,56.25,10's,Jan Aushadhi / PMBJP,JA0845
Acebrophylline Sustained Release,Acebrophylline Sustained Release Tablets 200 mg,Acebrophylline Sustained Release,200 mg,Tablet,Respiratory,Respiratory conditions,98.45,28.13,10's,Jan Aushadhi / PMBJP,JA0846
Aceclofenac  (Sustained release) and Rabeprazole S,Aceclofenac 200mg (Sustained release) and Rabeprazole Sodium 20mg (Enteric-coated) Capsules,Aceclofenac  (Sustained release) and Rabeprazole Sodium  (Enteric-coated),200mg,Capsule,Analgesic/Antipyretic/Anti-Inflammatory,"Pain, fever, inflammation",98.45,28.13,10's,Jan Aushadhi / PMBJP,JA0847
Aciclovir Dispersible,Aciclovir Dispersible Tablets IP 400 mg,Aciclovir Dispersible,400 mg,Tablet,Anti-Viral,Anti-Viral,98.45,28.13,5's,Jan Aushadhi / PMBJP,JA0850
Acitretin,Acitretin Capsules IP 25 mg,Acitretin,25 mg,Capsule,Derma Care,Derma Care,820.33,234.38,10's,Jan Aushadhi / PMBJP,JA0851
Acotiamide,Acotiamide Tablets 100mg,Acotiamide,100mg,Tablet,Gastrointestinal (GIT),Gastrointestinal (GIT),239.54,68.44,10's,Jan Aushadhi / PMBJP,JA0852
Amantadine Hydrochloride,Amantadine Hydrochloride Capsules IP 100 mg,Amantadine Hydrochloride,100 mg,Capsule,Central Nervous System (CNS),Neurological conditions,164.08,46.88,10's,Jan Aushadhi / PMBJP,JA0853
Amiodarone,Amiodarone Tablets IP 100 mg,Amiodarone,100 mg,Tablet,Cardiovascular System (CVS),Cardiovascular System (CVS),101.75,29.07,10's,Jan Aushadhi / PMBJP,JA0854
Amlodipine Besilate  and Bisoprolol Fumarate,Amlodipine Besilate 5mg and Bisoprolol Fumarate 5mg Tablets,Amlodipine Besilate  and Bisoprolol Fumarate,5mg,Tablet,Cardiovascular System (CVS),Cardiovascular System (CVS),65.0,18.57,10's,Jan Aushadhi / PMBJP,JA0855
Amorolfine,Amorolfine Cream 0.25% w/w,Amorolfine,0.25%,Cream,Anti-Fungal,Anti-Fungal,180.5,51.57,30 g,Jan Aushadhi / PMBJP,JA0856
Amoxycillin  and Potassium Clavulanate  Oral,Amoxycillin 400mg and Potassium Clavulanate 57mg Oral Suspension IP,Amoxycillin  and Potassium Clavulanate  Oral,400mg,Suspension,Antibiotics,Bacterial infections,164.08,46.88,30 ml,Jan Aushadhi / PMBJP,JA0857
Amoxycillin  and Potassium Clavulanate  Oral,Amoxycillin 80mg and Potassium Clavulanate 11.4mg Oral Suspension IP,Amoxycillin  and Potassium Clavulanate  Oral,80mg,Suspension,Antibiotics,Bacterial infections,114.87,32.82,10 ml,Jan Aushadhi / PMBJP,JA0858
"Amoxycillin , Dicloxacillin  and Lactic Acid Bacil","Amoxycillin 250mg, Dicloxacillin 250mg and Lactic Acid Bacillus 2.5 billion Capsules","Amoxycillin , Dicloxacillin  and Lactic Acid Bacillus 2.5 billion",250mg,Capsule,Antibiotics,Bacterial infections,157.5,45.0,10's,Jan Aushadhi / PMBJP,JA0859
Ampicillin  and Cloxacillin,Ampicillin 250mg and Cloxacillin 250mg Capsules,Ampicillin  and Cloxacillin,250mg,Capsule,Antibiotics,Bacterial infections,98.45,28.13,10's,Jan Aushadhi / PMBJP,JA0860
Ampicillin  and Di-Cloxacillin,Ampicillin 250mg and Di-Cloxacillin 250mg Capsules,Ampicillin  and Di-Cloxacillin,250mg,Capsule,Antibiotics,Bacterial infections,147.66,42.19,10's,Jan Aushadhi / PMBJP,JA0861
Antioxidant,Antioxidant Capsules,Antioxidant,—,Capsule,Supplement/Vitamin/Mineral,Supplement,213.29,60.94,30's,Jan Aushadhi / PMBJP,JA0863
Apremilast,Apremilast Tablets IP 10mg,Apremilast,10mg,Tablet,Derma Care,Derma Care,262.5,75.0,10's,Jan Aushadhi / PMBJP,JA0864
Apremilast,Apremilast Tablets IP 20mg,Apremilast,20mg,Tablet,Derma Care,Derma Care,328.12,93.75,10's,Jan Aushadhi / PMBJP,JA0865
Apremilast,Apremilast Tablets IP 30mg,Apremilast,30mg,Tablet,Derma Care,Derma Care,452.83,129.38,10's,Jan Aushadhi / PMBJP,JA0866
Atorvastatin  and Aspirin,Atorvastatin 10mg and Aspirin 150mg Capsules,Atorvastatin  and Aspirin,10mg,Capsule,Cardiovascular System (CVS),Cardiovascular System (CVS),85.33,24.38,15's,Jan Aushadhi / PMBJP,JA0867
Atorvastatin  and Clopidogrel,Atorvastatin 20mg and Clopidogrel 75mg Capsules,Atorvastatin  and Clopidogrel,20mg,Capsule,Cardiovascular System (CVS),Cardiovascular System (CVS),126.35,36.1,10's,Jan Aushadhi / PMBJP,JA0868
"Atorvastatin , Clopidogrel  and Aspirin","Atorvastatin 20mg, Clopidogrel 75mg and Aspirin 75mg Capsules","Atorvastatin , Clopidogrel  and Aspirin",20mg,Capsule,Cardiovascular System (CVS),Cardiovascular System (CVS),144.38,41.25,10's,Jan Aushadhi / PMBJP,JA0869
Azilsartan  and Chlorthalidone,Azilsartan 40mg and Chlorthalidone 6.25mg Tablet,Azilsartan  and Chlorthalidone,40mg,Tablet,Cardiovascular System (CVS),Cardiovascular System (CVS),213.29,60.94,10's,Jan Aushadhi / PMBJP,JA0870
Azilsartan Medoxomil  and Chlorthalidone,Azilsartan Medoxomil 40mg and Chlorthalidone 12.5mg Tablets,Azilsartan Medoxomil  and Chlorthalidone,40mg,Tablet,Cardiovascular System (CVS),Cardiovascular System (CVS),239.54,68.44,10's,Jan Aushadhi / PMBJP,JA0871
Azilsartan Medoxomil,Azilsartan Medoxomil Tablets IP 40mg,Azilsartan Medoxomil,40mg,Tablet,Cardiovascular System (CVS),Cardiovascular System (CVS),210.0,60.0,10's,Jan Aushadhi / PMBJP,JA0872
Azithromycin Oral,Azithromycin Oral Suspension IP 200 mg,Azithromycin Oral,200 mg,Suspension,Antibiotics,Bacterial infections,72.2,20.63,15 ml,Jan Aushadhi / PMBJP,JA0873
Beclomethasone w/w and Clotrimazole w/w,Beclomethasone 0.025%w/w and Clotrimazole 1%w/w Cream,Beclomethasone w/w and Clotrimazole w/w,0.025%,Cream,Dermatology/Topical/External,Dermatology,82.04,23.44,20 g,Jan Aushadhi / PMBJP,JA0874
Beclomethasone w/v and Clotrimazole w/v,Beclomethasone 0.025%w/v and Clotrimazole 1%w/v Lotion,Beclomethasone w/v and Clotrimazole w/v,0.025%,Lotion,Dermatology/Topical/External,Dermatology,98.45,28.13,30 ml,Jan Aushadhi / PMBJP,JA0875
Bepotastine Besilate,Bepotastine Besilate Tablets 10mg,Bepotastine Besilate,10mg,Tablet,Anti-Histaminic,Anti-Histaminic,213.29,60.94,10's,Jan Aushadhi / PMBJP,JA0876
Betahistine,Betahistine Tablets IP 16 mg,Betahistine,16 mg,Tablet,Central Nervous System (CNS),Neurological conditions,52.5,15.0,15's,Jan Aushadhi / PMBJP,JA0877
Betahistine,Betahistine Tablets IP 24 mg,Betahistine,24 mg,Tablet,Central Nervous System (CNS),Neurological conditions,78.75,22.5,15's,Jan Aushadhi / PMBJP,JA0878
"Betamethasone Valerate w/w, Gentamicin w/w and Mic","Betamethasone Valerate 0.12%w/w, Gentamicin 0.1%w/w and Miconazole Nitrate 2%w/w Cream","Betamethasone Valerate w/w, Gentamicin w/w and Miconazole Nitrate w/w",0.12%,Cream,Dermatology/Topical/External,Dermatology,52.5,15.0,20 g,Jan Aushadhi / PMBJP,JA0879
Bilastine,Bilastine Tablets 20 mg,Bilastine,20 mg,Tablet,Anti-Histaminic,Anti-Histaminic,114.87,32.82,10's,Jan Aushadhi / PMBJP,JA0880
Bimatoprost Ophthalmic,Bimatoprost Ophthalmic Solution 0.03% w/v,Bimatoprost Ophthalmic,0.03%,Solution,Opthalmic/Otic,Opthalmic,557.83,159.38,3 ml,Jan Aushadhi / PMBJP,JA0882
Bisoprolol Fumarate,Bisoprolol Fumarate Tablets 2.5 mg,Bisoprolol Fumarate,2.5 mg,Tablet,Cardiovascular System (CVS),Cardiovascular System (CVS),36.12,10.32,10's,Jan Aushadhi / PMBJP,JA0883
Brimonidine Tartrate w/v and Timolol Maleate w/v O,Brimonidine Tartrate 0.2%w/v and Timolol Maleate 0.5%w/v Ophthalmic Solution,Brimonidine Tartrate w/v and Timolol Maleate w/v Ophthalmic,0.2%,Solution,Opthalmic/Otic,Opthalmic,164.08,46.88,5 ml,Jan Aushadhi / PMBJP,JA0884
Brimonidine Tartrate Eye,Brimonidine Tartrate Eye drops IP 0.1% w/v,Brimonidine Tartrate Eye,0.1%,Drops,Opthalmic/Otic,Opthalmic,65.62,18.75,5 ml,Jan Aushadhi / PMBJP,JA0885
Calcitriol  and Calcium,Calcitriol 0.25mcg and Calcium 200mg Capsules,Calcitriol  and Calcium,0.25mcg,Capsule,Supplement/Vitamin/Mineral,Supplement,114.87,32.82,15's,Jan Aushadhi / PMBJP,JA0886
Calcium and Vitamin D3,Calcium and Vitamin D3 Capsules,Calcium and Vitamin D3,—,Capsule,Supplement/Vitamin/Mineral,Supplement,108.29,30.94,10's,Jan Aushadhi / PMBJP,JA0887
"Calcium Citrate Malate , Calcitriol  and Vitamin K","Calcium Citrate Malate 250mg, Calcitriol 0.25mcg and Vitamin K2-7 50mcg Tablets","Calcium Citrate Malate , Calcitriol  and Vitamin K2-7",250mg,Tablet,Supplement/Vitamin/Mineral,Supplement,131.25,37.5,10's,Jan Aushadhi / PMBJP,JA0888
Calcium (from Coral Grains)  and Vitamin D-3,Calcium (from Coral Grains) 500mg and Vitamin D-3 500IU Tablets,Calcium (from Coral Grains)  and Vitamin D-3,500mg,Tablet,Supplement/Vitamin/Mineral,Supplement,98.45,28.13,10's,Jan Aushadhi / PMBJP,JA0889
"Calcium , Calcitriol  and Vitamin K2-7","Calcium 1250mg, Calcitriol 0.25mcg and Vitamin K2-7 45mcg Capsules","Calcium , Calcitriol  and Vitamin K2-7",1250mg,Capsule,Supplement/Vitamin/Mineral,Supplement,164.08,46.88,10's,Jan Aushadhi / PMBJP,JA0890
"Calcium, Magnesium, zinc and Vitamin D-3 Oral","Calcium, Magnesium, zinc and Vitamin D-3 Oral Suspension","Calcium, Magnesium, zinc and Vitamin D-3 Oral",—,Suspension,Supplement/Vitamin/Mineral,Supplement,124.71,35.63,200 ml,Jan Aushadhi / PMBJP,JA0891
Camylofin Dihydrochloride  and Paracetamol,Camylofin Dihydrochloride 25mg and Paracetamol 300mg Tablets,Camylofin Dihydrochloride  and Paracetamol,25mg,Tablet,Analgesic/Antipyretic/Anti-Inflammatory,"Pain, fever, inflammation",65.62,18.75,10's,Jan Aushadhi / PMBJP,JA0892
"Coenzyme Q10 , Lycopene , Selenium  and Omega-3 Fa","Coenzyme Q10 100mg, Lycopene 4000mcg, Selenium 70mcg and Omega-3 Fatty Acids (EPA 90mg and DHA 60mg) Capsules","Coenzyme Q10 , Lycopene , Selenium  and Omega-3 Fatty Acids (EPA  and DHA )",100mg,Capsule,Supplement/Vitamin/Mineral,Supplement,492.2,140.63,10's,Jan Aushadhi / PMBJP,JA0893
Carboxymethlycellulose Eye,Carboxymethlycellulose Eye drops IP 1% w/v,Carboxymethlycellulose Eye,1%,Drops,Opthalmic/Otic,Opthalmic,98.45,28.13,10 ml,Jan Aushadhi / PMBJP,JA0894
Cefixime Oral,Cefixime Oral Suspension IP 100 mg per 5ml,Cefixime Oral,100 mg,Suspension,Antibiotics,Bacterial infections,105.0,30.0,30 ml,Jan Aushadhi / PMBJP,JA0895
Cefixime Oral,Cefixime Oral Suspension IP 25 mg per ml,Cefixime Oral,25 mg,Suspension,Antibiotics,Bacterial infections,72.2,20.63,10 ml,Jan Aushadhi / PMBJP,JA0896
Cefoperazone  and Sulbactam,Cefoperazone 1g and Sulbactam 500mg Injection,Cefoperazone  and Sulbactam,1g,Injection,Antibiotics,Bacterial infections,213.29,60.94,1 Vial,Jan Aushadhi / PMBJP,JA0897
Cefoperazone  and Sulbactam,Cefoperazone 2g and Sulbactam 1g Injection,Cefoperazone  and Sulbactam,2g,Injection,Antibiotics,Bacterial infections,377.37,107.82,1 Vial,Jan Aushadhi / PMBJP,JA0898
Cefpodoxime Oral,Cefpodoxime Oral Suspension IP 100mg,Cefpodoxime Oral,100mg,Suspension,Antibiotics,Bacterial infections,131.25,37.5,30 ml,Jan Aushadhi / PMBJP,JA0899
Ceftriaxone  and Tazobactam,Ceftriaxone 250mg and Tazobactam 31.25mg Injection,Ceftriaxone  and Tazobactam,250mg,Injection,Antibiotics,Bacterial infections,78.75,22.5,1 Vial & wfi,Jan Aushadhi / PMBJP,JA0900
Ceftriaxone,Ceftriaxone Injection IP 2 g,Ceftriaxone,2 g,Injection,Antibiotics,Bacterial infections,196.88,56.25,1 Vial & wfi,Jan Aushadhi / PMBJP,JA0901
Cephalexin Extended Release,Cephalexin Extended Release Tablets 750mg,Cephalexin Extended Release,750mg,Tablet,Antibiotics,Bacterial infections,377.37,107.82,10's,Jan Aushadhi / PMBJP,JA0902
Cerebroprotein Hydrolysate,Cerebroprotein Hydrolysate Injection 30mg,Cerebroprotein Hydrolysate,30mg,Injection,Central Nervous System (CNS),Neurological conditions,656.25,187.5,1 vial,Jan Aushadhi / PMBJP,JA0903
Chloramphenicol,Chloramphenicol Capsules IP 250 mg,Chloramphenicol,250 mg,Capsule,Antibiotics,Bacterial infections,131.25,37.5,10's,Jan Aushadhi / PMBJP,JA0904
Chloramphenicol,Chloramphenicol Capsules IP 500 mg,Chloramphenicol,500 mg,Capsule,Antibiotics,Bacterial infections,213.29,60.94,10's,Jan Aushadhi / PMBJP,JA0905
Chlordiazepoxide  and Amitriptyline Hydrochloride,Chlordiazepoxide 5mg and Amitriptyline Hydrochloride 12.5mg Tablets,Chlordiazepoxide  and Amitriptyline Hydrochloride,5mg,Tablet,Central Nervous System (CNS),Neurological conditions,29.54,8.44,10's,Jan Aushadhi / PMBJP,JA0906
Cholecalciferol Chewable,Cholecalciferol Chewable Tablets 60000 IU,Cholecalciferol Chewable,60000 IU,Tablet,Supplement/Vitamin/Mineral,Supplement,54.15,15.47,4'S,Jan Aushadhi / PMBJP,JA0907
Cilnidipine,Cilnidipine Tablets IP 10 mg,Cilnidipine,10 mg,Tablet,Cardiovascular System (CVS),Cardiovascular System (CVS),54.15,15.47,10's,Jan Aushadhi / PMBJP,JA0908
Cilnidipine,Cilnidipine Tablets IP 5 mg,Cilnidipine,5 mg,Tablet,Cardiovascular System (CVS),Cardiovascular System (CVS),36.12,10.32,10's,Jan Aushadhi / PMBJP,JA0909
Pantoprazole Gastro-resistant  and Cinitapride Sus,Pantoprazole Gastro-resistant 40mg and Cinitapride Sustained release 3mg Capsules,Pantoprazole Gastro-resistant  and Cinitapride Sustained release,40mg,Capsule,Gastrointestinal (GIT),Gastrointestinal (GIT),180.5,51.57,10's,Jan Aushadhi / PMBJP,JA0910
Cinnarizine,Cinnarizine Tablets IP 75mg,Cinnarizine,75mg,Tablet,Central Nervous System (CNS),Neurological conditions,49.25,14.07,10's,Jan Aushadhi / PMBJP,JA0911
Ciprofloxacin 0.3% w/v and Dexamethasone 0.1% w/v ,Ciprofloxacin 0.3% w/v and Dexamethasone 0.1% w/v Eye/Ear Drops,Ciprofloxacin 0.3% w/v and Dexamethasone 0.1% w/v Eye/Ear,0.3%,Drops,Antibiotics,Bacterial infections,36.12,10.32,10 ml,Jan Aushadhi / PMBJP,JA0912
Citicoline  and Piracetam,Citicoline 500mg and Piracetam 800mg Tablets,Citicoline  and Piracetam,500mg,Tablet,Central Nervous System (CNS),Neurological conditions,721.88,206.25,10's,Jan Aushadhi / PMBJP,JA0913
"Clidinium Bromide , Chlordiazepoxide  and Dicyclom","Clidinium Bromide 2.5mg, Chlordiazepoxide 5mg and Dicyclomine Hydrochloride 10mg Tablets","Clidinium Bromide , Chlordiazepoxide  and Dicyclomine Hydrochloride",2.5mg,Tablet,Gastrointestinal (GIT),Gastrointestinal (GIT),45.96,13.13,10's,Jan Aushadhi / PMBJP,JA0914
Clindamycin w/w and Nicotinamide w/w,Clindamycin 1%w/w and Nicotinamide 4%w/w Gel,Clindamycin w/w and Nicotinamide w/w,1%,Gel,Dermatology/Topical/External,Dermatology,65.62,18.75,15 g,Jan Aushadhi / PMBJP,JA0915
Clobazam,Clobazam Tablets IP 10 mg,Clobazam,10 mg,Tablet,Central Nervous System (CNS),Neurological conditions,105.0,30.0,15's,Jan Aushadhi / PMBJP,JA0916
Clobetasol Propionate w/w and Gentamicin w/w,Clobetasol Propionate 0.05%w/w and Gentamicin 0.1%w/w Cream,Clobetasol Propionate w/w and Gentamicin w/w,0.05%,Cream,Dermatology/Topical/External,Dermatology,42.66,12.19,25 g,Jan Aushadhi / PMBJP,JA0917
Clobetasol Propionate w/w and Miconazole Nitrate w,Clobetasol Propionate 0.05%w/w and Miconazole Nitrate 2%w/w Cream,Clobetasol Propionate w/w and Miconazole Nitrate w/w,0.05%,Cream,Dermatology/Topical/External,Dermatology,91.88,26.25,15 g,Jan Aushadhi / PMBJP,JA0918
Clobetasol Propionate w/w and Neomycin Sulphate w/,Clobetasol Propionate 0.05%w/w and Neomycin Sulphate 0.5%w/w Cream,Clobetasol Propionate w/w and Neomycin Sulphate w/w,0.05%,Cream,Dermatology/Topical/External,Dermatology,49.25,14.07,10 g,Jan Aushadhi / PMBJP,JA0919
Clobetasol Propionate w/w and Salicylic Acid w/w,Clobetasol Propionate 0.05%w/w and Salicylic Acid 3%w/w Ointment,Clobetasol Propionate w/w and Salicylic Acid w/w,0.05%,Ointment,Dermatology/Topical/External,Dermatology,98.45,28.13,20g,Jan Aushadhi / PMBJP,JA0920
"Clobetasol Propionate w/w, Gentamicin w/w and Mico","Clobetasol Propionate 0.05%w/w, Gentamicin 0.1%w/w and Miconazole Nitrate 2%w/w Cream","Clobetasol Propionate w/w, Gentamicin w/w and Miconazole Nitrate w/w",0.05%,Cream,Dermatology/Topical/External,Dermatology,72.2,20.63,15 g,Jan Aushadhi / PMBJP,JA0922
Clopidogrel  and Aspirin,Clopidogrel 75mg and Aspirin 150mg Capsules,Clopidogrel  and Aspirin,75mg,Capsule,Cardiovascular System (CVS),Cardiovascular System (CVS),203.46,58.13,15's,Jan Aushadhi / PMBJP,JA0923
Clotrimazole 1% w/v and Selenium Sulfide 2.5% w/v,Clotrimazole 1% w/v and Selenium Sulfide 2.5% w/v Suspension,Clotrimazole 1% w/v and Selenium Sulfide 2.5% w/v,1%,Suspension,Dermatology/Topical/External,Dermatology,393.75,112.5,75 ml,Jan Aushadhi / PMBJP,JA0924
Clotrimazole Mouth Paint 1% w/v,Clotrimazole Mouth Paint 1% w/v,Clotrimazole Mouth Paint 1% w/v,1%,Tablet,Stomatologicals,Stomatologicals,65.62,18.75,25 ml,Jan Aushadhi / PMBJP,JA0925
Coenzyme Q10 (Ubidecarenone) and L-Carnitine,Coenzyme Q10 (Ubidecarenone) and L-Carnitine Tablets,Coenzyme Q10 (Ubidecarenone) and L-Carnitine,—,Tablet,Supplement/Vitamin/Mineral,Supplement,328.12,93.75,10's,Jan Aushadhi / PMBJP,JA0926
Colistimethate Sodium for,Colistimethate Sodium for Injection IP 1 Million IU,Colistimethate Sodium for,—,Injection,Antibiotics,Bacterial infections,590.62,168.75,Vial (10 ml),Jan Aushadhi / PMBJP,JA0927
Colistimethate Sodium for,Colistimethate Sodium for Injection IP 4.5 Million IU,Colistimethate Sodium for,—,Injection,Antibiotics,Bacterial infections,1476.58,421.88,Vial (10 ml),Jan Aushadhi / PMBJP,JA0928
Colistin Sulphate Oral,Colistin Sulphate Oral Suspension IP 12.5 mg per 5ml,Colistin Sulphate Oral,12.5 mg,Suspension,Antibiotics,Bacterial infections,95.17,27.19,30 ml,Jan Aushadhi / PMBJP,JA0929
Dabigatran Etexilate Mesilate,Dabigatran Etexilate Mesilate Capsules 110 mg,Dabigatran Etexilate Mesilate,110 mg,Capsule,Anticoagulant,Anticoagulant,451.19,128.91,10's,Jan Aushadhi / PMBJP,JA0931
Dapagliflozin,Dapagliflozin Tablets 10 mg,Dapagliflozin,10 mg,Tablet,Anti-Diabetic,Anti-Diabetic,105.0,30.0,10's,Jan Aushadhi / PMBJP,JA0933
Desloratadine  and Montelukast,Desloratadine 5mg and Montelukast 10mg Tablets,Desloratadine  and Montelukast,5mg,Tablet,Anti-Histaminic,Anti-Histaminic,82.04,23.44,10's,Jan Aushadhi / PMBJP,JA0934
"Diclofenac Diethylamine 1.16% w/w, Thiocholchicosi","Diclofenac Diethylamine 1.16% w/w, Thiocholchicoside 0.125% w/w, Linseed Oil 3% w/w, Methylsalicylate 10% w/w and Menthol 5% w/w Gel","Diclofenac Diethylamine 1.16% w/w, Thiocholchicoside 0.125% w/w, Linseed Oil 3% w/w, Methylsalicylate 10% w/w and Menthol 5% w/w",1.16%,Gel,Analgesic/Antipyretic/Anti-Inflammatory,"Pain, fever, inflammation",164.08,46.88,30 gm,Jan Aushadhi / PMBJP,JA0935
Diclofenac Potassium  and Metaxalone,Diclofenac Potassium 50mg and Metaxalone 400mg Tablets,Diclofenac Potassium  and Metaxalone,50mg,Tablet,Analgesic/Antipyretic/Anti-Inflammatory,"Pain, fever, inflammation",164.08,46.88,10's,Jan Aushadhi / PMBJP,JA0936
Diclofenac Prolonged release,Diclofenac Prolonged release Tablets IP 75 mg,Diclofenac Prolonged release,75 mg,Tablet,Analgesic/Antipyretic/Anti-Inflammatory,"Pain, fever, inflammation",32.83,9.38,10's,Jan Aushadhi / PMBJP,JA0937
Pancreatin  (containing 15000 units of Amylase act,"Pancreatin 170 mg (containing 15000 units of Amylase activity, 4000 units of Lipase activity, 15000 units of Protease activity) and Sodium Tauroglycocholate 65mg Digestive Enzyme Tablets","Pancreatin  (containing 15000 units of Amylase activity, 4000 units of Lipase activity, 15000 units of Protease activity) and Sodium Tauroglycocholate  Digestive Enzyme",170 mg,Tablet,Enzyme Preparation,Enzyme Preparation,246.12,70.32,10's,Jan Aushadhi / PMBJP,JA0938
Diltiazem Hydrochloride Extended Release,Diltiazem Hydrochloride Extended Release Capsules 120 mg,Diltiazem Hydrochloride Extended Release,120 mg,Capsule,Cardiovascular System (CVS),Cardiovascular System (CVS),114.87,32.82,10's,Jan Aushadhi / PMBJP,JA0939
Diphenoxylate Hydrochloride  and Atropine sulphate,Diphenoxylate Hydrochloride 2.5mg and Atropine sulphate 0.025mg Tablet,Diphenoxylate Hydrochloride  and Atropine sulphate,2.5mg,Tablet,Gastrointestinal (GIT),Gastrointestinal (GIT),19.7,5.63,10's,Jan Aushadhi / PMBJP,JA0940
Divalproex,Divalproex Tablets IP 500 mg,Divalproex,500 mg,Tablet,Central Nervous System (CNS),Neurological conditions,114.87,32.82,10's,Jan Aushadhi / PMBJP,JA0941
Dorzolamide 2% w/v and Timolol 0.5% w/v Eye,Dorzolamide 2% w/v and Timolol 0.5% w/v Eye Drops IP,Dorzolamide 2% w/v and Timolol 0.5% w/v Eye,2%,Drops,Opthalmic/Otic,Opthalmic,525.0,150.0,5 ml,Jan Aushadhi / PMBJP,JA0942
Dorzolamide Eye,Dorzolamide Eye Drops IP 2% w/v,Dorzolamide Eye,2%,Drops,Opthalmic/Otic,Opthalmic,360.95,103.13,5 ml,Jan Aushadhi / PMBJP,JA0943
Dosulepin (or Dothiepin),Dosulepin (or Dothiepin) Tablets 25 mg,Dosulepin (or Dothiepin),25 mg,Tablet,Central Nervous System (CNS),Neurological conditions,57.75,16.5,10's,Jan Aushadhi / PMBJP,JA0944
Dosulepine (or Dothiepin),Dosulepine (or Dothiepin) Tablets IP 75mg,Dosulepine (or Dothiepin),75mg,Tablet,Central Nervous System (CNS),Neurological conditions,236.25,67.5,10's,Jan Aushadhi / PMBJP,JA0945
Drotaverine Hydrochloride,Drotaverine Hydrochloride Tablets IP 80 mg,Drotaverine Hydrochloride,80 mg,Tablet,Gastrointestinal (GIT),Gastrointestinal (GIT),65.62,18.75,15's,Jan Aushadhi / PMBJP,JA0946
"Efavirenz , Emtricitabine  and Tenofovir Disoproxi","Efavirenz 600mg, Emtricitabine 200mg and Tenofovir Disoproxil Fumarate 300mg Tablets IP","Efavirenz , Emtricitabine  and Tenofovir Disoproxil Fumarate",600mg,Tablet,Anti-Retroviral,Anti-Retroviral,3609.38,1031.25,30's,Jan Aushadhi / PMBJP,JA0947
Empagliflozin,Empagliflozin Tablets 10 mg,Empagliflozin,10 mg,Tablet,Anti-Diabetic,Anti-Diabetic,131.25,37.5,10's,Jan Aushadhi / PMBJP,JA0948
Empagliflozin,Empagliflozin Tablets 25 mg,Empagliflozin,25 mg,Tablet,Anti-Diabetic,Anti-Diabetic,216.58,61.88,10's,Jan Aushadhi / PMBJP,JA0949
Emtricitabine  and Tenofovir Disoproxil Fumarate,Emtricitabine 200mg and Tenofovir Disoproxil Fumarate 300mg Tablets IP,Emtricitabine  and Tenofovir Disoproxil Fumarate,200mg,Tablet,Anti-Retroviral,Anti-Retroviral,3445.33,984.38,30's,Jan Aushadhi / PMBJP,JA0950
Entecavir,Entecavir Tablets IP 0.5 mg,Entecavir,0.5 mg,Tablet,Hepato-Protective,Hepato-Protective,328.12,93.75,10's,Jan Aushadhi / PMBJP,JA0951
Eplerenone,Eplerenone Tablets IP 25 mg,Eplerenone,25 mg,Tablet,Cardiovascular System (CVS),Cardiovascular System (CVS),426.58,121.88,10's,Jan Aushadhi / PMBJP,JA0952
Erythromycin Stearate,Erythromycin Stearate Tablets IP 500mg,Erythromycin Stearate,500mg,Tablet,Antibiotics,Bacterial infections,187.04,53.44,10's,Jan Aushadhi / PMBJP,JA0953
Etoricoxib  and Paracetamol,Etoricoxib 60mg and Paracetamol 325mg Tablets,Etoricoxib  and Paracetamol,60mg,Tablet,Analgesic/Antipyretic/Anti-Inflammatory,"Pain, fever, inflammation",88.62,25.32,10's,Jan Aushadhi / PMBJP,JA0954
Etoricoxib  and Thiocolchicoside,Etoricoxib 60mg and Thiocolchicoside 4mg Tablets,Etoricoxib  and Thiocolchicoside,60mg,Tablet,Analgesic/Antipyretic/Anti-Inflammatory,"Pain, fever, inflammation",196.88,56.25,10's,Jan Aushadhi / PMBJP,JA0955
Evening Primrose Oil,Evening Primrose Oil 1000 mg,Evening Primrose Oil,1000 mg,Tablet,Supplement/Vitamin/Mineral,Supplement,278.91,79.69,15's,Jan Aushadhi / PMBJP,JA0956
Evening Primrose Oil,Evening Primrose Oil 500 mg,Evening Primrose Oil,500 mg,Tablet,Supplement/Vitamin/Mineral,Supplement,180.5,51.57,15's,Jan Aushadhi / PMBJP,JA0957
"Ferrous Ascorbate , Folic Acid  and Zinc Sulphate","Ferrous Ascorbate 100mg, Folic Acid 1.5mg and Zinc Sulphate 22.5mg Tablets","Ferrous Ascorbate , Folic Acid  and Zinc Sulphate",100mg,Tablet,Supplement/Vitamin/Mineral,Supplement,108.29,30.94,10's,Jan Aushadhi / PMBJP,JA0958
Fexofenadine Hydrochloride,Fexofenadine Hydrochloride Suspension (30mg/5ml),Fexofenadine Hydrochloride,30mg,Suspension,Anti-Histaminic,Anti-Histaminic,98.45,28.13,100 ml,Jan Aushadhi / PMBJP,JA0959
Flupentixol  and Melitracen,Flupentixol 0.5mg and Melitracen 10mg Tablets,Flupentixol  and Melitracen,0.5mg,Tablet,Central Nervous System (CNS),Neurological conditions,65.62,18.75,10's,Jan Aushadhi / PMBJP,JA0960
Fluticasone Propionate,Fluticasone Propionate Cream IP 0.05%,Fluticasone Propionate,0.05%,Cream,Dermatology/Topical/External,Dermatology,65.62,18.75,10 g,Jan Aushadhi / PMBJP,JA0961
Formoterol Fumarate  and Budesonide,Formoterol Fumarate 6mcg and Budesonide 200mcg Inhaler,Formoterol Fumarate  and Budesonide,6mcg,Inhaler,Respiratory,Respiratory conditions,541.41,154.69,120 MD,Jan Aushadhi / PMBJP,JA0962
Formoterol Fumarate  and Budesonide,Formoterol Fumarate 12mcg and Budesonide 400mcg Powder for Inhalation IP,Formoterol Fumarate  and Budesonide,12mcg,Powder,Respiratory,Respiratory conditions,328.12,93.75,30's,Jan Aushadhi / PMBJP,JA0964
Formoterol Fumarate  and Budesonide  Respirator,Formoterol Fumarate 20mcg and Budesonide 0.5mg Respirator Suspension,Formoterol Fumarate  and Budesonide  Respirator,20mcg,Suspension,Respiratory,Respiratory conditions,49.25,14.07,2 ml,Jan Aushadhi / PMBJP,JA0966
Formoterol Fumarate  and Fluticasone Propionate,Formoterol Fumarate 6mcg and Fluticasone Propionate 250mcg Powder for Inhalation,Formoterol Fumarate  and Fluticasone Propionate,6mcg,Powder,Respiratory,Respiratory conditions,360.95,103.13,30's,Jan Aushadhi / PMBJP,JA0968
Fungal Diastase with Carminatives,Fungal Diastase with Carminatives Syrup,Fungal Diastase with Carminatives,—,Syrup,Enzyme Preparation,Enzyme Preparation,147.66,42.19,200 ml,Jan Aushadhi / PMBJP,JA0970
Fusidic Acid 2% w/w and Betamethasone Valerate 0.1,Fusidic Acid 2% w/w and Betamethasone Valerate 0.1% w/w Cream,Fusidic Acid 2% w/w and Betamethasone Valerate 0.1% w/w,2%,Cream,Dermatology/Topical/External,Dermatology,118.12,33.75,15 g,Jan Aushadhi / PMBJP,JA0972
Gabapentin  and Nortryptyline,Gabapentin 100 mg and Nortryptyline 10 mg Tablet,Gabapentin  and Nortryptyline,100 mg,Tablet,Central Nervous System (CNS),Neurological conditions,82.04,23.44,15's,Jan Aushadhi / PMBJP,JA0973
Gabapentin  and Methylcobalamin,Gabapentin 300mg and Methylcobalamin 500mcg Tablet,Gabapentin  and Methylcobalamin,300mg,Tablet,Central Nervous System (CNS),Neurological conditions,131.25,37.5,10's,Jan Aushadhi / PMBJP,JA0974
Glargine  Pre-filled Disposable Pen,Glargine 100 IU Pre-filled Disposable Pen,Glargine  Pre-filled Disposable Pen,100 IU,Tablet,Anti-Diabetic,Anti-Diabetic,1452.5,415.0,3ml Pre-filled Pen,Jan Aushadhi / PMBJP,JA0975
"Glibenclamide , Metformin  and Pioglitazone","Glibenclamide 5 mg, Metformin 500 mg and Pioglitazone 15 mg Tablet","Glibenclamide , Metformin  and Pioglitazone",5 mg,Tablet,Anti-Diabetic,Anti-Diabetic,90.27,25.79,10's,Jan Aushadhi / PMBJP,JA0976
Gliclazide  (Modified Release) and Metformin  (Ext,Gliclazide 60mg (Modified Release) and Metformin 500mg (Extended Release) Tablets,Gliclazide  (Modified Release) and Metformin  (Extended Release),60mg,Tablet,Anti-Diabetic,Anti-Diabetic,98.45,28.13,10's,Jan Aushadhi / PMBJP,JA0977
"Metformin  (Sustained Release), Glimepiride  and P","Metformin 500mg (Sustained Release), Glimepiride 2mg and Pioglitazone 15mg Tablets","Metformin  (Sustained Release), Glimepiride  and Pioglitazone",500mg,Tablet,Anti-Diabetic,Anti-Diabetic,79.42,22.69,10's,Jan Aushadhi / PMBJP,JA0978
Metformin  (Prolonged release) and Glimepiride,Metformin 850mg (Prolonged release) and Glimepiride 3mg IP Tablets,Metformin  (Prolonged release) and Glimepiride,850mg,Tablet,Anti-Diabetic,Anti-Diabetic,82.04,23.44,10's,Jan Aushadhi / PMBJP,JA0979
Glucosamine  and Chondroitin,Glucosamine 750mg and Chondroitin 100mg Tablets,Glucosamine  and Chondroitin,750mg,Tablet,Ortho,Ortho,607.04,173.44,10's,Jan Aushadhi / PMBJP,JA0980
"Guaifenesin , Terbutaline  and Bromhexine  Expecto","Guaifenesin 50mg, Terbutaline 1.25 mg and Bromhexine 2 mg Expectorant","Guaifenesin , Terbutaline  and Bromhexine  Expectorant",50mg,Tablet,Respiratory,Respiratory conditions,82.04,23.44,100 ml,Jan Aushadhi / PMBJP,JA0981
Human Normal Immunoglobulin for Intravenous use,Human Normal Immunoglobulin for Intravenous use IP 5%,Human Normal Immunoglobulin for Intravenous use,5%,Tablet,Vaccines,Vaccines,35000.0,10000.0,100 ml,Jan Aushadhi / PMBJP,JA0982
Hydroxypropylmethylcellulose Eye,Hydroxypropylmethylcellulose Eye Drop 0.3% w/v,Hydroxypropylmethylcellulose Eye,0.3%,Tablet,Opthalmic/Otic,Opthalmic,98.45,28.13,10 ml,Jan Aushadhi / PMBJP,JA0984
Hydroxyzine,Hydroxyzine Tablets IP 25mg,Hydroxyzine,25mg,Tablet,Anti-Histaminic,Anti-Histaminic,39.38,11.25,15's,Jan Aushadhi / PMBJP,JA0985
Hyoscine Butylbromide  and Mefenamic Acid,Hyoscine Butylbromide 10mg and Mefenamic Acid 250mg Tablets,Hyoscine Butylbromide  and Mefenamic Acid,10mg,Tablet,Gastrointestinal (GIT),Gastrointestinal (GIT),164.08,46.88,10's,Jan Aushadhi / PMBJP,JA0986
Ibuprofen  and Paracetamol/Acetaminophen  Oral,Ibuprofen 100mg and Paracetamol/Acetaminophen 162.5mg Oral Suspension,Ibuprofen  and Paracetamol/Acetaminophen  Oral,100mg,Suspension,Analgesic/Antipyretic/Anti-Inflammatory,"Pain, fever, inflammation",75.5,21.57,100 ml,Jan Aushadhi / PMBJP,JA0987
Indacaterol  and Glycopyrronium,Indacaterol 110mcg and Glycopyrronium 50mcg powder for Inhalation,Indacaterol  and Glycopyrronium,110mcg,Powder,Respiratory,Respiratory conditions,2401.88,686.25,30 capsules and 1 inhaler,Jan Aushadhi / PMBJP,JA0988
"Carbonyl Iron , Folic Acid  and Vitamin B12  with ","Carbonyl Iron 100mg, Folic Acid 1.5mg and Vitamin B12 15mcg with Zinc Capsules","Carbonyl Iron , Folic Acid  and Vitamin B12  with Zinc",100mg,Capsule,Supplement/Vitamin/Mineral,Supplement,49.25,14.07,10's,Jan Aushadhi / PMBJP,JA0989
Isotretinoin,Isotretinoin Capsules IP 20mg,Isotretinoin,20mg,Capsule,Derma Care,Derma Care,164.08,46.88,10's,Jan Aushadhi / PMBJP,JA0991
Ivabradine,Ivabradine Tablets 5mg,Ivabradine,5mg,Tablet,Cardiovascular System (CVS),Cardiovascular System (CVS),295.33,84.38,15's,Jan Aushadhi / PMBJP,JA0992
Ketoconazole Soap 2%,Ketoconazole Soap 2%,Ketoconazole Soap 2%,2%,Tablet,Derma Care,Derma Care,154.17,44.05,75 gm Pack,Jan Aushadhi / PMBJP,JA0993
"L-Methylfolate Calcium , Pyridoxal-5-Phosphate  an","L-Methylfolate Calcium 2.8mg, Pyridoxal-5-Phosphate 25mg and Mecobalamin 2mg Tablets","L-Methylfolate Calcium , Pyridoxal-5-Phosphate  and Mecobalamin",2.8mg,Tablet,Supplement/Vitamin/Mineral,Supplement,196.88,56.25,10's,Jan Aushadhi / PMBJP,JA0994
"L-Methylfolate , Pyridoxal-5 Phosphate  & Methylco","L-Methylfolate 1mg, Pyridoxal-5 Phosphate 0.5mg & Methylcobalamin 1500mcg Tablets","L-Methylfolate , Pyridoxal-5 Phosphate  & Methylcobalamin",1mg,Tablet,Supplement/Vitamin/Mineral,Supplement,131.25,37.5,10's,Jan Aushadhi / PMBJP,JA0995
L- Ornithine L-Aspartate,L- Ornithine L-Aspartate Infusion 5gm per 10ml,L- Ornithine L-Aspartate,5g,Infusion,Supplement/Vitamin/Mineral,Supplement,328.12,93.75,10 ml,Jan Aushadhi / PMBJP,JA0996
Lactitol 10 gm and Ispaghula 3.5 gm Granules,Lactitol 10 gm and Ispaghula 3.5 gm Granules,Lactitol 10 gm and Ispaghula 3.5 gm Granules,10 g,Tablet,Gastrointestinal (GIT),Gastrointestinal (GIT),656.25,187.5,180 gm,Jan Aushadhi / PMBJP,JA0997
Lecithin,Lecithin Capsules 1000mg,Lecithin,1000mg,Capsule,Hepato-Protective,Hepato-Protective,196.88,56.25,10's,Jan Aushadhi / PMBJP,JA0999
Levetiracetam,Levetiracetam Tablets IP 1000 mg,Levetiracetam,1000 mg,Tablet,Central Nervous System (CNS),Neurological conditions,393.75,112.5,10's,Jan Aushadhi / PMBJP,JA1000
Levetiracetam,Levetiracetam Tablets IP 250 mg,Levetiracetam,250 mg,Tablet,Central Nervous System (CNS),Neurological conditions,98.45,28.13,10's,Jan Aushadhi / PMBJP,JA1001
Levetiracetam,Levetiracetam Tablets IP 750 mg,Levetiracetam,750 mg,Tablet,Central Nervous System (CNS),Neurological conditions,295.33,84.38,10's,Jan Aushadhi / PMBJP,JA1002
Levocetirizine Dihydrochloride,Levocetirizine Dihydrochloride Tablets IP 10mg,Levocetirizine Dihydrochloride,10mg,Tablet,Anti-Histaminic,Anti-Histaminic,45.96,13.13,15's,Jan Aushadhi / PMBJP,JA1003
Levodropropizine  and Chlorpheniramine Maleate,Levodropropizine 30mg and Chlorpheniramine Maleate 2mg Syrup,Levodropropizine  and Chlorpheniramine Maleate,30mg,Syrup,Respiratory,Respiratory conditions,134.54,38.44,120 ml,Jan Aushadhi / PMBJP,JA1005
Levosalbutamol  and Beclomethasone  Rotacaps,Levosalbutamol 100mcg and Beclomethasone 100mcg Rotacaps,Levosalbutamol  and Beclomethasone  Rotacaps,100mcg,Tablet,Respiratory,Respiratory conditions,203.46,58.13,60 s in container,Jan Aushadhi / PMBJP,JA1006
Levosalbutamol  and Budesonide  respules,Levosalbutamol 1.25mg and Budesonide 0.5mg respules,Levosalbutamol  and Budesonide  respules,1.25mg,Tablet,Respiratory,Respiratory conditions,88.62,25.32,2ml respules,Jan Aushadhi / PMBJP,JA1009
Levosalbutamol  and Ipratropium  Rotacap,Levosalbutamol 100mcg and Ipratropium 40mcg Rotacap,Levosalbutamol  and Ipratropium  Rotacap,100mcg,Tablet,Respiratory,Respiratory conditions,246.12,70.32,60 s in container,Jan Aushadhi / PMBJP,JA1010
Levosalbutamol Respules  per,Levosalbutamol Respules 0.63mg per 2.5ml,Levosalbutamol Respules  per,0.63mg,Tablet,Respiratory,Respiratory conditions,18.72,5.35,2.5 ml,Jan Aushadhi / PMBJP,JA1011
Linagliptin  and Metformin,Linagliptin 2.5mg and Metformin 1000mg Tablets,Linagliptin  and Metformin,2.5mg,Tablet,Anti-Diabetic,Anti-Diabetic,128.0,36.57,10's,Jan Aushadhi / PMBJP,JA1012
Linagliptin  and Metformin,Linagliptin 2.5mg and Metformin 500mg Tablets,Linagliptin  and Metformin,2.5mg,Tablet,Anti-Diabetic,Anti-Diabetic,114.87,32.82,10's,Jan Aushadhi / PMBJP,JA1013
Linagliptin,Linagliptin Tablets 5mg,Linagliptin,5mg,Tablet,Anti-Diabetic,Anti-Diabetic,124.71,35.63,10's,Jan Aushadhi / PMBJP,JA1014
"Megaldrate , Simethicone  and Oxetacaine  Oral","Megaldrate 540mg, Simethicone 50mg and Oxetacaine 10mg Oral Suspension","Megaldrate , Simethicone  and Oxetacaine  Oral",540mg,Suspension,Gastrointestinal (GIT),Gastrointestinal (GIT),137.83,39.38,170 ml,Jan Aushadhi / PMBJP,JA1015
Methylcobalamin  with Alpha Lipoic Acid  and B- Co,"Methylcobalamin 1500mcg with Alpha Lipoic Acid 100mg and B- Complex (Thiamine Mononitrate 10mg, Pyridoxine 3mg, Folic acid 1.5mg) Capsules","Methylcobalamin  with Alpha Lipoic Acid  and B- Complex (Thiamine Mononitrate , Pyridoxine , Folic acid )",1500mcg,Capsule,Supplement/Vitamin/Mineral,Supplement,216.58,61.88,10's,Jan Aushadhi / PMBJP,JA1017
Metoprolol  (Extended Release) and Ramipril,Metoprolol 50mg (Extended Release) and Ramipril 5mg Tablet,Metoprolol  (Extended Release) and Ramipril,50mg,Tablet,Cardiovascular System (CVS),Cardiovascular System (CVS),295.33,84.38,10's,Jan Aushadhi / PMBJP,JA1018
Metoprolol Succinate Prolonged release,Metoprolol Succinate Prolonged release tablets IP 25mg,Metoprolol Succinate Prolonged release,25mg,Tablet,Cardiovascular System (CVS),Cardiovascular System (CVS),54.15,15.47,15's,Jan Aushadhi / PMBJP,JA1020
Minoxidil,Minoxidil Solution 5%,Minoxidil,5%,Solution,Derma Care,Derma Care,525.0,150.0,60 ml,Jan Aushadhi / PMBJP,JA1021
Minoxidil 5% and Finasteride 0.1% Topical,Minoxidil 5% and Finasteride 0.1% Topical Solution,Minoxidil 5% and Finasteride 0.1% Topical,5%,Solution,Derma Care,Derma Care,754.7,215.63,60 ml,Jan Aushadhi / PMBJP,JA1022
Montelukast  and Levocetirizine,Montelukast 4mg and Levocetirizine 2.5mg Syrup,Montelukast  and Levocetirizine,4mg,Syrup,Respiratory,Respiratory conditions,65.62,18.75,60 ml,Jan Aushadhi / PMBJP,JA1023
Janaushadhi Mosquito Repellent,"Janaushadhi Mosquito Repellent Cream (N, N-Diethyl Benzamide 12% w/w Mosquito Repellent Cream)",Janaushadhi Mosquito Repellent,12%,Cream,Mosquito Repellent,Mosquito Repellent,105.0,30.0,50 gm,Jan Aushadhi / PMBJP,JA1024
Naproxen  and Domperidone,Naproxen 250 mg and Domperidone 10 mg Tablet,Naproxen  and Domperidone,250 mg,Tablet,Analgesic/Antipyretic/Anti-Inflammatory,"Pain, fever, inflammation",98.45,28.13,10's,Jan Aushadhi / PMBJP,JA1025
Naproxen  and Domperidone,Naproxen 500 mg and Domperidone 10 mg Tablet,Naproxen  and Domperidone,500 mg,Tablet,Analgesic/Antipyretic/Anti-Inflammatory,"Pain, fever, inflammation",170.62,48.75,10's,Jan Aushadhi / PMBJP,JA1026
Nebivolol  and S- Amlodipine,Nebivolol 5 mg and S- Amlodipine 2.5 mg Tablet,Nebivolol  and S- Amlodipine,5 mg,Tablet,Cardiovascular System (CVS),Cardiovascular System (CVS),82.04,23.44,10's,Jan Aushadhi / PMBJP,JA1027
"Neomycin , Polymyxin B Sulfates  and Bacitracin Zi","Neomycin 3400IU, Polymyxin B Sulfates 5000IU and Bacitracin Zinc 400IU Ophthalmic Ointment","Neomycin , Polymyxin B Sulfates  and Bacitracin Zinc  Ophthalmic",3400IU,Ointment,Dermatology/Topical/External,Dermatology,61.39,17.54,5 g,Jan Aushadhi / PMBJP,JA1028
Nicorandil,Nicorandil Tablet IP 10mg,Nicorandil,10mg,Tablet,Cardiovascular System (CVS),Cardiovascular System (CVS),164.08,46.88,10's,Jan Aushadhi / PMBJP,JA1029
Nicorandil,Nicorandil Tablet IP 5mg,Nicorandil,5mg,Tablet,Cardiovascular System (CVS),Cardiovascular System (CVS),131.25,37.5,10's,Jan Aushadhi / PMBJP,JA1030
Nicoumalone/Acenocoumarol,Nicoumalone/Acenocoumarol Tablets IP 1 mg,Nicoumalone/Acenocoumarol,1 mg,Tablet,Cardiovascular System (CVS),Cardiovascular System (CVS),131.25,37.5,10's,Jan Aushadhi / PMBJP,JA1031
Nicoumalone/Acenocoumarol,Nicoumalone/Acenocoumarol Tablets IP 3 mg,Nicoumalone/Acenocoumarol,3 mg,Tablet,Cardiovascular System (CVS),Cardiovascular System (CVS),213.29,60.94,10's,Jan Aushadhi / PMBJP,JA1032
Nicoumalone/Acenocoumarol,Nicoumalone/Acenocoumarol Tablets IP 4 mg,Nicoumalone/Acenocoumarol,4 mg,Tablet,Cardiovascular System (CVS),Cardiovascular System (CVS),164.08,46.88,30's,Jan Aushadhi / PMBJP,JA1033
Nifedipine Sustained Release,Nifedipine Sustained Release Tablets IP 10mg,Nifedipine Sustained Release,10mg,Tablet,Cardiovascular System (CVS),Cardiovascular System (CVS),39.38,11.25,15's,Jan Aushadhi / PMBJP,JA1034
"Nimesulide , Paracetamol  and Serratiopeptidase","Nimesulide 100 mg, Paracetamol 325 mg and Serratiopeptidase 15 mg Tablet","Nimesulide , Paracetamol  and Serratiopeptidase",100 mg,Tablet,Analgesic/Antipyretic/Anti-Inflammatory,"Pain, fever, inflammation",82.04,23.44,10's,Jan Aushadhi / PMBJP,JA1035
Ofloxaxin  and Flavoxate,Ofloxaxin 200mg and Flavoxate 200 mg Tablet,Ofloxaxin  and Flavoxate,200mg,Tablet,Urology,Urinary conditions,213.29,60.94,10's,Jan Aushadhi / PMBJP,JA1036
"Olmesartan , Amlodipine  and Hydrochlorothiazide","Olmesartan 40mg, Amlodipine 5mg and Hydrochlorothiazide 12.5mg Tablets","Olmesartan , Amlodipine  and Hydrochlorothiazide",40mg,Tablet,Cardiovascular System (CVS),Cardiovascular System (CVS),147.66,42.19,10's,Jan Aushadhi / PMBJP,JA1037
Olmesartan Medoxomil  and Chlorthalidone,Olmesartan Medoxomil 20mg and Chlorthalidone 12.5mg Tablets,Olmesartan Medoxomil  and Chlorthalidone,20mg,Tablet,Cardiovascular System (CVS),Cardiovascular System (CVS),98.45,28.13,10's,Jan Aushadhi / PMBJP,JA1038
Olmesartan Medoxomil  and Chlorthalidone,Olmesartan Medoxomil 40mg and Chlorthalidone 12.5mg Tablets,Olmesartan Medoxomil  and Chlorthalidone,40mg,Tablet,Cardiovascular System (CVS),Cardiovascular System (CVS),147.66,42.19,10's,Jan Aushadhi / PMBJP,JA1039
Omeprazole Gastro-resistant  and Domperidone Susta,Omeprazole Gastro-resistant 20mg and Domperidone Sustained Release 30mg Capsules,Omeprazole Gastro-resistant  and Domperidone Sustained Release,20mg,Capsule,Gastrointestinal (GIT),Gastrointestinal (GIT),90.27,25.79,15's,Jan Aushadhi / PMBJP,JA1040
Oxaceprol,Oxaceprol Capsules 200mg,Oxaceprol,200mg,Capsule,Ortho,Ortho,328.12,93.75,10's,Jan Aushadhi / PMBJP,JA1041
L-Ornithine L-Aspartate  and Pancreatin,L-Ornithine L-Aspartate 150mg and Pancreatin 100mg Tablets,L-Ornithine L-Aspartate  and Pancreatin,150mg,Tablet,Enzyme Preparation,Enzyme Preparation,65.62,18.75,10's,Jan Aushadhi / PMBJP,JA1042
Pancreatin,Pancreatin Capsules 10000,Pancreatin,—,Capsule,Enzyme Preparation,Enzyme Preparation,295.33,84.38,10's,Jan Aushadhi / PMBJP,JA1043
Pancreatin,Pancreatin Capsules 25000,Pancreatin,—,Capsule,Enzyme Preparation,Enzyme Preparation,689.08,196.88,10's,Jan Aushadhi / PMBJP,JA1044
Pantoprazole  (Gastro-resistant) and Domperidone  ,Pantoprazole 20mg (Gastro-resistant) and Domperidone 10mg (Prolonged Release) Capsules IP,Pantoprazole  (Gastro-resistant) and Domperidone  (Prolonged Release),20mg,Capsule,Gastrointestinal (GIT),Gastrointestinal (GIT),65.62,18.75,10's,Jan Aushadhi / PMBJP,JA1045
Paracetamol,Paracetamol Infusion IP 1 gm per 100 ml,Paracetamol,1 g,Infusion,Analgesic/Antipyretic/Anti-Inflammatory,"Pain, fever, inflammation",164.08,46.88,100 ml,Jan Aushadhi / PMBJP,JA1046
Paracetamol,Paracetamol Drops 100 mg per ml,Paracetamol,100 mg,Drops,Analgesic/Antipyretic/Anti-Inflammatory,"Pain, fever, inflammation",42.66,12.19,15 ml,Jan Aushadhi / PMBJP,JA1047
"Paracetamol , Phenylephrine  and Chlorpheniramine","Paracetamol 125 mg, Phenylephrine 2.5 mg and Chlorpheniramine 1 mg Drops","Paracetamol , Phenylephrine  and Chlorpheniramine",125 mg,Drops,Respiratory,Respiratory conditions,65.62,18.75,15 ml,Jan Aushadhi / PMBJP,JA1048
"Paracetamol , Phenylephrine  and Chlorpheniramine","Paracetamol 125 mg, Phenylephrine 5 mg and Chlorpheniramine 1 mg Suspension","Paracetamol , Phenylephrine  and Chlorpheniramine",125 mg,Suspension,Respiratory,Respiratory conditions,72.2,20.63,60 ML,Jan Aushadhi / PMBJP,JA1049
Paracetamol  and Tramadol,Paracetamol 162.5 mg and Tramadol 18.75 mg Tablet,Paracetamol  and Tramadol,162.5 mg,Tablet,Analgesic/Antipyretic/Anti-Inflammatory,"Pain, fever, inflammation",32.83,9.38,10's,Jan Aushadhi / PMBJP,JA1050
"Paracetamol , Phenylephrine  and Chlorpheniramine","Paracetamol 250 mg, Phenylephrine 5 mg and Chlorpheniramine 2 mg Suspension","Paracetamol , Phenylephrine  and Chlorpheniramine",250 mg,Suspension,Respiratory,Respiratory conditions,82.04,23.44,60 ML,Jan Aushadhi / PMBJP,JA1051
Paracetamol  and Caffeine,Paracetamol 500mg and Caffeine 25mg Tablet IP,Paracetamol  and Caffeine,500mg,Tablet,Analgesic/Antipyretic/Anti-Inflammatory,"Pain, fever, inflammation",39.38,11.25,10's,Jan Aushadhi / PMBJP,JA1052
Paracetamol  and Chlorzoxazone,Paracetamol 500mg and Chlorzoxazone 250mg Tablet,Paracetamol  and Chlorzoxazone,500mg,Tablet,Analgesic/Antipyretic/Anti-Inflammatory,"Pain, fever, inflammation",52.5,15.0,10's,Jan Aushadhi / PMBJP,JA1053
"Paracetamol , Phenylephrine  and Chlorpheniramine","Paracetamol 500 mg, Phenylephrine 10 mg and Chlorpheniramine 2 mg Tablet","Paracetamol , Phenylephrine  and Chlorpheniramine",500 mg,Tablet,Analgesic/Antipyretic/Anti-Inflammatory,"Pain, fever, inflammation",45.96,13.13,10's,Jan Aushadhi / PMBJP,JA1054
Paracetamol,Paracetamol Suspension IP 120 mg,Paracetamol,120 mg,Suspension,Analgesic/Antipyretic/Anti-Inflammatory,"Pain, fever, inflammation",42.66,12.19,60 ml,Jan Aushadhi / PMBJP,JA1055
"Phenylephrine ,Chlorpheniramine  and Dextromethorp","Phenylephrine 5 mg,Chlorpheniramine 2 mg and Dextromethorphan 10 mg Syrup","Phenylephrine ,Chlorpheniramine  and Dextromethorphan",5 mg,Syrup,Respiratory,Respiratory conditions,82.04,23.44,100 ml,Jan Aushadhi / PMBJP,JA1056
"Phenylephrine , Chlorpheniramine  and Dextromethor","Phenylephrine 5 mg, Chlorpheniramine 2 mg and Dextromethorphan 15 mg Syrup","Phenylephrine , Chlorpheniramine  and Dextromethorphan",5 mg,Syrup,Respiratory,Respiratory conditions,98.45,28.13,100 ml,Jan Aushadhi / PMBJP,JA1057
Piracetam,Piracetam Tablet 800 mg,Piracetam,800 mg,Tablet,Central Nervous System (CNS),Neurological conditions,111.58,31.88,10's,Jan Aushadhi / PMBJP,JA1058
Calcium Polystyrene Sulphonate,Calcium Polystyrene Sulphonate Powder 15g per sachet,Calcium Polystyrene Sulphonate,15g,Powder,Supplement/Vitamin/Mineral,Supplement,144.38,41.25,15 gm,Jan Aushadhi / PMBJP,JA1060
Prazosin Extended Release,Prazosin Extended Release Tablets 5mg,Prazosin Extended Release,5mg,Tablet,Cardiovascular System (CVS),Cardiovascular System (CVS),91.88,26.25,10's,Jan Aushadhi / PMBJP,JA1061
Pregabalin  and Methylcobalamin  and Nortriptyline,Pregabalin 75 mg and Methylcobalamin 1500 mcg and Nortriptyline 10 mg Tablets,Pregabalin  and Methylcobalamin  and Nortriptyline,75 mg,Tablet,Central Nervous System (CNS),Neurological conditions,147.66,42.19,10's,Jan Aushadhi / PMBJP,JA1062
Probiotic Microbes,Probiotic Microbes Capsules 5mg,Probiotic Microbes,5mg,Capsule,Gastrointestinal (GIT),Gastrointestinal (GIT),91.88,26.25,10's,Jan Aushadhi / PMBJP,JA1064
Prucalopride,Prucalopride Tablet 2 mg,Prucalopride,2 mg,Tablet,Gastrointestinal (GIT),Gastrointestinal (GIT),393.75,112.5,10's,Jan Aushadhi / PMBJP,JA1065
Prucalopride,Prucalopride Tablets 1mg,Prucalopride,1mg,Tablet,Gastrointestinal (GIT),Gastrointestinal (GIT),295.33,84.38,10's,Jan Aushadhi / PMBJP,JA1066
Racecadotril,Racecadotril Capsule IP 100 mg,Racecadotril,100 mg,Capsule,Gastrointestinal (GIT),Gastrointestinal (GIT),360.95,103.13,15's,Jan Aushadhi / PMBJP,JA1067
Ranitidine,Ranitidine Syrup IP 75 mg per 5ml,Ranitidine,75 mg,Syrup,Gastrointestinal (GIT),Gastrointestinal (GIT),82.04,23.44,100 ml,Jan Aushadhi / PMBJP,JA1069
Ranolazine Extended Release,Ranolazine Extended Release Tablets 500mg,Ranolazine Extended Release,500mg,Tablet,Cardiovascular System (CVS),Cardiovascular System (CVS),180.5,51.57,10's,Jan Aushadhi / PMBJP,JA1070
Rivaroxaban,Rivaroxaban Tablets 10mg,Rivaroxaban,10mg,Tablet,Cardiovascular System (CVS),Cardiovascular System (CVS),689.08,196.88,30's,Jan Aushadhi / PMBJP,JA1071
Rivaroxaban,Rivaroxaban Tablets 20mg,Rivaroxaban,20mg,Tablet,Cardiovascular System (CVS),Cardiovascular System (CVS),492.2,140.63,14's,Jan Aushadhi / PMBJP,JA1072
Roseh,"Rosehip Extract 275mg, Devil's Claw Extract (20%) 100mg and Boswellia serrata Extract (65%) 307.5mg Capsules",Roseh,275mg,Capsule,Ortho,Ortho,295.33,84.38,10's,Jan Aushadhi / PMBJP,JA1073
Rosuvastatin  and Fenofibrate,Rosuvastatin 20mg and Fenofibrate 160mg Tablets IP,Rosuvastatin  and Fenofibrate,20mg,Tablet,Cardiovascular System (CVS),Cardiovascular System (CVS),131.25,37.5,10's,Jan Aushadhi / PMBJP,JA1074
Rosuvastatin,Rosuvastatin Tablets IP 40mg,Rosuvastatin,40mg,Tablet,Cardiovascular System (CVS),Cardiovascular System (CVS),144.38,41.25,10's,Jan Aushadhi / PMBJP,JA1075
"Rosuvastatin , Aspirin  and Clopidogrel","Rosuvastatin 10mg, Aspirin 75mg and Clopidogrel 75mg Capsules","Rosuvastatin , Aspirin  and Clopidogrel",10mg,Capsule,Cardiovascular System (CVS),Cardiovascular System (CVS),162.44,46.41,10's,Jan Aushadhi / PMBJP,JA1076
"Rosuvastatin , Aspirin  and Clopidogrel","Rosuvastatin 20mg, Aspirin 75mg and Clopidogrel 75mg Capsules","Rosuvastatin , Aspirin  and Clopidogrel",20mg,Capsule,Cardiovascular System (CVS),Cardiovascular System (CVS),180.5,51.57,10's,Jan Aushadhi / PMBJP,JA1077
S (-) Amlodipine,S (-) Amlodipine Tablets IP 5mg,S (-) Amlodipine,5mg,Tablet,Cardiovascular System (CVS),Cardiovascular System (CVS),32.83,9.38,15's,Jan Aushadhi / PMBJP,JA1078
S(-) Amlodipine  and Atenolol,S(-) Amlodipine 2.5mg and Atenolol 50mg Tablets,S(-) Amlodipine  and Atenolol,2.5mg,Tablet,Cardiovascular System (CVS),Cardiovascular System (CVS),49.25,14.07,10's,Jan Aushadhi / PMBJP,JA1079
Saccharomyces Boulardii,Saccharomyces Boulardii Capsule 250mg,Saccharomyces Boulardii,250mg,Capsule,Gastrointestinal (GIT),Gastrointestinal (GIT),216.58,61.88,5's,Jan Aushadhi / PMBJP,JA1080
Saccharomyces Boulardii,Saccharomyces Boulardii Powder 250mg,Saccharomyces Boulardii,250mg,Powder,Gastrointestinal (GIT),Gastrointestinal (GIT),49.25,14.07,1’s Sachet,Jan Aushadhi / PMBJP,JA1081
Sacubitril  and Valsartan,Sacubitril 24mg and Valsartan 26mg Tablets,Sacubitril  and Valsartan,24mg,Tablet,Cardiovascular System (CVS),Cardiovascular System (CVS),236.25,67.5,10's,Jan Aushadhi / PMBJP,JA1082
Sacubitril  and Valsartan,Sacubitril 49mg and Valsartan 51mg Tablets,Sacubitril  and Valsartan,49mg,Tablet,Cardiovascular System (CVS),Cardiovascular System (CVS),459.38,131.25,10's,Jan Aushadhi / PMBJP,JA1083
Salbutamol Rotacaps,Salbutamol Rotacaps 200mcg,Salbutamol Rotacaps,200mcg,Tablet,Respiratory,Respiratory conditions,78.75,22.5,60 s in Container,Jan Aushadhi / PMBJP,JA1084
"Salicylic acid w/w, Dithranol w/w and Coal Tar w/w","Salicylic acid 1.15%w/w, Dithranol 1.15%w/w and Coal Tar 5.3%w/w Ointment","Salicylic acid w/w, Dithranol w/w and Coal Tar w/w",1.15%,Ointment,Dermatology/Topical/External,Dermatology,147.66,42.19,30 gm,Jan Aushadhi / PMBJP,JA1085
Salmeterol  and Fluticasone Propionate,Salmeterol 50mcg and Fluticasone Propionate 100mcg Powder for Inhalation IP,Salmeterol  and Fluticasone Propionate,50mcg,Powder,Respiratory,Respiratory conditions,246.12,70.32,30's,Jan Aushadhi / PMBJP,JA1086
Saxagliptin,Saxagliptin Tablets 5mg,Saxagliptin,5mg,Tablet,Anti-Diabetic,Anti-Diabetic,305.16,87.19,10's,Jan Aushadhi / PMBJP,JA1088
Sitagliptin Phosphate  & Metformin Hydrochloride,Sitagliptin Phosphate 50mg & Metformin Hydrochloride 1000mg Tablets,Sitagliptin Phosphate  & Metformin Hydrochloride,50mg,Tablet,Anti-Diabetic,Anti-Diabetic,196.88,56.25,10's,Jan Aushadhi / PMBJP,JA1089
Sitagliptin Phosphate,Sitagliptin Phosphate Tablets IP 100mg,Sitagliptin Phosphate,100mg,Tablet,Anti-Diabetic,Anti-Diabetic,262.5,75.0,10's,Jan Aushadhi / PMBJP,JA1091
Sitagliptin Phosphate,Sitagliptin Phosphate Tablets IP 50mg,Sitagliptin Phosphate,50mg,Tablet,Anti-Diabetic,Anti-Diabetic,141.12,40.32,10's,Jan Aushadhi / PMBJP,JA1092
Sodium Valproate Oral,Sodium Valproate Oral solution IP 200mg per 5ml,Sodium Valproate Oral,200mg,Solution,Central Nervous System (CNS),Neurological conditions,180.5,51.57,200 ml Plastic Bottle,Jan Aushadhi / PMBJP,JA1093
Sodium Valproate  and Valproic acid  Controlled Re,Sodium Valproate 200mg and Valproic acid 87mg Controlled Release Tablets,Sodium Valproate  and Valproic acid  Controlled Release,200mg,Tablet,Central Nervous System (CNS),Neurological conditions,82.04,23.44,10's,Jan Aushadhi / PMBJP,JA1094
Sodium Valproate  and Valproic acid  Controlled Re,Sodium Valproate 333mg and Valproic acid 145mg Controlled Release Tablets,Sodium Valproate  and Valproic acid  Controlled Release,333mg,Tablet,Central Nervous System (CNS),Neurological conditions,137.83,39.38,10's,Jan Aushadhi / PMBJP,JA1095
Tacrolimus,Tacrolimus Ointment 0.1% w/w,Tacrolimus,0.1%,Ointment,Dermatology/Topical/External,Dermatology,328.12,93.75,10 gm tube,Jan Aushadhi / PMBJP,JA1096
Telmisartan  and Amlodipine,Telmisartan 80mg and Amlodipine 5mg Tablets IP,Telmisartan  and Amlodipine,80mg,Tablet,Cardiovascular System (CVS),Cardiovascular System (CVS),98.45,28.13,10's,Jan Aushadhi / PMBJP,JA1097
Telmisartan  and Cilnidipine,Telmisartan 80mg and Cilnidipine 10mg Tablets,Telmisartan  and Cilnidipine,80mg,Tablet,Cardiovascular System (CVS),Cardiovascular System (CVS),114.87,32.82,10's,Jan Aushadhi / PMBJP,JA1098
Telmisartan,Telmisartan Tablets IP 80mg,Telmisartan,80mg,Tablet,Cardiovascular System (CVS),Cardiovascular System (CVS),79.42,22.69,10's,Jan Aushadhi / PMBJP,JA1099
"Telmisartan , Chlorthalidone  and Amlodipine","Telmisartan 40mg, Chlorthalidone 12.5mg and Amlodipine 5mg Tablets","Telmisartan , Chlorthalidone  and Amlodipine",40mg,Tablet,Cardiovascular System (CVS),Cardiovascular System (CVS),78.75,22.5,10's,Jan Aushadhi / PMBJP,JA1100
"Telmisartan , Chlorthalidone  and Amlodipine","Telmisartan 40mg, Chlorthalidone 6.25mg and Amlodipine 5mg Tablets","Telmisartan , Chlorthalidone  and Amlodipine",40mg,Tablet,Cardiovascular System (CVS),Cardiovascular System (CVS),65.62,18.75,10's,Jan Aushadhi / PMBJP,JA1101
"Telmisartan , Cilnidipine  and Chlorthalidone","Telmisartan 40mg, Cilnidipine 10mg and Chlorthalidone 6.25mg Tablets","Telmisartan , Cilnidipine  and Chlorthalidone",40mg,Tablet,Cardiovascular System (CVS),Cardiovascular System (CVS),98.45,28.13,10's,Jan Aushadhi / PMBJP,JA1102
Terbinafine Hydrochloride,Terbinafine Hydrochloride Cream IP 1% w/w,Terbinafine Hydrochloride,1%,Cream,Dermatology/Topical/External,Dermatology,82.04,23.44,10 gm,Jan Aushadhi / PMBJP,JA1103
Tetrabenazine,Tetrabenazine Tablets 25mg,Tetrabenazine,25mg,Tablet,Central Nervous System (CNS),Neurological conditions,623.45,178.13,10's,Jan Aushadhi / PMBJP,JA1104
Ticagrelor,Ticagrelor Tablets IP 90 mg,Ticagrelor,90 mg,Tablet,Cardiovascular System (CVS),Cardiovascular System (CVS),426.58,121.88,10's,Jan Aushadhi / PMBJP,JA1105
Tiotropium Bromide Inhalation  per actuation,Tiotropium Bromide Inhalation 9mcg per actuation,Tiotropium Bromide Inhalation  per actuation,9mcg,Tablet,Respiratory,Respiratory conditions,721.88,206.25,200 mdi,Jan Aushadhi / PMBJP,JA1106
Tiotropium,Tiotropium Powder for Inhalation IP 18mcg Rotacaps,Tiotropium,18mcg,Powder,Respiratory,Respiratory conditions,229.7,65.63,15's in Monocarton,Jan Aushadhi / PMBJP,JA1107
Tolvaptan,Tolvaptan Tablets 15mg,Tolvaptan,15mg,Tablet,Diuretic,Diuretic,689.08,196.88,10's,Jan Aushadhi / PMBJP,JA1108
Torsemide  and Spironolactone,Torsemide 10mg and Spironolactone 50mg Tablets,Torsemide  and Spironolactone,10mg,Tablet,Diuretic,Diuretic,105.0,30.0,15's,Jan Aushadhi / PMBJP,JA1109
Torsemide,Torsemide Tablets IP 40mg,Torsemide,40mg,Tablet,Urology,Urinary conditions,164.08,46.88,15's,Jan Aushadhi / PMBJP,JA1110
Torsemide,Torsemide Tablets IP 5mg,Torsemide,5mg,Tablet,Urology,Urinary conditions,32.83,9.38,15's,Jan Aushadhi / PMBJP,JA1111
Travoprost Ophthalmic,Travoprost Ophthalmic Solution IP 0.004%w/v,Travoprost Ophthalmic,0.004%,Solution,Opthalmic/Otic,Opthalmic,557.83,159.38,2.5 ml,Jan Aushadhi / PMBJP,JA1112
Trimetazidine Hydrochloride Controlled Release,Trimetazidine Hydrochloride Controlled Release Capsules 60mg,Trimetazidine Hydrochloride Controlled Release,60mg,Capsule,Cardiovascular System (CVS),Cardiovascular System (CVS),144.38,41.25,10's,Jan Aushadhi / PMBJP,JA1113
"Trypsin , Bromelain , Rutoside Trihydrate  and Dic","Trypsin 48mg, Bromelain 90mg, Rutoside Trihydrate 100mg and Diclofenac Sodium 50mg Tablets","Trypsin , Bromelain , Rutoside Trihydrate  and Diclofenac Sodium",48mg,Tablet,Analgesic/Antipyretic/Anti-Inflammatory,"Pain, fever, inflammation",164.08,46.88,10's,Jan Aushadhi / PMBJP,JA1114
Ursodeoxycholic Acid,Ursodeoxycholic Acid Tablets IP 150mg,Ursodeoxycholic Acid,150mg,Tablet,Hepato-Protective,Hepato-Protective,350.0,100.0,15's,Jan Aushadhi / PMBJP,JA1115
Valacyclovir,Valacyclovir Tablets 1000mg,Valacyclovir,1000mg,Tablet,Anti-Viral,Anti-Viral,360.95,103.13,3's,Jan Aushadhi / PMBJP,JA1116
Vitamin D3 Oral,Vitamin D3 Oral Solution 60000 IU,Vitamin D3 Oral,60000 IU,Solution,Supplement/Vitamin/Mineral,Supplement,82.04,23.44,5 ml,Jan Aushadhi / PMBJP,JA1118
"Voglibose , Glimepiride  and Metformin Hydrochlori","Voglibose 0.2mg, Glimepiride 1mg and Metformin Hydrochloride 500mg (Sustained Release) Tablets","Voglibose , Glimepiride  and Metformin Hydrochloride  (Sustained Release)",0.2mg,Tablet,Anti-Diabetic,Anti-Diabetic,98.45,28.13,10's,Jan Aushadhi / PMBJP,JA1120
"Voglibose , Glimepiride  and Metformin Hydrochlori","Voglibose 0.2mg, Glimepiride 2mg and Metformin Hydrochloride 1000mg (Sustained Release) Tablets","Voglibose , Glimepiride  and Metformin Hydrochloride  (Sustained Release)",0.2mg,Tablet,Anti-Diabetic,Anti-Diabetic,82.04,23.44,10's,Jan Aushadhi / PMBJP,JA1121
"Voglibose , Glimepiride  and Metformin Hydrochlori","Voglibose 0.3mg, Glimepiride 2mg and Metformin Hydrochloride 1000mg (Sustained Release) Tablets","Voglibose , Glimepiride  and Metformin Hydrochloride  (Sustained Release)",0.3mg,Tablet,Anti-Diabetic,Anti-Diabetic,118.12,33.75,10's,Jan Aushadhi / PMBJP,JA1122
Zoledronic Acid,Zoledronic Acid Injection IP 4 mg per vial,Zoledronic Acid,4 mg,Injection,Ortho,Ortho,700.0,200.0,4mg/vial,Jan Aushadhi / PMBJP,JA1123
Etophyllin  and Theophylline,Etophyllin 84.7mg and Theophylline 25.3mg Injection per ml,Etophyllin  and Theophylline,84.7mg,Injection,Respiratory,Respiratory conditions,13.12,3.75,2 ml,Jan Aushadhi / PMBJP,JA1124
Vitamin-C Chewable,Vitamin-C Chewable Tablets 500mg,Vitamin-C Chewable,500mg,Tablet,Supplement/Vitamin/Mineral,Supplement,49.25,14.07,10's,Jan Aushadhi / PMBJP,JA1125
Thyroxine Sodium,Thyroxine Sodium Tablets IP 12.5mcg,Thyroxine Sodium,12.5mcg,Tablet,Anti-Thyroid,Anti-Thyroid,213.29,60.94,100's Bottle,Jan Aushadhi / PMBJP,JA1126
Thyroxine Sodium,Thyroxine Sodium Tablets IP 25mcg,Thyroxine Sodium,25mcg,Tablet,Anti-Thyroid,Anti-Thyroid,147.66,42.19,100's Bottle,Jan Aushadhi / PMBJP,JA1127
Thyroxine Sodium,Thyroxine Sodium Tablets IP 75mcg,Thyroxine Sodium,75mcg,Tablet,Anti-Thyroid,Anti-Thyroid,196.88,56.25,100's Bottle,Jan Aushadhi / PMBJP,JA1128
Thyroxine Sodium,Thyroxine Sodium Tablets IP 125mcg,Thyroxine Sodium,125mcg,Tablet,Anti-Thyroid,Anti-Thyroid,249.38,71.25,100's Bottle,Jan Aushadhi / PMBJP,JA1129
Alfuzosin Prolonged-release,Alfuzosin Prolonged-release Tablets IP 10mg,Alfuzosin Prolonged-release,10mg,Tablet,Urology,Urinary conditions,147.66,42.19,10's,Jan Aushadhi / PMBJP,JA1130
Alfuzosin  and Dutasteride,Alfuzosin 10mg and Dutasteride 0.5mg Tablets,Alfuzosin  and Dutasteride,10mg,Tablet,Urology,Urinary conditions,196.88,56.25,10's,Jan Aushadhi / PMBJP,JA1131
Disodium Hydrogen Citrate,Disodium Hydrogen Citrate Syrup 1.53gm per 5ml,Disodium Hydrogen Citrate,1.53g,Syrup,Urology,Urinary conditions,98.45,28.13,100ml Bottle,Jan Aushadhi / PMBJP,JA1132
Citric Acid  and Potassium Citrate,Citric Acid 334mg and Potassium Citrate 1100mg Syrup per 5ml,Citric Acid  and Potassium Citrate,334mg,Syrup,Urology,Urinary conditions,164.08,46.88,200ml Bottle,Jan Aushadhi / PMBJP,JA1133
Darifenacin Prolonged Release,Darifenacin Prolonged Release Tablets IP 7.5mg,Darifenacin Prolonged Release,7.5mg,Tablet,Urology,Urinary conditions,311.75,89.07,10's,Jan Aushadhi / PMBJP,JA1134
Disodium Hydrogen Citrate,Disodium Hydrogen Citrate Syrup 1.37gm per 5ml,Disodium Hydrogen Citrate,1.37g,Syrup,Urology,Urinary conditions,147.66,42.19,100ml Bottle,Jan Aushadhi / PMBJP,JA1135
Dutasteride,Dutasteride Capsule IP 0.5 mg,Dutasteride,0.5 mg,Capsule,Urology,Urinary conditions,164.08,46.88,10's,Jan Aushadhi / PMBJP,JA1136
Finasteride,Finasteride Tablets IP 1mg,Finasteride,1mg,Tablet,Urology,Urinary conditions,49.25,14.07,10's,Jan Aushadhi / PMBJP,JA1137
Mirabegron Extended-release,Mirabegron Extended-release Tablets 25 mg,Mirabegron Extended-release,25 mg,Tablet,Urology,Urinary conditions,328.12,93.75,10's,Jan Aushadhi / PMBJP,JA1138
Mirabegron Extended-release,Mirabegron Extended-release Tablets 50 mg,Mirabegron Extended-release,50 mg,Tablet,Urology,Urinary conditions,475.79,135.94,10's,Jan Aushadhi / PMBJP,JA1139
Potassium Citrate  and Magnesium Citrate  Oral,Potassium Citrate 1100mg and Magnesium Citrate 375mg Oral Solution,Potassium Citrate  and Magnesium Citrate  Oral,1100mg,Solution,Nephrology,Nephrology,180.5,51.57,200ml Bottle,Jan Aushadhi / PMBJP,JA1140
Silodosin,Silodosin Capsules 4 mg,Silodosin,4 mg,Capsule,Urology,Urinary conditions,164.08,46.88,10's,Jan Aushadhi / PMBJP,JA1141
Silodosin,Silodosin Capsules 8 mg,Silodosin,8 mg,Capsule,Urology,Urinary conditions,246.12,70.32,10's,Jan Aushadhi / PMBJP,JA1142
Silodosin  and Dutasteride,Silodosin 4mg and Dutasteride 0.5mg Capsules,Silodosin  and Dutasteride,4mg,Capsule,Urology,Urinary conditions,328.12,93.75,10's,Jan Aushadhi / PMBJP,JA1143
Silodosin  and Dutasteride,Silodosin 8mg and Dutasteride 0.5mg Capsules,Silodosin  and Dutasteride,8mg,Capsule,Urology,Urinary conditions,459.38,131.25,10's,Jan Aushadhi / PMBJP,JA1144
Solifenacin Succinate,Solifenacin Succinate Tablets IP 5 mg,Solifenacin Succinate,5 mg,Tablet,Urology,Urinary conditions,213.29,60.94,10's,Jan Aushadhi / PMBJP,JA1145
Solifenacin Succinate,Solifenacin Succinate Tablets IP 10 mg,Solifenacin Succinate,10 mg,Tablet,Urology,Urinary conditions,262.5,75.0,10's,Jan Aushadhi / PMBJP,JA1146
Tamsulosin Hydrochloride  and Tolterodine Tartrate,Tamsulosin Hydrochloride 0.4mg and Tolterodine Tartrate 2mg Extended Release Capsules,Tamsulosin Hydrochloride  and Tolterodine Tartrate  Extended Release,0.4mg,Capsule,Urology,Urinary conditions,196.88,56.25,10's,Jan Aushadhi / PMBJP,JA1147
Tolterodine Tartrate Extended Release,Tolterodine Tartrate Extended Release Capsules 2mg,Tolterodine Tartrate Extended Release,2mg,Capsule,Urology,Urinary conditions,164.08,46.88,10's,Jan Aushadhi / PMBJP,JA1149
Azithromycin Eye,Azithromycin Eye Drops 1% w/v,Azithromycin Eye,1%,Drops,Opthalmic/Otic,Opthalmic,98.45,28.13,3ml Drops,Jan Aushadhi / PMBJP,JA1151
Betaxolol Eye,Betaxolol Eye Drops IP 0.5% w/v,Betaxolol Eye,0.5%,Drops,Opthalmic/Otic,Opthalmic,65.62,18.75,5ml Drops,Jan Aushadhi / PMBJP,JA1152
Brinzolamide Ophthalmic,Brinzolamide Ophthalmic Suspension IP 1% w/v,Brinzolamide Ophthalmic,1%,Suspension,Opthalmic/Otic,Opthalmic,131.25,37.5,5ml Drops,Jan Aushadhi / PMBJP,JA1153
Bromfenac 0.09% w/v and Moxifloxacin 0.5% w/v Eye,Bromfenac 0.09% w/v and Moxifloxacin 0.5% w/v Eye Drops,Bromfenac 0.09% w/v and Moxifloxacin 0.5% w/v Eye,0.09%,Drops,Opthalmic/Otic,Opthalmic,147.66,42.19,5ml Drops,Jan Aushadhi / PMBJP,JA1154
Chloramphenicol 0.5% w/v and Dexamethasone 0.1% w/,Chloramphenicol 0.5% w/v and Dexamethasone 0.1% w/v Eye/Ear Drops,Chloramphenicol 0.5% w/v and Dexamethasone 0.1% w/v Eye/Ear,0.5%,Drops,Opthalmic/Otic,Opthalmic,49.25,14.07,5ml Drops,Jan Aushadhi / PMBJP,JA1155
Epalrestat Sustained Release,Epalrestat Sustained Release Tablets 150 mg,Epalrestat Sustained Release,150 mg,Tablet,Central Nervous System (CNS),Neurological conditions,278.91,79.69,10's,Jan Aushadhi / PMBJP,JA1156
Gatifloxacin 0.3% w/v and Dexamethasone 0.1% w/v E,Gatifloxacin 0.3% w/v and Dexamethasone 0.1% w/v Eye Drops,Gatifloxacin 0.3% w/v and Dexamethasone 0.1% w/v Eye,0.3%,Drops,Opthalmic/Otic,Opthalmic,65.62,18.75,5ml Drops,Jan Aushadhi / PMBJP,JA1157
Gatifloxacin 0.3 % w/v and Prednisolone 1% w/v Eye,Gatifloxacin 0.3 % w/v and Prednisolone 1% w/v Eye Drops,Gatifloxacin 0.3 % w/v and Prednisolone 1% w/v Eye,0.3 %,Drops,Opthalmic/Otic,Opthalmic,82.04,23.44,10ml Drops,Jan Aushadhi / PMBJP,JA1158
Homatropine Hydrobromide Eye,Homatropine Hydrobromide Eye Drops IP 2% w/v,Homatropine Hydrobromide Eye,2%,Drops,Opthalmic/Otic,Opthalmic,91.0,26.0,5ml Drops,Jan Aushadhi / PMBJP,JA1160
Levofloxacin Eye,Levofloxacin Eye Drops 0.5 % w/v,Levofloxacin Eye,0.5 %,Drops,Opthalmic/Otic,Opthalmic,82.04,23.44,5ml Drops,Jan Aushadhi / PMBJP,JA1161
Moxifloxacin 0.5% w/v and Dexamethasone 0.1% w/v E,Moxifloxacin 0.5% w/v and Dexamethasone 0.1% w/v Eye Drops,Moxifloxacin 0.5% w/v and Dexamethasone 0.1% w/v Eye,0.5%,Drops,Opthalmic/Otic,Opthalmic,65.62,18.75,5ml Drops,Jan Aushadhi / PMBJP,JA1162
Natamycin Ophthalmic,Natamycin Ophthalmic Suspension IP 5% w/v,Natamycin Ophthalmic,5%,Suspension,Opthalmic/Otic,Opthalmic,183.75,52.5,5ml Drops,Jan Aushadhi / PMBJP,JA1163
Artesunate,Artesunate Injection IP 120mg,Artesunate,120mg,Injection,Anti-Malarial,Anti-Malarial,164.08,46.88,Vial with Diluent,Jan Aushadhi / PMBJP,JA1164
Arteether,Arteether Injection 75mg per ml,Arteether,75mg,Injection,Anti-Malarial,Anti-Malarial,32.83,9.38,1ml Ampoule,Jan Aushadhi / PMBJP,JA1165
Artesunate,"Artesunate 200mg Tablets, Sulfadoxine 500mg and Pyrimethamine 25mg Tablets IP Combi kit",Artesunate,200mg,Tablet,Anti-Malarial,Anti-Malarial,147.66,42.19,KIT,Jan Aushadhi / PMBJP,JA1166
Primaquine Phosphate,Primaquine Phosphate Tablets IP 7.5 mg,Primaquine Phosphate,7.5 mg,Tablet,Anti-Malarial,Anti-Malarial,42.66,12.19,10's,Jan Aushadhi / PMBJP,JA1167
Primaquine Phosphate,Primaquine Phosphate Tablets IP 2.5 mg,Primaquine Phosphate,2.5 mg,Tablet,Anti-Malarial,Anti-Malarial,32.83,9.38,10's,Jan Aushadhi / PMBJP,JA1168
Quinine Sulphate,Quinine Sulphate Tablets IP 600 mg,Quinine Sulphate,600 mg,Tablet,Anti-Malarial,Anti-Malarial,175.0,50.0,10's,Jan Aushadhi / PMBJP,JA1169
Agomelatine,Agomelatine Tablets 25 mg,Agomelatine,25 mg,Tablet,Central Nervous System (CNS),Neurological conditions,216.58,61.88,10's,Jan Aushadhi / PMBJP,JA1170
Alprazolam  and Propranolol Hydrochloride,Alprazolam 0.25mg and Propranolol Hydrochloride 20mg Tablets,Alprazolam  and Propranolol Hydrochloride,0.25mg,Tablet,Central Nervous System (CNS),Neurological conditions,52.5,15.0,10's,Jan Aushadhi / PMBJP,JA1171
Alprazolam  and Sertraline Hydrochloride,Alprazolam 0.5mg and Sertraline Hydrochloride 25mg Tablets,Alprazolam  and Sertraline Hydrochloride,0.5mg,Tablet,Central Nervous System (CNS),Neurological conditions,82.04,23.44,10's,Jan Aushadhi / PMBJP,JA1173
Amisulpride,Amisulpride Tablets IP 100 mg,Amisulpride,100 mg,Tablet,Central Nervous System (CNS),Neurological conditions,131.25,37.5,10's,Jan Aushadhi / PMBJP,JA1175
Amisulpride,Amisulpride Tablets IP 200 mg,Amisulpride,200 mg,Tablet,Central Nervous System (CNS),Neurological conditions,229.7,65.63,10's,Jan Aushadhi / PMBJP,JA1176
Amitriptyline Hydrochloride,Amitriptyline Hydrochloride Tablets IP 75 mg,Amitriptyline Hydrochloride,75 mg,Tablet,Central Nervous System (CNS),Neurological conditions,65.62,18.75,10's,Jan Aushadhi / PMBJP,JA1177
Amitriptyline Hydrochloride,Amitriptyline Hydrochloride Tablets IP 50 mg,Amitriptyline Hydrochloride,50 mg,Tablet,Central Nervous System (CNS),Neurological conditions,49.25,14.07,10's,Jan Aushadhi / PMBJP,JA1178
Amitriptyline Hydrochloride  Chlordiazepoxide,Amitriptyline Hydrochloride 25mg Chlordiazepoxide 10mg Tablets,Amitriptyline Hydrochloride  Chlordiazepoxide,25mg,Tablet,Central Nervous System (CNS),Neurological conditions,32.83,9.38,10's,Jan Aushadhi / PMBJP,JA1180
Amoxapine,Amoxapine Tablets IP 50mg,Amoxapine,50mg,Tablet,Central Nervous System (CNS),Neurological conditions,169.01,48.29,10's,Jan Aushadhi / PMBJP,JA1181
Amoxapine,Amoxapine Tablets IP 100mg,Amoxapine,100mg,Tablet,Central Nervous System (CNS),Neurological conditions,242.83,69.38,10's,Jan Aushadhi / PMBJP,JA1182
Aripiprazole,Aripiprazole Tablets IP 2.5 mg,Aripiprazole,2.5 mg,Tablet,Central Nervous System (CNS),Neurological conditions,32.83,9.38,10's,Jan Aushadhi / PMBJP,JA1183
Aripiprazole,Aripiprazole Tablets IP 10 mg,Aripiprazole,10 mg,Tablet,Central Nervous System (CNS),Neurological conditions,82.04,23.44,10's,Jan Aushadhi / PMBJP,JA1184
Aripiprazole,Aripiprazole Tablets IP 15 mg,Aripiprazole,15 mg,Tablet,Central Nervous System (CNS),Neurological conditions,114.87,32.82,10's,Jan Aushadhi / PMBJP,JA1185
Aripiprazole,Aripiprazole Tablets IP 20 mg,Aripiprazole,20 mg,Tablet,Central Nervous System (CNS),Neurological conditions,147.66,42.19,10's,Jan Aushadhi / PMBJP,JA1186
Aripiprazole,Aripiprazole Tablets IP 7.5 mg,Aripiprazole,7.5 mg,Tablet,Central Nervous System (CNS),Neurological conditions,75.5,21.57,10's,Jan Aushadhi / PMBJP,JA1187
Aripiprazole,Aripiprazole Tablets IP 30 mg,Aripiprazole,30 mg,Tablet,Central Nervous System (CNS),Neurological conditions,98.45,28.13,10's,Jan Aushadhi / PMBJP,JA1188
Bromocriptine Mesylate,Bromocriptine Mesylate Tablets IP 1.25 mg,Bromocriptine Mesylate,1.25 mg,Tablet,Central Nervous System (CNS),Neurological conditions,114.87,32.82,10's,Jan Aushadhi / PMBJP,JA1189
Bupropion Prolonged-release,Bupropion Prolonged-release Tablets IP 150 mg,Bupropion Prolonged-release,150 mg,Tablet,Central Nervous System (CNS),Neurological conditions,147.66,42.19,10's,Jan Aushadhi / PMBJP,JA1190
Chlordiazepoxide,Chlordiazepoxide Tablets IP 25 mg,Chlordiazepoxide,25 mg,Tablet,Central Nervous System (CNS),Neurological conditions,82.04,23.44,10's,Jan Aushadhi / PMBJP,JA1191
Chlorpromazine,Chlorpromazine Tablets IP 100 mg,Chlorpromazine,100 mg,Tablet,Central Nervous System (CNS),Neurological conditions,21.67,6.19,10's,Jan Aushadhi / PMBJP,JA1192
Chlorpromazine,Chlorpromazine Tablets IP 50 mg,Chlorpromazine,50 mg,Tablet,Central Nervous System (CNS),Neurological conditions,18.06,5.16,10's,Jan Aushadhi / PMBJP,JA1193
Chlorpromazine,Chlorpromazine Tablets IP 25 mg,Chlorpromazine,25 mg,Tablet,Central Nervous System (CNS),Neurological conditions,11.83,3.38,10's,Jan Aushadhi / PMBJP,JA1194
Cinnarizine  and Dimenhydrinate,Cinnarizine 20mg and Dimenhydrinate 40mg Tablets,Cinnarizine  and Dimenhydrinate,20mg,Tablet,Central Nervous System (CNS),Neurological conditions,65.62,18.75,10's,Jan Aushadhi / PMBJP,JA1195
Citalopram,Citalopram Tablets IP 20mg,Citalopram,20mg,Tablet,Central Nervous System (CNS),Neurological conditions,65.62,18.75,10's,Jan Aushadhi / PMBJP,JA1196
Citicoline,Citicoline Injection IP 250mg per ml,Citicoline,250mg,Injection,Central Nervous System (CNS),Neurological conditions,131.25,37.5,2ml Ampoule,Jan Aushadhi / PMBJP,JA1197
Clonazepam Mouth Dissolving,Clonazepam Mouth Dissolving Tablets 0.25 mg,Clonazepam Mouth Dissolving,0.25 mg,Tablet,Central Nervous System (CNS),Neurological conditions,32.83,9.38,10's,Jan Aushadhi / PMBJP,JA1198
Clomipramine Hydrochloride,Clomipramine Hydrochloride Tablets 10mg,Clomipramine Hydrochloride,10mg,Tablet,Central Nervous System (CNS),Neurological conditions,39.38,11.25,10's,Jan Aushadhi / PMBJP,JA1199
Clomipramine Hydrochloride,Clomipramine Hydrochloride Tablets 25mg,Clomipramine Hydrochloride,25mg,Tablet,Central Nervous System (CNS),Neurological conditions,65.62,18.75,10's,Jan Aushadhi / PMBJP,JA1200
Clomipramine Hydrochloride,Clomipramine Hydrochloride Tablets 50mg,Clomipramine Hydrochloride,50mg,Tablet,Central Nervous System (CNS),Neurological conditions,114.87,32.82,10's,Jan Aushadhi / PMBJP,JA1201
Clozapine,Clozapine Tablets IP 25 mg,Clozapine,25 mg,Tablet,Central Nervous System (CNS),Neurological conditions,49.25,14.07,10's,Jan Aushadhi / PMBJP,JA1202
Clozapine,Clozapine Tablets IP 50 mg,Clozapine,50 mg,Tablet,Central Nervous System (CNS),Neurological conditions,82.04,23.44,10's,Jan Aushadhi / PMBJP,JA1203
Clozapine,Clozapine Tablets IP 100 mg,Clozapine,100 mg,Tablet,Central Nervous System (CNS),Neurological conditions,131.25,37.5,10's,Jan Aushadhi / PMBJP,JA1204
Diazepam,Diazepam Tablets IP 2 mg,Diazepam,2 mg,Tablet,Central Nervous System (CNS),Neurological conditions,23.0,6.57,10's,Jan Aushadhi / PMBJP,JA1205
Diazepam,Diazepam Tablets IP 10 mg,Diazepam,10 mg,Tablet,Central Nervous System (CNS),Neurological conditions,65.62,18.75,10's,Jan Aushadhi / PMBJP,JA1206
Doxepin,Doxepin Capsules IP 10mg,Doxepin,10mg,Capsule,Central Nervous System (CNS),Neurological conditions,49.25,14.07,10's,Jan Aushadhi / PMBJP,JA1207
Doxepin,Doxepin Capsules IP 25mg,Doxepin,25mg,Capsule,Central Nervous System (CNS),Neurological conditions,131.25,37.5,10's,Jan Aushadhi / PMBJP,JA1208
Doxepin,Doxepin Capsules IP 75mg,Doxepin,75mg,Capsule,Central Nervous System (CNS),Neurological conditions,196.88,56.25,10's,Jan Aushadhi / PMBJP,JA1209
Duloxetine Gastro Resistant,Duloxetine Gastro Resistant Tablets IP 30mg,Duloxetine Gastro Resistant,30mg,Tablet,Central Nervous System (CNS),Neurological conditions,98.45,28.13,10's,Jan Aushadhi / PMBJP,JA1210
Escitalopram,Escitalopram Tablets IP 5 mg,Escitalopram,5 mg,Tablet,Central Nervous System (CNS),Neurological conditions,26.25,7.5,10's,Jan Aushadhi / PMBJP,JA1211
Etizolam,Etizolam Tablets IP 0.25mg,Etizolam,0.25mg,Tablet,Central Nervous System (CNS),Neurological conditions,23.0,6.57,10's,Jan Aushadhi / PMBJP,JA1212
Lamotrigine Dispersible,Lamotrigine Dispersible Tablets IP 25mg,Lamotrigine Dispersible,25mg,Tablet,Central Nervous System (CNS),Neurological conditions,49.25,14.07,10's,Jan Aushadhi / PMBJP,JA1213
Lamotrigine Dispersible,Lamotrigine Dispersible Tablets IP 50mg,Lamotrigine Dispersible,50mg,Tablet,Central Nervous System (CNS),Neurological conditions,65.62,18.75,10's,Jan Aushadhi / PMBJP,JA1214
Levosulpiride,Levosulpiride Tablets 50 mg,Levosulpiride,50 mg,Tablet,Gastrointestinal (GIT),Gastrointestinal (GIT),72.2,20.63,10's,Jan Aushadhi / PMBJP,JA1215
Levosulpiride,Levosulpiride Tablets 75 mg,Levosulpiride,75 mg,Tablet,Gastrointestinal (GIT),Gastrointestinal (GIT),108.29,30.94,10's,Jan Aushadhi / PMBJP,JA1216
Mirtazapine,Mirtazapine Tablets IP 30 mg,Mirtazapine,30 mg,Tablet,Central Nervous System (CNS),Neurological conditions,147.66,42.19,10's,Jan Aushadhi / PMBJP,JA1217
Rifaximin,Rifaximin Tablets 200 mg,Rifaximin,200 mg,Tablet,Antibiotics,Bacterial infections,229.7,65.63,10's,Jan Aushadhi / PMBJP,JA1218
Rifaximin,Rifaximin Tablets 550 mg,Rifaximin,550 mg,Tablet,Antibiotics,Bacterial infections,557.83,159.38,10's,Jan Aushadhi / PMBJP,JA1219
Olanzapine  and Fluoxetine,Olanzapine 5mg and Fluoxetine 20mg Tablets IP,Olanzapine  and Fluoxetine,5mg,Tablet,Central Nervous System (CNS),Neurological conditions,65.62,18.75,10's,Jan Aushadhi / PMBJP,JA1220
Phenytoin,Phenytoin Injection IP 100mg per 2 ml,Phenytoin,100mg,Injection,Central Nervous System (CNS),Neurological conditions,26.25,7.5,2ml Ampoule,Jan Aushadhi / PMBJP,JA1221
Paroxetine Extended Release  and Clonazepam,Paroxetine Extended Release 12.5mg and Clonazepam 0.25mg Tablets,Paroxetine Extended Release  and Clonazepam,12.5mg,Tablet,Central Nervous System (CNS),Neurological conditions,131.25,37.5,10's,Jan Aushadhi / PMBJP,JA1222
Risperidone,Risperidone Tablets IP 1mg,Risperidone,1mg,Tablet,Central Nervous System (CNS),Neurological conditions,26.25,7.5,10's,Jan Aushadhi / PMBJP,JA1223
Risperidone,Risperidone Tablets IP 2 mg,Risperidone,2 mg,Tablet,Central Nervous System (CNS),Neurological conditions,32.83,9.38,10's,Jan Aushadhi / PMBJP,JA1224
Eicosapentaenoic Acid  and Docosahexaenoic Acid  S,Eicosapentaenoic Acid 180mg and Docosahexaenoic Acid 120mg Soft Gelatin Capsule,Eicosapentaenoic Acid  and Docosahexaenoic Acid  Soft Gelatin,180mg,Capsule,Supplement/Vitamin/Mineral,Supplement,393.75,112.5,30's Bottle,Jan Aushadhi / PMBJP,JA1225
Aloe Vera 10% W/W and Vitamin E 1% W/W Moisturisin,Aloe Vera 10% W/W and Vitamin E 1% W/W Moisturising Cream,Aloe Vera 10% W/W and Vitamin E 1% W/W Moisturising,10%,Cream,Derma Care,Derma Care,175.0,50.0,60 gm Tube,Jan Aushadhi / PMBJP,JA1226
Methylcobalamin,Methylcobalamin Tablet 1500mcg,Methylcobalamin,1500mcg,Tablet,Supplement/Vitamin/Mineral,Supplement,82.04,23.44,10's,Jan Aushadhi / PMBJP,JA1227
Methylcobalamin,Methylcobalamin Tablet 500mcg,Methylcobalamin,500mcg,Tablet,Supplement/Vitamin/Mineral,Supplement,49.25,14.07,10's,Jan Aushadhi / PMBJP,JA1228
N-Acetylcysteine  And Taurine,N-Acetylcysteine 150Mg And Taurine 500Mg Tablets,N-Acetylcysteine  And Taurine,150Mg,Tablet,Nephrology,Nephrology,98.45,28.13,10's,Jan Aushadhi / PMBJP,JA1229
Repaglinide,Repaglinide Tablet IP 0.5mg,Repaglinide,0.5mg,Tablet,Anti-Diabetic,Anti-Diabetic,49.25,14.07,10's,Jan Aushadhi / PMBJP,JA1232
Repaglinide,Repaglinide Tablet IP 1mg,Repaglinide,1mg,Tablet,Anti-Diabetic,Anti-Diabetic,82.04,23.44,10's,Jan Aushadhi / PMBJP,JA1233
Repaglinide,Repaglinide Tablet IP 2mg,Repaglinide,2mg,Tablet,Anti-Diabetic,Anti-Diabetic,114.87,32.82,10's,Jan Aushadhi / PMBJP,JA1234
Repaglinide  and Metformin Hydrochloride (Sustaine,Repaglinide 1mg and Metformin Hydrochloride (Sustained-release) 500mg Tablets IP,Repaglinide  and Metformin Hydrochloride (Sustained-release),1mg,Tablet,Anti-Diabetic,Anti-Diabetic,98.45,28.13,10's,Jan Aushadhi / PMBJP,JA1235
Repaglinide  and Metformin Hydrochloride (Sustaine,Repaglinide 2mg and Metformin Hydrochloride (Sustained-release) 500mg Tablets IP,Repaglinide  and Metformin Hydrochloride (Sustained-release),2mg,Tablet,Anti-Diabetic,Anti-Diabetic,114.87,32.82,10's,Jan Aushadhi / PMBJP,JA1236
"Amoxycillin  , Clavulanic Acid  And Lactic Acid Ba","Amoxycillin 200Mg , Clavulanic Acid 28.5Mg And Lactic Acid Bacillus 60 Million Spore Dry syrup","Amoxycillin  , Clavulanic Acid  And Lactic Acid Bacillus 60 Million Spore Dry",200Mg,Syrup,Antibiotics,Bacterial infections,105.0,30.0,30 ml Bottle,Jan Aushadhi / PMBJP,JA1237
"Amoxycillin , Clavulanic Acid  and Lactic Acid Bac","Amoxycillin 500mg, Clavulanic Acid 125mg and Lactic Acid Bacillus 60 Million Spores Tablets","Amoxycillin , Clavulanic Acid  and Lactic Acid Bacillus 60 Million Spores",500mg,Tablet,Antibiotics,Bacterial infections,328.12,93.75,10's,Jan Aushadhi / PMBJP,JA1238
Cefdinir,Cefdinir Capsule IP 300mg,Cefdinir,300mg,Capsule,Antibiotics,Bacterial infections,492.2,140.63,10's,Jan Aushadhi / PMBJP,JA1243
Cefdinir Oral,Cefdinir Oral Suspension IP 125mg per 5ml,Cefdinir Oral,125mg,Suspension,Antibiotics,Bacterial infections,203.46,58.13,30ml with Water for Reconstitution,Jan Aushadhi / PMBJP,JA1244
Tolperisone,Tolperisone Tablet 150mg,Tolperisone,150mg,Tablet,Central Nervous System (CNS),Neurological conditions,49.25,14.07,10's,Jan Aushadhi / PMBJP,JA1245
Cefixime   And  Clavulanic Acid   Dry,Cefixime 50Mg  And  Clavulanic Acid  31.25 Mg Dry syrup,Cefixime   And  Clavulanic Acid   Dry,50Mg,Syrup,Antibiotics,Bacterial infections,131.25,37.5,30ml with Water for Reconstitution,Jan Aushadhi / PMBJP,JA1246
Cefixime  And Clavulanic Acid,Cefixime 100Mg And Clavulanic Acid 62.5 Mg Tablets,Cefixime  And Clavulanic Acid,100Mg,Tablet,Antibiotics,Bacterial infections,229.7,65.63,10's,Jan Aushadhi / PMBJP,JA1247
Cefprozil Oral,Cefprozil Oral Suspension 125mg per 5ml,Cefprozil Oral,125mg,Suspension,Antibiotics,Bacterial infections,180.5,51.57,30ml,Jan Aushadhi / PMBJP,JA1248
Cefprozil Oral,Cefprozil Oral Suspension 250mg per 5ml,Cefprozil Oral,250mg,Suspension,Antibiotics,Bacterial infections,328.12,93.75,30ml,Jan Aushadhi / PMBJP,JA1249
Cefprozil,Cefprozil Tablet 500 mg,Cefprozil,500 mg,Tablet,Antibiotics,Bacterial infections,590.62,168.75,6's,Jan Aushadhi / PMBJP,JA1250
Cefprozil,Cefprozil Tablet 250 mg,Cefprozil,250 mg,Tablet,Antibiotics,Bacterial infections,492.2,140.63,10's,Jan Aushadhi / PMBJP,JA1251
Ceftazidime  And Tazobactum,Ceftazidime 250mg And Tazobactum 31.25mg Injection,Ceftazidime  And Tazobactum,250mg,Injection,Antibiotics,Bacterial infections,114.87,32.82,Vial & Wfi,Jan Aushadhi / PMBJP,JA1252
Ceftazidime  And Tazobactum,Ceftazidime 1000 mg And Tazobactum 125 mg Injection,Ceftazidime  And Tazobactum,1000 mg,Injection,Antibiotics,Bacterial infections,295.33,84.38,Vial with WFI,Jan Aushadhi / PMBJP,JA1253
Moxifloxacin  and Cefixime,Moxifloxacin 400mg and Cefixime 400mg Tablet,Moxifloxacin  and Cefixime,400mg,Tablet,Antibiotics,Bacterial infections,557.83,159.38,10's,Jan Aushadhi / PMBJP,JA1254
"Bacitracin , Neomycin  and Polymyxin B  Opthalmic","Bacitracin 400 IU, Neomycin 3400 IU and Polymyxin B 5000 IU Opthalmic Ointment","Bacitracin , Neomycin  and Polymyxin B  Opthalmic",400 IU,Ointment,Opthalmic/Otic,Opthalmic,170.62,48.75,10 gm Tube,Jan Aushadhi / PMBJP,JA1255
Glycolic Acid 1% w/w and Aloe Vera 5% w/w Face Was,Glycolic Acid 1% w/w and Aloe Vera 5% w/w Face Wash,Glycolic Acid 1% w/w and Aloe Vera 5% w/w Face Wash,1%,Tablet,Derma Care,Derma Care,196.88,56.25,100gm Tube,Jan Aushadhi / PMBJP,JA1256
Selenium Sulphide Shampoo 1% w/w,Selenium Sulphide Shampoo 1% w/w,Selenium Sulphide Shampoo 1% w/w,1%,Tablet,Derma Care,Derma Care,311.75,89.07,60ml Flip top Jar,Jan Aushadhi / PMBJP,JA1258
Carboprost,Carboprost Injection 125mcg,Carboprost,125mcg,Injection,Gynaecology,Women's health,160.79,45.94,0.5ml Ampoule,Jan Aushadhi / PMBJP,JA1260
Dinoprostone,Dinoprostone Gel 0.5 mg (Pre-filled syringe),Dinoprostone,0.5 mg,Gel,Gynaecology,Women's health,397.04,113.44,3gm Pre-filled Syringe,Jan Aushadhi / PMBJP,JA1261
Ethinylestradiol  And Cyproterone,Ethinylestradiol 0.035 Mg And Cyproterone 2 Mg Tablet,Ethinylestradiol  And Cyproterone,0.035 Mg,Tablet,Gynaecology,Women's health,315.0,90.0,21's Monopack,Jan Aushadhi / PMBJP,JA1262
Calcium  and Vitamin D3,Calcium 500mg and Vitamin D3 500IU Tablets IP,Calcium  and Vitamin D3,500mg,Tablet,Supplement/Vitamin/Mineral,Supplement,26.25,7.5,10's,Jan Aushadhi / PMBJP,JA1263
Ranolazine Extended Release,Ranolazine Extended Release Tablets 1000mg,Ranolazine Extended Release,1000mg,Tablet,Cardiovascular System (CVS),Cardiovascular System (CVS),246.12,70.32,10's,Jan Aushadhi / PMBJP,JA1264
Potassium Nitrate Toothpaste 5% w/w,Potassium Nitrate Toothpaste 5% w/w,Potassium Nitrate Toothpaste 5% w/w,5%,Tablet,STOMATOLOGICALS,STOMATOLOGICALS,147.66,42.19,100gm,Jan Aushadhi / PMBJP,JA1265
Sodium Bicarbonate,Sodium Bicarbonate Tablet 500 mg,Sodium Bicarbonate,500 mg,Tablet,Gastrointestinal (GIT),Gastrointestinal (GIT),32.83,9.38,10's,Jan Aushadhi / PMBJP,JA1266
Sodium Bicarbonate,Sodium Bicarbonate Tablet 1000 mg,Sodium Bicarbonate,1000 mg,Tablet,Gastrointestinal (GIT),Gastrointestinal (GIT),49.25,14.07,10's,Jan Aushadhi / PMBJP,JA1267
"Simethicone  , Dill Oil  And Fennel Oil","Simethicone 40Mg , Dill Oil 0.005Ml And Fennel Oil 0.0007Ml Drops","Simethicone  , Dill Oil  And Fennel Oil",40Mg,Drops,Enzyme Preparation,Enzyme Preparation,65.62,18.75,30ml Oral Drops,Jan Aushadhi / PMBJP,JA1268
Silymarin,Silymarin Tablet 140 mg,Silymarin,140 mg,Tablet,Hepato-Protective,Hepato-Protective,98.45,28.13,10's,Jan Aushadhi / PMBJP,JA1269
Racecadotril,Racecadotril Sachet IP 10mg,Racecadotril,10mg,Sachet,Gastrointestinal (GIT),Gastrointestinal (GIT),16.42,4.69,1gm Sachet,Jan Aushadhi / PMBJP,JA1270
Racecadotril,Racecadotril Sachet IP 15mg,Racecadotril,15mg,Sachet,Gastrointestinal (GIT),Gastrointestinal (GIT),18.06,5.16,1gm Sachet,Jan Aushadhi / PMBJP,JA1271
Racecadotril,Racecadotril Sachet IP 30mg,Racecadotril,30mg,Sachet,Gastrointestinal (GIT),Gastrointestinal (GIT),19.7,5.63,3gm Sachet,Jan Aushadhi / PMBJP,JA1272
Daclatasvir,Daclatasvir Tablets 60 mg,Daclatasvir,60 mg,Tablet,Hepato-Protective,Hepato-Protective,3051.58,871.88,28's Bottle,Jan Aushadhi / PMBJP,JA1273
Nebivolol  and Telmisartan,Nebivolol 5mg and Telmisartan 40mg Tablets,Nebivolol  and Telmisartan,5mg,Tablet,Cardiovascular System (CVS),Cardiovascular System (CVS),164.08,46.88,10's,Jan Aushadhi / PMBJP,JA1274
Minoxidil,Minoxidil Tablets IP 10mg,Minoxidil,10mg,Tablet,Cardiovascular System (CVS),Cardiovascular System (CVS),65.62,18.75,10's,Jan Aushadhi / PMBJP,JA1275
Ulipristal Acetate,Ulipristal Acetate Tablets 5mg,Ulipristal Acetate,5mg,Tablet,Gynaecology,Women's health,1558.62,445.32,10's,Jan Aushadhi / PMBJP,JA1276
Ropinirole,Ropinirole Tablets IP 1 mg,Ropinirole,1 mg,Tablet,Central Nervous System (CNS),Neurological conditions,65.62,18.75,10's,Jan Aushadhi / PMBJP,JA1279
Ropinirole,Ropinirole Tablets IP 2 mg,Ropinirole,2 mg,Tablet,Central Nervous System (CNS),Neurological conditions,98.45,28.13,10's,Jan Aushadhi / PMBJP,JA1280
Bimatoprost 0.03% w/v and Timolol 0.5% w/v Ophthal,Bimatoprost 0.03% w/v and Timolol 0.5% w/v Ophthalmic Solution,Bimatoprost 0.03% w/v and Timolol 0.5% w/v Ophthalmic,0.03%,Solution,Opthalmic/Otic,Opthalmic,557.83,159.38,5ml Drops,Jan Aushadhi / PMBJP,JA1282
Etoposide,Etoposide Capsules IP 50 mg,Etoposide,50 mg,Capsule,Oncology,Oncology,708.75,202.5,8's,Jan Aushadhi / PMBJP,JA1283
Mesalazine Delayed release,Mesalazine Delayed release Tablets 800 mg,Mesalazine Delayed release,800 mg,Tablet,Gastrointestinal (GIT),Gastrointestinal (GIT),319.94,91.41,10's,Jan Aushadhi / PMBJP,JA1284
Tacrolimus,Tacrolimus Capsule IP 2 mg,Tacrolimus,2 mg,Capsule,Immunosuppressant,Immunosuppressant,623.45,178.13,10's,Jan Aushadhi / PMBJP,JA1285
Tacrolimus,Tacrolimus Capsule IP 1 mg,Tacrolimus,1 mg,Capsule,Immunosuppressant,Immunosuppressant,360.95,103.13,10's,Jan Aushadhi / PMBJP,JA1286
Tacrolimus,Tacrolimus Capsule IP 0.25 mg,Tacrolimus,0.25 mg,Capsule,Immunosuppressant,Immunosuppressant,147.66,42.19,10's,Jan Aushadhi / PMBJP,JA1287
Atazanavir  and Ritonavir,Atazanavir 300mg and Ritonavir 100mg Tablets IP,Atazanavir  and Ritonavir,300mg,Tablet,Anti-Retroviral,Anti-Retroviral,2690.62,768.75,30's Bottle,Jan Aushadhi / PMBJP,JA1289
Sodium Hyaluronate Eye,Sodium Hyaluronate Eye Drops 0.1% w/v,Sodium Hyaluronate Eye,0.1%,Drops,Opthalmic/Otic,Opthalmic,164.08,46.88,10ml Drops,Jan Aushadhi / PMBJP,JA1290
Voriconazole,Voriconazole Tablets IP 200mg,Voriconazole,200mg,Tablet,Anti-Fungal,Anti-Fungal,1148.45,328.13,4's,Jan Aushadhi / PMBJP,JA1291
Potassium Citrate  and Magnesium Citrate  and Pyri,Potassium Citrate 1100 mg and Magnesium Citrate 375 mg and Pyridoxine Hydrochloride 20mg Syrup per 5ml,Potassium Citrate  and Magnesium Citrate  and Pyridoxine Hydrochloride,1100 mg,Syrup,Nephrology,Nephrology,213.29,60.94,200ml,Jan Aushadhi / PMBJP,JA1292
Esomeprazole Gastro-Resistance,Esomeprazole Gastro-Resistance Tablets IP 20mg,Esomeprazole Gastro-Resistance,20mg,Tablet,Gastrointestinal (GIT),Gastrointestinal (GIT),32.83,9.38,10's,Jan Aushadhi / PMBJP,JA1293
Pantoprazole Gastro-Resistance,Pantoprazole Gastro-Resistance Tablets IP 20mg,Pantoprazole Gastro-Resistance,20mg,Tablet,Gastrointestinal (GIT),Gastrointestinal (GIT),23.0,6.57,10's,Jan Aushadhi / PMBJP,JA1294
Tadalafil  And Dapoxetine,Tadalafil 10Mg And Dapoxetine 30 Mg Tablets,Tadalafil  And Dapoxetine,10Mg,Tablet,Urology,Urinary conditions,229.7,65.63,4's,Jan Aushadhi / PMBJP,JA1296
Levonorgestrel,Levonorgestrel Tablet IP 1.5 mg,Levonorgestrel,1.5 mg,Tablet,Gynaecology,Women's health,70.0,20.0,1's in Monopack,Jan Aushadhi / PMBJP,JA1298
"Ferrous Asparto Glycinate , L-Methylfolate Calcium","Ferrous Asparto Glycinate 100 mg, L-Methylfolate Calcium 300mcg, Methylcobalamin 500mcg Tablet","Ferrous Asparto Glycinate , L-Methylfolate Calcium , Methylcobalamin",100 mg,Tablet,Supplement/Vitamin/Mineral,Supplement,131.25,37.5,10's,Jan Aushadhi / PMBJP,JA1299
"Riboflavin ,Folic Acid , Niacinamide  & Lactic Aci","Riboflavin 10Mg,Folic Acid 1.5Mg, Niacinamide 100Mg & Lactic Acid Bacillus 60 Million Spores Tablets","Riboflavin ,Folic Acid , Niacinamide  & Lactic Acid Bacillus 60 Million Spores",10Mg,Tablet,Supplement/Vitamin/Mineral,Supplement,78.75,22.5,10's,Jan Aushadhi / PMBJP,JA1300
Cholecalciferol Soft Gelatin,Cholecalciferol Soft Gelatin Capsule 60000 IU,Cholecalciferol Soft Gelatin,60000 IU,Capsule,Supplement/Vitamin/Mineral,Supplement,65.62,18.75,4's,Jan Aushadhi / PMBJP,JA1301
Methotrexate,Methotrexate Tablets IP 2.5mg,Methotrexate,2.5mg,Tablet,Oncology,Oncology,52.5,15.0,10's,Jan Aushadhi / PMBJP,JA1302
Divalproex Prolonged release,Divalproex Prolonged release Tablets IP 500mg,Divalproex Prolonged release,500mg,Tablet,Central Nervous System (CNS),Neurological conditions,213.29,60.94,10's,Jan Aushadhi / PMBJP,JA1303
Amlodipine,Amlodipine Tablet IP 10mg,Amlodipine,10mg,Tablet,Cardiovascular System (CVS),Cardiovascular System (CVS),32.83,9.38,10's,Jan Aushadhi / PMBJP,JA1304
"L-Carnitine-L-Tartrate , Co-Enzyme Q10 , Zinc Oxid","L-Carnitine-L-Tartrate 1000Mg, Co-Enzyme Q10 60Mg, Zinc Oxide (As Elemental Zinc) 12.5Mg, Lycopene 2500Mcg Tablets","L-Carnitine-L-Tartrate , Co-Enzyme Q10 , Zinc Oxide (As Elemental Zinc) , Lycopene",1000Mg,Tablet,Supplement/Vitamin/Mineral,Supplement,679.25,194.07,10's,Jan Aushadhi / PMBJP,JA1305
Atorvastatin  And Cholecalciferol,Atorvastatin 10mg And Cholecalciferol 1000 IU Tablet,Atorvastatin  And Cholecalciferol,10mg,Tablet,Cardiovascular System (CVS),Cardiovascular System (CVS),65.62,18.75,10's,Jan Aushadhi / PMBJP,JA1306
Telmisartan  and Atorvastatin,Telmisartan 40mg and Atorvastatin 10mg Tablet,Telmisartan  and Atorvastatin,40mg,Tablet,Cardiovascular System (CVS),Cardiovascular System (CVS),49.25,14.07,10's,Jan Aushadhi / PMBJP,JA1307
"Mecobalamin , Alpha Lipoic Acid , Inositol , Folic","Mecobalamin 1500 mcg, Alpha Lipoic Acid 100mg, Inositol 100mg, Folic Acid 1.5mg, Chromium Picolinate 200mcg, Selenium Dioxide 55mcg and Benfotiamine 150 mg Soft gel Capsule","Mecobalamin , Alpha Lipoic Acid , Inositol , Folic Acid , Chromium Picolinate , Selenium Dioxide  and Benfotiamine  Soft",1500 mcg,Capsule,Supplement/Vitamin/Mineral,Supplement,196.88,56.25,10's,Jan Aushadhi / PMBJP,JA1308
Halobetasol Propionate,Halobetasol Propionate Ointment 0.05% w/w,Halobetasol Propionate,0.05%,Ointment,Dermatology/Topical/External,Dermatology,98.45,28.13,15gm Lemi Tube,Jan Aushadhi / PMBJP,JA1309
"Chlorhexidine Gluconate 1% w/w, Metronidazole 1% w","Chlorhexidine Gluconate 1% w/w, Metronidazole 1% w/w and Lidocaine 2% w/w dental Gel","Chlorhexidine Gluconate 1% w/w, Metronidazole 1% w/w and Lidocaine 2% w/w dental",1%,Gel,Dermatology/Topical/External,Dermatology,65.62,18.75,15 gm Lami Tube,Jan Aushadhi / PMBJP,JA1310
"Ofloxacin 0.3% w/v, Dexamethasone 0.1% w/v, Benzal","Ofloxacin 0.3% w/v, Dexamethasone 0.1% w/v, Benzalkonium Chloride (As Preservative) 0.005% w/v Eye Drops","Ofloxacin 0.3% w/v, Dexamethasone 0.1% w/v, Benzalkonium Chloride (As Preservative) 0.005% w/v Eye",0.3%,Drops,Opthalmic/Otic,Opthalmic,32.83,9.38,5ml Drops,Jan Aushadhi / PMBJP,JA1311
Povidone Iodine Gargle 2% w/v,Povidone Iodine Gargle 2% w/v,Povidone Iodine Gargle 2% w/v,2%,Tablet,Antiseptic/Disinfectants,Antiseptic,131.25,37.5,100ml Bottle,Jan Aushadhi / PMBJP,JA1312
Paracetamol,Paracetamol Tablets IP 1000 Mg,Paracetamol,1000 Mg,Tablet,Analgesic/Antipyretic/Anti-Inflammatory,"Pain, fever, inflammation",52.5,15.0,10's,Jan Aushadhi / PMBJP,JA1313
Ketorolac Tromethamine Dispersible,Ketorolac Tromethamine Dispersible Tablet 10 mg,Ketorolac Tromethamine Dispersible,10 mg,Tablet,Analgesic/Antipyretic/Anti-Inflammatory,"Pain, fever, inflammation",32.83,9.38,10's,Jan Aushadhi / PMBJP,JA1314
Lopinavir and Ritonavir,Lopinavir and Ritonavir Tablets IP (200mg + 50mg),Lopinavir and Ritonavir,200mg,Tablet,Anti-Retroviral,Anti-Retroviral,3117.2,890.63,60's in Bottle,Jan Aushadhi / PMBJP,JA1315
Lignocaine Hydrochloride,Lignocaine Hydrochloride Injection IP (20ml),Lignocaine Hydrochloride,20ml,Injection,Anaesthetics,Anaesthetics,57.33,16.38,30 ml Vial,Jan Aushadhi / PMBJP,JA1316
"Atorvastatin , Aspirin  and Clopidogrel","Atorvastatin 10mg, Aspirin 75mg and Clopidogrel 75mg Capsules","Atorvastatin , Aspirin  and Clopidogrel",10mg,Capsule,Cardiovascular System (CVS),Cardiovascular System (CVS),124.71,35.63,10's,Jan Aushadhi / PMBJP,JA1317
Atorvastatin  and Aspirin,Atorvastatin 20mg and Aspirin 150mg Capsules IP,Atorvastatin  and Aspirin,20mg,Capsule,Cardiovascular System (CVS),Cardiovascular System (CVS),65.62,18.75,10's,Jan Aushadhi / PMBJP,JA1318
Atorvastatin  and Aspirin,Atorvastatin 20mg and Aspirin 75mg Capsules IP,Atorvastatin  and Aspirin,20mg,Capsule,Cardiovascular System (CVS),Cardiovascular System (CVS),60.73,17.35,10's,Jan Aushadhi / PMBJP,JA1319
Atorvastatin,Atorvastatin Tablets IP 5mg,Atorvastatin,5mg,Tablet,Cardiovascular System (CVS),Cardiovascular System (CVS),32.83,9.38,10's,Jan Aushadhi / PMBJP,JA1320
Benzoyl Peroxide,Benzoyl Peroxide Gel IP 2.5% w/w,Benzoyl Peroxide,2.5%,Gel,Derma Care,Derma Care,72.2,20.63,20gm Tube,Jan Aushadhi / PMBJP,JA1321
Bifonazole,Bifonazole IP 1% w/w Cream,Bifonazole,1%,Cream,Dermatology/Topical/External,Dermatology,131.25,37.5,30gm Lami Tube,Jan Aushadhi / PMBJP,JA1322
Bisacodyl Suppositories,Bisacodyl Suppositories IP 10mg,Bisacodyl Suppositories,10mg,Tablet,Gastrointestinal (GIT),Gastrointestinal (GIT),82.04,23.44,5's,Jan Aushadhi / PMBJP,JA1323
Bisoprolol  and Hydrochlorothiazide,Bisoprolol 5mg and Hydrochlorothiazide 12.5mg Tablets,Bisoprolol  and Hydrochlorothiazide,5mg,Tablet,Cardiovascular System (CVS),Cardiovascular System (CVS),65.62,18.75,10's,Jan Aushadhi / PMBJP,JA1324
Calcipotriol 0.005% and Clobetasol Propionate 0.05,Calcipotriol 0.005% and Clobetasol Propionate 0.05 % Ointment,Calcipotriol 0.005% and Clobetasol Propionate 0.05 %,0.005%,Ointment,Dermatology/Topical/External,Dermatology,597.2,170.63,15gm Lami-tube,Jan Aushadhi / PMBJP,JA1325
Calcium Dobesilate Monohydrate,Calcium Dobesilate Monohydrate Capsules 500mg,Calcium Dobesilate Monohydrate,500mg,Capsule,Ortho,Ortho,131.25,37.5,10's,Jan Aushadhi / PMBJP,JA1326
"Calcium Citrate Malate  , Vitamin D3  and Folic Ac","Calcium Citrate Malate 250mg , Vitamin D3 100IU and Folic Acid 50mcg Tablets","Calcium Citrate Malate  , Vitamin D3  and Folic Acid",250mg,Tablet,Supplement/Vitamin/Mineral,Supplement,65.62,18.75,10's,Jan Aushadhi / PMBJP,JA1327
Carbamazepine Prolonged release,Carbamazepine Prolonged release Tablets IP 400mg,Carbamazepine Prolonged release,400mg,Tablet,Central Nervous System (CNS),Neurological conditions,85.64,24.47,10's,Jan Aushadhi / PMBJP,JA1328
Carvedilol Phosphate Extended Release,Carvedilol Phosphate Extended Release Tablets 10mg,Carvedilol Phosphate Extended Release,10mg,Tablet,Cardiovascular System (CVS),Cardiovascular System (CVS),55.79,15.94,10's,Jan Aushadhi / PMBJP,JA1332
Carvedilol,Carvedilol Tablets IP 12.5 mg,Carvedilol,12.5 mg,Tablet,Cardiovascular System (CVS),Cardiovascular System (CVS),49.25,14.07,10's,Jan Aushadhi / PMBJP,JA1334
Cilnidipine  and Chlorthalidone,Cilnidipine 10mg and Chlorthalidone 12.5mg Tablets,Cilnidipine  and Chlorthalidone,10mg,Tablet,Cardiovascular System (CVS),Cardiovascular System (CVS),65.62,18.75,10's,Jan Aushadhi / PMBJP,JA1335
Metoprolol Succinate (extended release)  and Cilni,Metoprolol Succinate (extended release) 25mg and Cilnidipine 10mg Tablets,Metoprolol Succinate (extended release)  and Cilnidipine,25mg,Tablet,Cardiovascular System (CVS),Cardiovascular System (CVS),65.62,18.75,10's,Jan Aushadhi / PMBJP,JA1336
Cinnarizine  and Domperidone,Cinnarizine 20mg and Domperidone 15mg Tablet,Cinnarizine  and Domperidone,20mg,Tablet,Anti-Emetic,Anti-Emetic,32.83,9.38,10's,Jan Aushadhi / PMBJP,JA1338
Clotrimazole 1% w/v and Lignocaine Hydrochloride 2,Clotrimazole 1% w/v and Lignocaine Hydrochloride 2% w/v Ear Drops,Clotrimazole 1% w/v and Lignocaine Hydrochloride 2% w/v Ear,1%,Drops,Opthalmic/Otic,Opthalmic,49.25,14.07,10ml Drops,Jan Aushadhi / PMBJP,JA1339
"Cod liver oil , Evening primrose oil , Omega-3 fat","Cod liver oil 300MG, Evening primrose oil 300MG, Omega-3 fatty acid 90MG and Vitamin E 10MG Soft Gelatin Capsules","Cod liver oil , Evening primrose oil , Omega-3 fatty acid  and Vitamin E  Soft Gelatin",300MG,Capsule,Cardiovascular System (CVS),Cardiovascular System (CVS),147.66,42.19,10's,Jan Aushadhi / PMBJP,JA1340
Combipack of Clarithromycin,"Combipack of Clarithromycin 500mg Tablets IP, Esomeprazole 40mg Tablets IP (Gastro resistant) and Amoxycillin 750mg Tablets IP",Combipack of Clarithromycin,500mg,Tablet,Gastrointestinal (GIT),Gastrointestinal (GIT),278.91,79.69,Combipack of 6 Tablets in Mono Carton,Jan Aushadhi / PMBJP,JA1341
Dabigatran Etexilate Mesilate,Dabigatran Etexilate Mesilate Capsules 75 mg,Dabigatran Etexilate Mesilate,75 mg,Capsule,Anticoagulant,Anticoagulant,429.87,122.82,10's,Jan Aushadhi / PMBJP,JA1342
Dapagliflozin  and Metformin Hydrochloride (Extend,Dapagliflozin 10mg and Metformin Hydrochloride (Extended Release) 1000mg Tablets,Dapagliflozin  and Metformin Hydrochloride (Extended Release),10mg,Tablet,Anti-Diabetic,Anti-Diabetic,180.5,51.57,10's,Jan Aushadhi / PMBJP,JA1343
Dapagliflozin,Dapagliflozin Tablets 5mg,Dapagliflozin,5mg,Tablet,Anti-Diabetic,Anti-Diabetic,82.04,23.44,10's,Jan Aushadhi / PMBJP,JA1345
Desloratadine,Desloratadine Tablets 5mg,Desloratadine,5mg,Tablet,Anti-Histaminic,Anti-Histaminic,49.25,14.07,10's,Jan Aushadhi / PMBJP,JA1346
Divalproex Sodium Extended Release,Divalproex Sodium Extended Release Tablets IP 250 mg,Divalproex Sodium Extended Release,250 mg,Tablet,Central Nervous System (CNS),Neurological conditions,82.04,23.44,10's,Jan Aushadhi / PMBJP,JA1348
Dosulepin (Dothiepin),Dosulepin (Dothiepin) Tablets IP 50mg,Dosulepin (Dothiepin),50mg,Tablet,Central Nervous System (CNS),Neurological conditions,98.45,28.13,10's,Jan Aushadhi / PMBJP,JA1349
Doxofylline (Sustained-release)  and Montelukast,Doxofylline (Sustained-release) 400mg and Montelukast 10mg Tablets,Doxofylline (Sustained-release)  and Montelukast,400mg,Tablet,Respiratory,Respiratory conditions,213.29,60.94,10's,Jan Aushadhi / PMBJP,JA1350
Etizolam  and Propranolol Hydrochloride,Etizolam 0.5mg and Propranolol Hydrochloride 20mg Tablets,Etizolam  and Propranolol Hydrochloride,0.5mg,Tablet,Central Nervous System (CNS),Neurological conditions,65.62,18.75,10's,Jan Aushadhi / PMBJP,JA1351
Glucosamine,Glucosamine Tablets USP 500mg,Glucosamine,500mg,Tablet,Ortho,Ortho,262.5,75.0,30's in Bottle,Jan Aushadhi / PMBJP,JA1353
Isotretinoin,Isotretinoin Capsules IP 10mg,Isotretinoin,10mg,Capsule,Derma Care,Derma Care,98.45,28.13,10's,Jan Aushadhi / PMBJP,JA1355
Lacosamide,Lacosamide Tablets 100mg,Lacosamide,100mg,Tablet,Central Nervous System (CNS),Neurological conditions,183.75,52.5,10's,Jan Aushadhi / PMBJP,JA1357
Methotrexate,Methotrexate Tablets IP 10mg,Methotrexate,10mg,Tablet,Oncology,Oncology,105.0,30.0,10's,Jan Aushadhi / PMBJP,JA1358
Methotrexate,Methotrexate Tablets IP 5mg,Methotrexate,5mg,Tablet,Oncology,Oncology,70.0,20.0,10's,Jan Aushadhi / PMBJP,JA1359
Methylprednisolone,Methylprednisolone Tablets IP 16mg,Methylprednisolone,16mg,Tablet,Steroids & Hormones,Steroids & Hormones,131.25,37.5,10's,Jan Aushadhi / PMBJP,JA1360
"Metoprolol Succinate (Extended-relase) , Telmisart","Metoprolol Succinate (Extended-relase) 50mg, Telmisartan 40mg and Chlorthalidone 12.5mg Tablets","Metoprolol Succinate (Extended-relase) , Telmisartan  and Chlorthalidone",50mg,Tablet,Cardiovascular System (CVS),Cardiovascular System (CVS),82.04,23.44,10's,Jan Aushadhi / PMBJP,JA1361
Metoprolol Succinate Extended Release,Metoprolol Succinate Extended Release Tablets IP 12.5mg,Metoprolol Succinate Extended Release,12.5mg,Tablet,Cardiovascular System (CVS),Cardiovascular System (CVS),32.83,9.38,10's,Jan Aushadhi / PMBJP,JA1362
Miconazole Nitrate,Miconazole Nitrate Cream IP 2% w/w,Miconazole Nitrate,2%,Cream,Dermatology/Topical/External,Dermatology,39.38,11.25,15gm Tube,Jan Aushadhi / PMBJP,JA1363
Mometasone Aqueous Nasal,Mometasone Aqueous Nasal Spray IP 0.05%w/v (nasal suspension in a pressurise container),Mometasone Aqueous Nasal,0.05%,Suspension,Respiratory,Respiratory conditions,334.7,95.63,120 MDI,Jan Aushadhi / PMBJP,JA1364
Mycophenolate Sodium Gastro-resistant,Mycophenolate Sodium Gastro-resistant Tablets 360mg,Mycophenolate Sodium Gastro-resistant,360mg,Tablet,Immunosuppressant,Immunosuppressant,507.5,145.0,10's,Jan Aushadhi / PMBJP,JA1365
Metformin Hydrochloride (sustained-relase)  and My,Metformin Hydrochloride (sustained-relase) 500mg and Myo-Inositol 600mg Tablets,Metformin Hydrochloride (sustained-relase)  and Myo-Inositol,500mg,Tablet,Polycystic ovary/ovarian Syndrome,Polycystic ovary,288.75,82.5,10's,Jan Aushadhi / PMBJP,JA1366
Nitroglycerin Controlled Release,Nitroglycerin Controlled Release Tablets 6.4 mg,Nitroglycerin Controlled Release,6.4 mg,Tablet,Cardiovascular System (CVS),Cardiovascular System (CVS),180.5,51.57,30's in Bottle,Jan Aushadhi / PMBJP,JA1367
Nortriptyline,Nortriptyline Tablets IP 10mg,Nortriptyline,10mg,Tablet,Central Nervous System (CNS),Neurological conditions,32.83,9.38,10's,Jan Aushadhi / PMBJP,JA1368
Ondansetron Orally disintegrating,Ondansetron Orally disintegrating Tablets IP 8mg,Ondansetron Orally disintegrating,8mg,Tablet,Anti-Emetic,Anti-Emetic,36.12,10.32,10's,Jan Aushadhi / PMBJP,JA1369
Oxcarbazepine,Oxcarbazepine Tablets IP 150mg,Oxcarbazepine,150mg,Tablet,Central Nervous System (CNS),Neurological conditions,126.35,36.1,10's,Jan Aushadhi / PMBJP,JA1370
Paracetamol  and Caffeine,Paracetamol 650mg and Caffeine 50mg Tablets IP,Paracetamol  and Caffeine,650mg,Tablet,Analgesic/Antipyretic/Anti-Inflammatory,"Pain, fever, inflammation",62.37,17.82,10's,Jan Aushadhi / PMBJP,JA1371
Pirfenidone,Pirfenidone Tablets IP 400mg,Pirfenidone,400mg,Tablet,Respiratory,Respiratory conditions,557.83,159.38,10's,Jan Aushadhi / PMBJP,JA1372
Prednisolone Sodium Phosphate Eye,Prednisolone Sodium Phosphate Eye Drops IP 1%w/v,Prednisolone Sodium Phosphate Eye,1%,Drops,Opthalmic/Otic,Opthalmic,49.25,14.07,10ml Drops,Jan Aushadhi / PMBJP,JA1374
Pregabalin (Sustained release)  and Methylcobalami,Pregabalin (Sustained release) 75mg and Methylcobalamin 1500mcg Tablets,Pregabalin (Sustained release)  and Methylcobalamin,75mg,Tablet,Central Nervous System (CNS),Neurological conditions,164.08,46.88,10's,Jan Aushadhi / PMBJP,JA1375
Pregabalin,Pregabalin Tablets IP 150mg,Pregabalin,150mg,Tablet,Central Nervous System (CNS),Neurological conditions,98.45,28.13,10's,Jan Aushadhi / PMBJP,JA1376
Ribavirin,Ribavirin Capsules USP 200mg,Ribavirin,200mg,Capsule,Hepato-protective,Hepato-protective,175.0,50.0,4's,Jan Aushadhi / PMBJP,JA1377
Spironolactone  and Torasemide,Spironolactone 50mg and Torasemide 20mg Tablets,Spironolactone  and Torasemide,50mg,Tablet,Diuretic,Diuretic,137.83,39.38,10's,Jan Aushadhi / PMBJP,JA1378
Sumatriptan  and Naproxen,Sumatriptan 85mg and Naproxen 500mg Tablets,Sumatriptan  and Naproxen,85mg,Tablet,Analgesic/Antipyretic/Anti-Inflammatory,"Pain, fever, inflammation",164.08,46.88,2's,Jan Aushadhi / PMBJP,JA1379
Torsemide,Torsemide Tablets IP 100mg,Torsemide,100mg,Tablet,Diuretic,Diuretic,164.08,46.88,10's,Jan Aushadhi / PMBJP,JA1381
Valsartan,Valsartan Tablets IP 40 mg,Valsartan,40 mg,Tablet,Cardiovascular System (CVS),Cardiovascular System (CVS),65.62,18.75,10's,Jan Aushadhi / PMBJP,JA1382
Verapamil,Verapamil Tablets IP 40mg,Verapamil,40mg,Tablet,Cardiovascular System (CVS),Cardiovascular System (CVS),14.77,4.22,10's,Jan Aushadhi / PMBJP,JA1383
Warfarin,Warfarin Tablets IP 1mg,Warfarin,1mg,Tablet,Cardiovascular System (CVS),Cardiovascular System (CVS),49.25,14.07,10's,Jan Aushadhi / PMBJP,JA1384
Warfarin,Warfarin Tablets IP 2mg,Warfarin,2mg,Tablet,Cardiovascular System (CVS),Cardiovascular System (CVS),49.25,14.07,10's,Jan Aushadhi / PMBJP,JA1385
Zinc Sulphate Dispersible,Zinc Sulphate Dispersible Tablets IP 20mg,Zinc Sulphate Dispersible,20mg,Tablet,Supplement/Vitamin/Mineral,Supplement,32.83,9.38,10's,Jan Aushadhi / PMBJP,JA1386
Pyridostigmine Bromide,Pyridostigmine Bromide Tablets IP 60mg,Pyridostigmine Bromide,60mg,Tablet,Central Nervous System (CNS),Neurological conditions,236.25,67.5,10's,Jan Aushadhi / PMBJP,JA1387
Budesonide,Budesonide Powder for Inhalation IP 400mcg (Rotacaps),Budesonide,400mcg,Powder,Respiratory,Respiratory conditions,358.93,102.55,30's,Jan Aushadhi / PMBJP,JA1388
Estradiol,Estradiol Tablets 2mg,Estradiol,2mg,Tablet,Gynaecology,Women's health,360.95,103.13,28's,Jan Aushadhi / PMBJP,JA1390
Atorvastatin,Atorvastatin Tablets IP 80mg,Atorvastatin,80mg,Tablet,Cardiovascular System (CVS),Cardiovascular System (CVS),114.87,32.82,10's,Jan Aushadhi / PMBJP,JA1391
Pre & Pro-Biotic,"Pre & Pro-Biotic Capsules (Bacillus Mesentericus - 2M, Clostridium Butyricum - 4M, Lactobacillus Sporogenes - 100M, Streptococcus Faecalis - 60M)",Pre & Pro-Biotic,—,Capsule,Gastrointestinal (GIT),Gastrointestinal (GIT),180.5,51.57,10's,Jan Aushadhi / PMBJP,JA1392
Beclomethasone Dipropionate Inhalation,Beclomethasone Dipropionate Inhalation IP 200mcg,Beclomethasone Dipropionate Inhalation,200mcg,Tablet,Respiratory,Respiratory conditions,492.2,140.63,200 MDI,Jan Aushadhi / PMBJP,JA1393
Beclomethasone Dipropionate Rotacaps,Beclomethasone Dipropionate Rotacaps 200mcg,Beclomethasone Dipropionate Rotacaps,200mcg,Tablet,Dermatology/Topical/External,Dermatology,232.51,66.43,30's in Plastic container with monocarton,Jan Aushadhi / PMBJP,JA1396
Beclomethasone Dipropionate Rotacaps,Beclomethasone Dipropionate Rotacaps 400mcg,Beclomethasone Dipropionate Rotacaps,400mcg,Tablet,Dermatology/Topical/External,Dermatology,237.79,67.94,30's in Plastic container with monocarton,Jan Aushadhi / PMBJP,JA1397
Benidipine Hydrochloride,Benidipine Hydrochloride Tablets 4mg,Benidipine Hydrochloride,4mg,Tablet,Cardiovascular System (CVS),Cardiovascular System (CVS),49.25,14.07,10's,Jan Aushadhi / PMBJP,JA1398
Bilastine  Montelukast,Bilastine 20mg Montelukast 10mg Tablets,Bilastine  Montelukast,20mg,Tablet,Respiratory,Respiratory conditions,164.08,46.88,10's,Jan Aushadhi / PMBJP,JA1399
Calcium Pantothenate,Calcium Pantothenate 100mg Tablets IP,Calcium Pantothenate,100mg,Tablet,Ortho,Ortho,49.25,14.07,10's,Jan Aushadhi / PMBJP,JA1400
Cefpodoxime  and Ofloxacin,Cefpodoxime 200mg and Ofloxacin 200mg Tablets,Cefpodoxime  and Ofloxacin,200mg,Tablet,Antibiotics,Bacterial infections,351.12,100.32,10's,Jan Aushadhi / PMBJP,JA1401
"Clindamycin , Clotrimazole  and Tinidazole  Soft G","Clindamycin 100mg, Clotrimazole 100mg and Tinidazole 100mg Soft Gelatin Capsule (For Vaginal Use)","Clindamycin , Clotrimazole  and Tinidazole  Soft Gelatin",100mg,Capsule,Dermatology/Topical/External,Dermatology,229.7,65.63,7's,Jan Aushadhi / PMBJP,JA1402
Diethylcarbamazine,Diethylcarbamazine 150mg Tablets,Diethylcarbamazine,150mg,Tablet,Anthelmintic,Anthelmintic,35.0,10.0,10's,Jan Aushadhi / PMBJP,JA1403
Eberconazole,Eberconazole Cream 1% w/w,Eberconazole,1%,Cream,Anti-fungal,Anti-fungal,426.58,121.88,30g Lemitube,Jan Aushadhi / PMBJP,JA1404
Enalapril Maleate,Enalapril Maleate Tablets IP 2.5mg,Enalapril Maleate,2.5mg,Tablet,Cardiovascular System (CVS),Cardiovascular System (CVS),23.0,6.57,10's,Jan Aushadhi / PMBJP,JA1405
Esomeprazole Magnessium  (Enteric Coated ) and Ito,Esomeprazole Magnessium 40mg (Enteric Coated ) and Itopride Hydrochloride 150mg (Sustained Release) Capsules.,Esomeprazole Magnessium  (Enteric Coated ) and Itopride Hydrochloride  (Sustained Release),40mg,Capsule,Gastrointestinal (GIT),Gastrointestinal (GIT),164.08,46.88,10's,Jan Aushadhi / PMBJP,JA1406
Fenofibrate,Fenofibrate Capsules IP 200mg,Fenofibrate,200mg,Capsule,Cardiovascular System (CVS),Cardiovascular System (CVS),82.04,23.44,10's,Jan Aushadhi / PMBJP,JA1410
Flupirtine Maleate,Flupirtine Maleate Capsules 100mg,Flupirtine Maleate,100mg,Capsule,Analgesic/Antipyretic/Anti-Inflammatory,"Pain, fever, inflammation",114.87,32.82,10's,Jan Aushadhi / PMBJP,JA1411
Glimepiride,Glimepiride IP 0.5mg Tablets,Glimepiride,0.5mg,Tablet,Anti-Diabetic,Anti-Diabetic,11.52,3.29,10's,Jan Aushadhi / PMBJP,JA1412
Ibandronic Acid,Ibandronic Acid Tablets 150mg,Ibandronic Acid,150mg,Tablet,Ortho,Ortho,1066.41,304.69,1's,Jan Aushadhi / PMBJP,JA1415
Ilaprazole,Ilaprazole Tablets 10mg,Ilaprazole,10mg,Tablet,Gastrointestinal (GIT),Gastrointestinal (GIT),82.04,23.44,10's,Jan Aushadhi / PMBJP,JA1416
Iron Sucrose,Iron Sucrose Injection,Iron Sucrose,—,Injection,Electrolytes,Electrolytes,108.29,30.94,1's,Jan Aushadhi / PMBJP,JA1417
Labetalol,Labetalol IP 200mg Tablets,Labetalol,200mg,Tablet,Cardiovascular System (CVS),Cardiovascular System (CVS),196.88,56.25,10's,Jan Aushadhi / PMBJP,JA1418
Lornoxicam  and Paracetamol,Lornoxicam 8mg and Paracetamol 325mg Tablets,Lornoxicam  and Paracetamol,8mg,Tablet,Analgesic/Antipyretic/Anti-Inflammatory,"Pain, fever, inflammation",82.04,23.44,10's,Jan Aushadhi / PMBJP,JA1419
Mesalamine Delayed Release,Mesalamine Delayed Release Tablets 400mg,Mesalamine Delayed Release,400mg,Tablet,Gastrointestinal (GIT),Gastrointestinal (GIT),131.25,37.5,10's,Jan Aushadhi / PMBJP,JA1422
Metformin Hydrchloride  (Sustained-release) and Gl,Metformin Hydrchloride 500mg (Sustained-release) and Glimipride 3mg Tablet IP,Metformin Hydrchloride  (Sustained-release) and Glimipride,500mg,Tablet,Anti-Diabetic,Anti-Diabetic,98.45,28.13,10's,Jan Aushadhi / PMBJP,JA1423
Moxifloxacin w/v and Prednisolone Acetate w/v Eye,Moxifloxacin 0.5 %w/v and Prednisolone Acetate 1%w/v Eye Drops,Moxifloxacin w/v and Prednisolone Acetate w/v Eye,0.5 %,Drops,Opthalmic/Otic,Opthalmic,65.62,18.75,5ml Drops,Jan Aushadhi / PMBJP,JA1426
Moxonidine,Moxonidine Tablets 0.2mg,Moxonidine,0.2mg,Tablet,Cardiovascular System (CVS),Cardiovascular System (CVS),118.12,33.75,10's,Jan Aushadhi / PMBJP,JA1427
Oxcarbazepine,Oxcarbazepine Tablets IP 450mg,Oxcarbazepine,450mg,Tablet,Central Nervous System (CNS),Neurological conditions,374.08,106.88,10's,Jan Aushadhi / PMBJP,JA1428
Oxcarbazepine,Oxcarbazepine Tablets IP 600 mg,Oxcarbazepine,600 mg,Tablet,Central Nervous System (CNS),Neurological conditions,403.62,115.32,10's,Jan Aushadhi / PMBJP,JA1429
Paroxetin Prolonged-release,Paroxetin Prolonged-release Tablets IP 25mg,Paroxetin Prolonged-release,25mg,Tablet,Central Nervous System (CNS),Neurological conditions,131.25,37.5,10's,Jan Aushadhi / PMBJP,JA1430
Paroxetine Prolonged-release,Paroxetine Prolonged-release Tablets IP 12.5mg,Paroxetine Prolonged-release,12.5mg,Tablet,Central Nervous System (CNS),Neurological conditions,82.04,23.44,10's,Jan Aushadhi / PMBJP,JA1431
Pramipexole Dihydrochloride,Pramipexole Dihydrochloride Tablets 0.25mg,Pramipexole Dihydrochloride,0.25mg,Tablet,Central Nervous System (CNS),Neurological conditions,160.79,45.94,10's,Jan Aushadhi / PMBJP,JA1432
Ramipril,Ramipril Tablets IP 10mg,Ramipril,10mg,Tablet,Cardiovascular System (CVS),Cardiovascular System (CVS),65.62,18.75,10's,Jan Aushadhi / PMBJP,JA1434
Risperidone,Risperidone Tablets IP 3 mg,Risperidone,3 mg,Tablet,Central Nervous System (CNS),Neurological conditions,36.12,10.32,10's,Jan Aushadhi / PMBJP,JA1439
Ropinirole,Ropinirole Tablets IP 0.5mg,Ropinirole,0.5mg,Tablet,Cardiovascular System (CVS),Cardiovascular System (CVS),49.25,14.07,10's,Jan Aushadhi / PMBJP,JA1440
Selegiline Hydrochloride,Selegiline Hydrochloride 5mg Tablets,Selegiline Hydrochloride,5mg,Tablet,Central Nervous System (CNS),Neurological conditions,98.45,28.13,10's,Jan Aushadhi / PMBJP,JA1442
Sevelamer Carbonate,Sevelamer Carbonate Tablets 400mg,Sevelamer Carbonate,400mg,Tablet,Nephrology,Nephrology,180.5,51.57,10's,Jan Aushadhi / PMBJP,JA1443
Propranolol Hydrochloride  Sustained Release) and ,Propranolol Hydrochloride 40mg Sustained Release) and Flunarizine Dihydrochloride 10mg Tablets,Propranolol Hydrochloride  Sustained Release) and Flunarizine Dihydrochloride,40mg,Tablet,Cardiovascular System (CVS),Cardiovascular System (CVS),65.62,18.75,10's,Jan Aushadhi / PMBJP,JA1444
"Telmisartan , Amlodipine  and Hydrochlorothiazide","Telmisartan 80mg, Amlodipine 5mg and Hydrochlorothiazide 12.5mg Tablets","Telmisartan , Amlodipine  and Hydrochlorothiazide",80mg,Tablet,Cardiovascular System (CVS),Cardiovascular System (CVS),131.25,37.5,10's,Jan Aushadhi / PMBJP,JA1445
Tenofovir Alafenamide,Tenofovir Alafenamide Tablets IP 25mg,Tenofovir Alafenamide,25mg,Tablet,Hepato-protective,Hepato-protective,1968.75,562.5,30's in Bottle,Jan Aushadhi / PMBJP,JA1446
Vitamin E,Vitamin E Capsules 600mg,Vitamin E,600mg,Capsule,Supplement/Vitamin/Mineral,Supplement,91.88,26.25,10's,Jan Aushadhi / PMBJP,JA1448
Ziprasidone,Ziprasidone 20mg Capsules,Ziprasidone,20mg,Capsule,Central Nervous System (CNS),Neurological conditions,147.66,42.19,10's,Jan Aushadhi / PMBJP,JA1451
Perindopril Erbumine,Perindopril Erbumine 8mg Tablets,Perindopril Erbumine,8mg,Tablet,Cardiovascular System (CVS),Cardiovascular System (CVS),262.5,75.0,10's,Jan Aushadhi / PMBJP,JA1452
Perindopril Erbumine  and Indapamide,Perindopril Erbumine 4mg and Indapamide 1.25mg Tablets,Perindopril Erbumine  and Indapamide,4mg,Tablet,Cardiovascular System (CVS),Cardiovascular System (CVS),229.7,65.63,10's,Jan Aushadhi / PMBJP,JA1453
Micronized Purified flavanoid Fraction,Micronized Purified flavanoid Fraction Tablets ( MPFF Diosmin 450mg and Hesperidin 50mg Tablets),Micronized Purified flavanoid Fraction,450mg,Tablet,Cardiovascular System (CVS),Cardiovascular System (CVS),246.12,70.32,10's,Jan Aushadhi / PMBJP,JA1454
Ziprasidone,Ziprasidone 40mg Capsules,Ziprasidone,40mg,Capsule,Central Nervous System (CNS),Neurological conditions,229.7,65.63,10's,Jan Aushadhi / PMBJP,JA1455
"Guaifenesin , Terbutaline  and Ambroxol","Guaifenesin 100mg, Terbutaline 1.25 mg and Ambroxol 15mg Syrup per 5ml (Suger free)","Guaifenesin , Terbutaline  and Ambroxol",100mg,Syrup,Respiratory,Respiratory conditions,98.45,28.13,100 ml,Jan Aushadhi / PMBJP,JA1457
Sacubitril  and Valsartan,Sacubitril 97mg and Valsartan 103mg Tablets,Sacubitril  and Valsartan,97mg,Tablet,Cardiovascular System (CVS),Cardiovascular System (CVS),744.87,212.82,7’s,Jan Aushadhi / PMBJP,JA1458
Hydroxyprogesterone,Hydroxyprogesterone Injection 250mg,Hydroxyprogesterone,250mg,Injection,Gynaecology,Women's health,98.45,28.13,1ml ampoule in Mono blister pack,Jan Aushadhi / PMBJP,JA1459
Hydroxyprogesterone,Hydroxyprogesterone Injection IP 500mg,Hydroxyprogesterone,500mg,Injection,Gynaecology,Women's health,164.08,46.88,2ml Ampoule in Mono blister,Jan Aushadhi / PMBJP,JA1460
Alpha Ketoanalouge and Essential Amino Acid,Alpha Ketoanalouge and Essential Amino Acid Tablets,Alpha Ketoanalouge and Essential Amino Acid,—,Tablet,Anti-Diabetic,Anti-Diabetic,280.0,80.0,10's,Jan Aushadhi / PMBJP,JA1461
Allopurinol,Allopurinol Tablets IP 300 mg,Allopurinol,300 mg,Tablet,Respiratory,Respiratory conditions,98.45,28.13,10's,Jan Aushadhi / PMBJP,JA1462
Amisulpride,Amisulpride Tablets IP 300mg,Amisulpride,300mg,Tablet,Ortho,Ortho,262.5,75.0,10's,Jan Aushadhi / PMBJP,JA1463
Acarbose  and Metformin Hydrochloride,Acarbose 50mg and Metformin Hydrochloride 500mg Tablets,Acarbose  and Metformin Hydrochloride,50mg,Tablet,Anti-Diabetic,Anti-Diabetic,272.37,77.82,10's,Jan Aushadhi / PMBJP,JA1464
Acetylcysteine Effervescent,Acetylcysteine Effervescent Tablets 600mg,Acetylcysteine Effervescent,600mg,Tablet,Respiratory,Respiratory conditions,443.0,126.57,10's,Jan Aushadhi / PMBJP,JA1465
Alendronate Sodium,Alendronate Sodium Tablets USP 70mg,Alendronate Sodium,70mg,Tablet,Ortho,Ortho,65.62,18.75,4's,Jan Aushadhi / PMBJP,JA1466
"Amlodipine , Losartan Potassium  & Hydrochlorothia","Amlodipine 5 mg, Losartan Potassium 50 mg & Hydrochlorothiazide 12.5 mg Tablets","Amlodipine , Losartan Potassium  & Hydrochlorothiazide",5 mg,Tablet,Cardiovascular System (CVS),Cardiovascular System (CVS),82.04,23.44,10's,Jan Aushadhi / PMBJP,JA1467
Amlodipine  and Perindopril,Amlodipine 5mg and Perindopril 4mg Tablets,Amlodipine  and Perindopril,5mg,Tablet,Cardiovascular System (CVS),Cardiovascular System (CVS),98.45,28.13,10's,Jan Aushadhi / PMBJP,JA1468
Protein,Protein Powder (100% Whey Protein) 1 kg (2.2 lbs) Jar,Protein,100%,Powder,Nutraceuticals,Nutraceuticals,4668.51,1333.86,1 kg (2.2 lbs) Jar,Jan Aushadhi / PMBJP,JA1470
Diabetes Care Protein,Diabetes Care Protein Powder,Diabetes Care Protein,—,Powder,Nutraceuticals,Nutraceuticals,1312.5,375.0,400g Jar,Jan Aushadhi / PMBJP,JA1472
Renal care protein,Renal care protein powder (Low Protein),Renal care protein,—,Powder,Nutraceuticals,Nutraceuticals,1245.79,355.94,400g Jar,Jan Aushadhi / PMBJP,JA1473
Renal care protein,Renal care protein powder for dialysis patients (High Protein),Renal care protein,—,Powder,Nutraceuticals,Nutraceuticals,1557.22,444.92,400g Jar,Jan Aushadhi / PMBJP,JA1474
Oral Rehydration Salt (Liquid form),Oral Rehydration Salt (Liquid form),Oral Rehydration Salt (Liquid form),—,Tablet,Electrolytes,Electrolytes,55.12,15.75,200ml Tetra Pack,Jan Aushadhi / PMBJP,JA1475
Janaushadhi Women Protein (Chocolate),Janaushadhi Women Protein (Chocolate) 250g,Janaushadhi Women Protein (Chocolate),250g,Tablet,Nutraceuticals,Nutraceuticals,716.34,204.67,250g Jar,Jan Aushadhi / PMBJP,JA1478
Janaushadhi Women Protein (Vanilla) 250 gm,Janaushadhi Women Protein (Vanilla) 250 gm,Janaushadhi Women Protein (Vanilla) 250 gm,250 g,Tablet,Nutraceuticals,Nutraceuticals,716.34,204.67,250g Jar,Jan Aushadhi / PMBJP,JA1479
"Abacavir , Dolutegravir  and Lamivudine","Abacavir 600mg, Dolutegravir 50mg and Lamivudine 300mg Tablets","Abacavir , Dolutegravir  and Lamivudine",600mg,Tablet,Anti-Retroviral,Anti-Retroviral,9515.62,2718.75,30's Bottle,Jan Aushadhi / PMBJP,JA1481
Abacavir  and Lamivudine,Abacavir 600mg and Lamivudine 300mg Tablets,Abacavir  and Lamivudine,600mg,Tablet,Anti-Retroviral,Anti-Retroviral,3035.16,867.19,30's Bottle,Jan Aushadhi / PMBJP,JA1482
Caffeine Citrate,Caffeine Citrate Injection 20mg/ml,Caffeine Citrate,20mg,Injection,Cardiovascular System (CVS),Cardiovascular System (CVS),328.12,93.75,2ml vial,Jan Aushadhi / PMBJP,JA1486
Colchicine,Colchicine Tablets 0.5mg,Colchicine,0.5mg,Tablet,Ortho,Ortho,32.83,9.38,10's,Jan Aushadhi / PMBJP,JA1487
Midazolam,Midazolam Injection 10mg,Midazolam,10mg,Injection,Central Nervous System (CNS),Neurological conditions,98.45,28.13,10ml vial,Jan Aushadhi / PMBJP,JA1488
Rituximab /,Rituximab 100mg/10ml Injection,Rituximab /,100mg,Injection,Oncology,Oncology,13125.0,3750.0,10ml vial,Jan Aushadhi / PMBJP,JA1489
Rituximab /,Rituximab 500mg/50ml Injection,Rituximab /,500mg,Injection,Oncology,Oncology,38390.62,10968.75,50ml vial,Jan Aushadhi / PMBJP,JA1490
Salicylic Acid 1% w/v Foaming Facewash,Salicylic Acid 1% w/v Foaming Facewash,Salicylic Acid 1% w/v Foaming Facewash,1%,Tablet,Derma Care,Derma Care,164.08,46.88,60ml Lami Tube,Jan Aushadhi / PMBJP,JA1491
Salicylic Acid 2% w/v Foaming Facewash,Salicylic Acid 2% w/v Foaming Facewash,Salicylic Acid 2% w/v Foaming Facewash,2%,Tablet,Derma Care,Derma Care,229.7,65.63,60ml Lami Tube,Jan Aushadhi / PMBJP,JA1493
Thiamine Hydrochloride,Thiamine Hydrochloride Injection IP 100mg/ml,Thiamine Hydrochloride,100mg,Injection,Supplement/Vitamin/Mineral,Supplement,49.25,14.07,2ml vial,Jan Aushadhi / PMBJP,JA1495
"Mecobalamin , Folic Acid  and Niacinamide","Mecobalamin 1500mcg, Folic Acid 0.7mg and Niacinamide 100mg Injection (Painless)","Mecobalamin , Folic Acid  and Niacinamide",1500mcg,Injection,Supplement/Vitamin/Mineral,Supplement,65.62,18.75,2ml vial,Jan Aushadhi / PMBJP,JA1496
Nicotine  Oral Disintegrating Strips,Nicotine 2mg Oral Disintegrating Strips,Nicotine  Oral Disintegrating Strips,2mg,Tablet,Smoking Cessation,Smoking Cessation,259.0,74.0,12's in Mono Carton,Jan Aushadhi / PMBJP,JA1498
Ondansetron  Oral Disintegrating Strips,Ondansetron 4mg Oral Disintegrating Strips,Ondansetron  Oral Disintegrating Strips,4mg,Tablet,Anti-Emetic,Anti-Emetic,180.5,51.57,12's in Mono Carton,Jan Aushadhi / PMBJP,JA1500
Ondansetron  Oral Disintegrating Strips,Ondansetron 8mg Oral Disintegrating Strips,Ondansetron  Oral Disintegrating Strips,8mg,Tablet,Anti-Emetic,Anti-Emetic,360.95,103.13,12's in Mono Carton,Jan Aushadhi / PMBJP,JA1501
Sildenafil  Oral Disintegrating Strips,Sildenafil 50mg Oral Disintegrating Strips,Sildenafil  Oral Disintegrating Strips,50mg,Tablet,Urology,Urinary conditions,164.08,46.88,5's in Mono Carton,Jan Aushadhi / PMBJP,JA1502
Vitamin D3  Oral Disintegrating Strips,Vitamin D3 60000 IU Oral Disintegrating Strips,Vitamin D3  Oral Disintegrating Strips,60000 IU,Tablet,Supplement/Vitamin/Mineral,Supplement,295.33,84.38,10's in Mono Carton,Jan Aushadhi / PMBJP,JA1503
Dapagliflozin  and Sitagliptin,Dapagliflozin 5mg and Sitagliptin 50mg Tablets,Dapagliflozin  and Sitagliptin,5mg,Tablet,Anti-Diabetic,Anti-Diabetic,131.25,37.5,10's,Jan Aushadhi / PMBJP,JA1504
Dapagliflozin  and Sitagliptin,Dapagliflozin 10mg and Sitagliptin 100mg Tablets,Dapagliflozin  and Sitagliptin,10mg,Tablet,Anti-Diabetic,Anti-Diabetic,229.7,65.63,10's,Jan Aushadhi / PMBJP,JA1505
Pregabalin  and Duloxetin (Delayed Release),Pregabalin 75mg and Duloxetin (Delayed Release) 30mg Capsules,Pregabalin  and Duloxetin (Delayed Release),75mg,Capsule,Central Nervous System (CNS),Neurological conditions,164.08,46.88,10's,Jan Aushadhi / PMBJP,JA1506
Pregabalin  and Duloxetin (Delayed Release),Pregabalin 50mg and Duloxetin (Delayed Release) 20mg Capsules,Pregabalin  and Duloxetin (Delayed Release),50mg,Capsule,Central Nervous System (CNS),Neurological conditions,114.87,32.82,10's,Jan Aushadhi / PMBJP,JA1508
Bempedoic Acid,Bempedoic Acid Tablets 180mg,Bempedoic Acid,180mg,Tablet,Cardiovascular System (CVS),Cardiovascular System (CVS),393.75,112.5,10's,Jan Aushadhi / PMBJP,JA1509
Nandrolone Decanoate,Nandrolone Decanoate Injection IP 50mg/ml,Nandrolone Decanoate,50mg,Injection,Ortho,Ortho,98.45,28.13,1ml Ampoule in Mono Carton,Jan Aushadhi / PMBJP,JA1511
Acamprosate Calcium,Acamprosate Calcium Tablets 333mg,Acamprosate Calcium,333mg,Tablet,Anti-Alcoholism,Anti-Alcoholism,164.08,46.88,6's,Jan Aushadhi / PMBJP,JA1516
Adapalene 0.1% w/w and Benzoyl Peroxide 2.5% w/w,Adapalene 0.1% w/w and Benzoyl Peroxide 2.5% w/w Gel,Adapalene 0.1% w/w and Benzoyl Peroxide 2.5% w/w,0.1%,Gel,Derma Care,Derma Care,82.04,23.44,15gm Lami Tube,Jan Aushadhi / PMBJP,JA1518
Armodafinil,Armodafinil 150mg Tablets,Armodafinil,150mg,Tablet,Central Nervous System (CNS),Neurological conditions,426.58,121.88,10's,Jan Aushadhi / PMBJP,JA1521
Baclofen  Extended Release (Gastric Retentive Syst,Baclofen 20mg Extended Release (Gastric Retentive System) Tablets,Baclofen  Extended Release (Gastric Retentive System),20mg,Tablet,Analgesic/Antipyretic/Anti-Inflammatory,"Pain, fever, inflammation",105.0,30.0,10's,Jan Aushadhi / PMBJP,JA1522
Benazepril,Benazepril 5mg Tablets,Benazepril,5mg,Tablet,Cardiovascular System (CVS),Cardiovascular System (CVS),147.66,42.19,10's,Jan Aushadhi / PMBJP,JA1523
Benidipine,Benidipine 8mg Tablets,Benidipine,8mg,Tablet,Cardiovascular System (CVS),Cardiovascular System (CVS),82.04,23.44,10's,Jan Aushadhi / PMBJP,JA1524
Bosentan,Bosentan 62.5mg Tablets,Bosentan,62.5mg,Tablet,Cardiovascular System (CVS),Cardiovascular System (CVS),1230.49,351.57,10's,Jan Aushadhi / PMBJP,JA1525
Brivaracetam,Brivaracetam Tablets IP 50mg,Brivaracetam,50mg,Tablet,Central Nervous System (CNS),Neurological conditions,278.91,79.69,10's,Jan Aushadhi / PMBJP,JA1527
"Calcitriol , Calcium Carbonate , Vitamin K27 , Met","Calcitriol 0.25mcg, Calcium Carbonate 500mg, Vitamin K27 45mcg, Methylcobalamin 1500mcg, Zinc 7.5mg, Magnesium 50mg and L- Methylfolate 800mcg Capsules","Calcitriol , Calcium Carbonate , Vitamin K27 , Methylcobalamin , Zinc , Magnesium  and L- Methylfolate",0.25mcg,Capsule,Supplement/Vitamin/Mineral,Supplement,164.08,46.88,10's,Jan Aushadhi / PMBJP,JA1528
"Calcium (Calcium Carbonate) , Vitamin D3 , Mecobal","Calcium (Calcium Carbonate) 1250mg, Vitamin D3 2000 IU, Mecobalamin (Vitamin B12) 1500mcg, L-Methylfolate Calcium (Vitamin B9) 1mg, Pyridoxal-5-Phosphate (Vitamin B6) 20mg Tablets","Calcium (Calcium Carbonate) , Vitamin D3 , Mecobalamin (Vitamin B12) , L-Methylfolate Calcium (Vitamin B9) , Pyridoxal-5-Phosphate (Vitamin B6)",1250mg,Tablet,Supplement/Vitamin/Mineral,Supplement,131.25,37.5,10's,Jan Aushadhi / PMBJP,JA1529
"Calcium Citrate , Magnesium , Zinc  and Vitamin D3","Calcium Citrate 1000mg, Magnesium 100mg, Zinc 4mg and Vitamin D3 200 IU Tablets","Calcium Citrate , Magnesium , Zinc  and Vitamin D3",1000mg,Tablet,Supplement/Vitamin/Mineral,Supplement,49.25,14.07,10's,Jan Aushadhi / PMBJP,JA1530
Nadifloxacin 1% w/w and Clobetasol Propionate 0.05,Nadifloxacin 1% w/w and Clobetasol Propionate 0.05% 10 gm skin cream,Nadifloxacin 1% w/w and Clobetasol Propionate 0.05% 10 gm skin,1%,Cream,Dermatology/Topical/External,Dermatology,114.87,32.82,10gm Lami Tube,Jan Aushadhi / PMBJP,JA1531
Dapoxetine,Dapoxetine Tablets IP 30mg,Dapoxetine,30mg,Tablet,Urology,Urinary conditions,49.25,14.07,4's,Jan Aushadhi / PMBJP,JA1532
Dasatinib,Dasatinib 50mg Tablets,Dasatinib,50mg,Tablet,Oncology,Oncology,3609.38,1031.25,60's Bottle,Jan Aushadhi / PMBJP,JA1533
Deflazacort  and Tamsulosin,Deflazacort 30mg and Tamsulosin 0.4mg Tablets,Deflazacort  and Tamsulosin,30mg,Tablet,Urology,Urinary conditions,656.25,187.5,10's,Jan Aushadhi / PMBJP,JA1534
Desvenlafaxine Extended Release  and Clonazepam,Desvenlafaxine Extended Release 50mg and Clonazepam 0.5mg Tablets,Desvenlafaxine Extended Release  and Clonazepam,50mg,Tablet,Central Nervous System (CNS),Neurological conditions,108.29,30.94,10's,Jan Aushadhi / PMBJP,JA1535
Desvenlafaxine Extended Release  and Clonazepam,Desvenlafaxine Extended Release 100mg and Clonazepam 0.5mg Tablets,Desvenlafaxine Extended Release  and Clonazepam,100mg,Tablet,Central Nervous System (CNS),Neurological conditions,196.88,56.25,10's,Jan Aushadhi / PMBJP,JA1536
Desvenlafaxine Extended Release,Desvenlafaxine Extended Release Tablets 50mg,Desvenlafaxine Extended Release,50mg,Tablet,Central Nervous System (CNS),Neurological conditions,82.04,23.44,10's,Jan Aushadhi / PMBJP,JA1537
Dexlansoprazole MR,Dexlansoprazole MR Capsules 60mg,Dexlansoprazole MR,60mg,Capsule,Gastrointestinal (GIT),Gastrointestinal (GIT),328.12,93.75,10's,Jan Aushadhi / PMBJP,JA1539
"Paradichlorobenzene (2% w/v), Chlorbutol (5% w/v),","Paradichlorobenzene (2% w/v), Chlorbutol (5% w/v), Turpentine Oil (15% w/v) and Lidocaine (2% w/v) Ear drop","Paradichlorobenzene (2% w/v), Chlorbutol (5% w/v), Turpentine Oil (15% w/v) and Lidocaine (2% w/v) Ear",2%,Tablet,Opthalmic/Otic,Opthalmic,98.45,28.13,10ml Drop bottle in Mono Carton,Jan Aushadhi / PMBJP,JA1540
Donepezil  and Memantine,Donepezil 5mg and Memantine 5mg Tablets,Donepezil  and Memantine,5mg,Tablet,Central Nervous System (CNS),Neurological conditions,65.62,18.75,10's,Jan Aushadhi / PMBJP,JA1541
Donepezil  and Memantine,Donepezil 5mg and Memantine 10mg Tablets,Donepezil  and Memantine,5mg,Tablet,Central Nervous System (CNS),Neurological conditions,82.04,23.44,10's,Jan Aushadhi / PMBJP,JA1542
Flurbiprofen 0.03% w/v Eye,Flurbiprofen 0.03% w/v Eye Drop 5ml,Flurbiprofen 0.03% w/v Eye,0.03%,Tablet,Opthalmic/Otic,Opthalmic,49.25,14.07,5ml Drop bottle in Mono Carton,Jan Aushadhi / PMBJP,JA1545
Flupentixole  and Nortriptyline,Flupentixole 0.5mg and Nortriptyline 10mg Tablets,Flupentixole  and Nortriptyline,0.5mg,Tablet,Central Nervous System (CNS),Neurological conditions,49.25,14.07,10's,Jan Aushadhi / PMBJP,JA1546
Fluromethalone 0.1% w/v Eye,Fluromethalone 0.1% w/v Eye Drop 5ml,Fluromethalone 0.1% w/v Eye,0.1%,Tablet,Opthalmic/Otic,Opthalmic,98.45,28.13,5ml Drop bottle in Mono Carton,Jan Aushadhi / PMBJP,JA1547
Ketorolac (0.5% W/V) and Moxifloxacin (0.5% W/V) E,Ketorolac (0.5% W/V) and Moxifloxacin (0.5% W/V) Eye Drops,Ketorolac (0.5% W/V) and Moxifloxacin (0.5% W/V) Eye,0.5%,Drops,Opthalmic/Otic,Opthalmic,65.62,18.75,5ml Drop bottle in Mono Carton,Jan Aushadhi / PMBJP,JA1549
Lactic Acid 1.2% W/V Intimate Hygiene Wash,Lactic Acid 1.2% W/V Intimate Hygiene Wash,Lactic Acid 1.2% W/V Intimate Hygiene Wash,1.2%,Tablet,Gynaecology,Women's health,164.08,46.88,90ml in Mono Carton,Jan Aushadhi / PMBJP,JA1550
Lapatinib,Lapatinib Tablets IP 250mg,Lapatinib,250mg,Tablet,Oncology,Oncology,9485.0,2710.0,30's Bottle,Jan Aushadhi / PMBJP,JA1551
Lorazepam,Lorazepam Tablets IP 3mg,Lorazepam,3mg,Tablet,Central Nervous System (CNS),Neurological conditions,59.08,16.88,10's,Jan Aushadhi / PMBJP,JA1555
"Lutein , Astaxanthin , Zeaxanthin , Omega 3 Fatty ","Lutein 10mg, Astaxanthin 2mg, Zeaxanthin 2mg, Omega 3 Fatty Acid 500mg Capsules","Lutein , Astaxanthin , Zeaxanthin , Omega 3 Fatty Acid",10mg,Capsule,Supplement/Vitamin/Mineral,Supplement,131.25,37.5,10's,Jan Aushadhi / PMBJP,JA1556
"Omega 3 Fatty Acid , EPA , DHA , Bilberry Extract ","Omega 3 Fatty Acid 500mg, EPA 150mg, DHA 100mg, Bilberry Extract 50mg, Lutein 20% & Zeaxanthin 4%- 25mg, Beta carotene 4.8mg, Vitamin D3 10mcg Capsules","Omega 3 Fatty Acid , EPA , DHA , Bilberry Extract , Lutein 20% & Zeaxanthin 4%- , Beta carotene , Vitamin D3",500mg,Capsule,Supplement/Vitamin/Mineral,Supplement,492.2,140.63,30's Bottle,Jan Aushadhi / PMBJP,JA1557
"Methylcobalamin , Vitamin B6 (Pyridoxine)  Benfoti","Methylcobalamin 1500mcg, Vitamin B6 (Pyridoxine) 5mg Benfotiamine 50mg, Alpha Lipoic Acid 200mg, Folic Acid 5mg and Biotin 5mg Capsules","Methylcobalamin , Vitamin B6 (Pyridoxine)  Benfotiamine , Alpha Lipoic Acid , Folic Acid  and Biotin",1500mcg,Capsule,Supplement/Vitamin/Mineral,Supplement,262.5,75.0,10's,Jan Aushadhi / PMBJP,JA1558
Modafinil,Modafinil 100mg Tablets,Modafinil,100mg,Tablet,Central Nervous System (CNS),Neurological conditions,164.08,46.88,10's,Jan Aushadhi / PMBJP,JA1560
Nadifloxacin 1% w/w,Nadifloxacin 1% w/w cream,Nadifloxacin 1% w/w,1%,Cream,Dermatology/Topical/External,Dermatology,98.45,28.13,10gm Lami Tube,Jan Aushadhi / PMBJP,JA1561
Nicoumalone (Acenocoumarol),Nicoumalone (Acenocoumarol) 2mg Tablets,Nicoumalone (Acenocoumarol),2mg,Tablet,Cardiovascular System (CVS),Cardiovascular System (CVS),49.25,14.07,10's,Jan Aushadhi / PMBJP,JA1562
Nintedanib Soft gelatin,Nintedanib Soft gelatin Capsules 150mg,Nintedanib Soft gelatin,150mg,Capsule,Oncology,Oncology,1399.48,399.85,10's,Jan Aushadhi / PMBJP,JA1563
Nitazoxanide,Nitazoxanide 500mg Tablets,Nitazoxanide,500mg,Tablet,Gastrointestinal (GIT),Gastrointestinal (GIT),180.5,51.57,10's,Jan Aushadhi / PMBJP,JA1564
Obeticholic Acid,Obeticholic Acid 10mg Tablets,Obeticholic Acid,10mg,Tablet,Hepato-Protective,Hepato-Protective,328.12,93.75,10's,Jan Aushadhi / PMBJP,JA1565
Obeticholic Acid,Obeticholic Acid 5mg Tablets,Obeticholic Acid,5mg,Tablet,Hepato-Protective,Hepato-Protective,196.88,56.25,10's,Jan Aushadhi / PMBJP,JA1566
Oxybutynin Chloride,Oxybutynin Chloride 2.5mg Tablets,Oxybutynin Chloride,2.5mg,Tablet,Urology,Urinary conditions,164.08,46.88,10's,Jan Aushadhi / PMBJP,JA1568
Pomalidomide,Pomalidomide 2mg Capsules,Pomalidomide,2mg,Capsule,Oncology,Oncology,2460.95,703.13,21's in bottle,Jan Aushadhi / PMBJP,JA1570
Pramipexole,Pramipexole 0.75mg Tablets,Pramipexole,0.75mg,Tablet,Central Nervous System (CNS),Neurological conditions,52.5,15.0,10's,Jan Aushadhi / PMBJP,JA1571
Pramipexole,Pramipexole 1.5mg Tablets,Pramipexole,1.5mg,Tablet,Central Nervous System (CNS),Neurological conditions,85.33,24.38,10's,Jan Aushadhi / PMBJP,JA1572
Procyclidine,Procyclidine 5mg Tablets,Procyclidine,5mg,Tablet,Central Nervous System (CNS),Neurological conditions,114.87,32.82,10's,Jan Aushadhi / PMBJP,JA1574
S-Adenosyl L-Methionine,S-Adenosyl L-Methionine 200mg Tablets,S-Adenosyl L-Methionine,200mg,Tablet,Hepato-Protective,Hepato-Protective,393.75,112.5,10's,Jan Aushadhi / PMBJP,JA1576
S-Adenosyl L- Methionine,S-Adenosyl L- Methionine 400mg Tablets,S-Adenosyl L- Methionine,400mg,Tablet,Hepato-Protective,Hepato-Protective,820.33,234.38,10's,Jan Aushadhi / PMBJP,JA1577
Sevelamer,Sevelamer 800mg Tablets,Sevelamer,800mg,Tablet,Nephrology,Nephrology,262.5,75.0,10's,Jan Aushadhi / PMBJP,JA1578
Tapentadol  Extended Release,Tapentadol 100mg Extended Release Tablets,Tapentadol  Extended Release,100mg,Tablet,Analgesic/Antipyretic/Anti-Inflammatory,"Pain, fever, inflammation",213.29,60.94,10's,Jan Aushadhi / PMBJP,JA1579
Tapentadol,Tapentadol 50mg Tablets,Tapentadol,50mg,Tablet,Analgesic/Antipyretic/Anti-Inflammatory,"Pain, fever, inflammation",105.0,30.0,10's,Jan Aushadhi / PMBJP,JA1580
Teneligliptin  and Pioglitazone,Teneligliptin 20mg and Pioglitazone 15mg Tablets,Teneligliptin  and Pioglitazone,20mg,Tablet,Anti-Diabetic,Anti-Diabetic,72.2,20.63,10's,Jan Aushadhi / PMBJP,JA1581
Topiramate,Topiramate 100mg Tablets,Topiramate,100mg,Tablet,Central Nervous System (CNS),Neurological conditions,98.45,28.13,10's,Jan Aushadhi / PMBJP,JA1582
Topiramate,Topiramate 50mg Tablets,Topiramate,50mg,Tablet,Central Nervous System (CNS),Neurological conditions,65.62,18.75,10's,Jan Aushadhi / PMBJP,JA1583
Valacyclovir,Valacyclovir Tablets 500mg,Valacyclovir,500mg,Tablet,Anti-Viral,Anti-Viral,164.08,46.88,3's in Mono Carton,Jan Aushadhi / PMBJP,JA1585
Venlafaxine Prolonged Release,Venlafaxine Prolonged Release Capsules 37.5mg,Venlafaxine Prolonged Release,37.5mg,Capsule,Central Nervous System (CNS),Neurological conditions,65.62,18.75,10's,Jan Aushadhi / PMBJP,JA1586
Venlafaxine Prolonged Release,Venlafaxine Prolonged Release Capsules 75mg,Venlafaxine Prolonged Release,75mg,Capsule,Central Nervous System (CNS),Neurological conditions,98.45,28.13,10's,Jan Aushadhi / PMBJP,JA1587
Vildaglipitin  Extended Release,Vildaglipitin 100mg Extended Release Tablets,Vildaglipitin  Extended Release,100mg,Tablet,Anti-Diabetic,Anti-Diabetic,147.66,42.19,10's,Jan Aushadhi / PMBJP,JA1589
Zonisamide,Zonisamide 50mg Capsules,Zonisamide,50mg,Capsule,Central Nervous System (CNS),Neurological conditions,192.57,55.02,10's,Jan Aushadhi / PMBJP,JA1590
Zonisamide,Zonisamide 100mg Capsules,Zonisamide,100mg,Capsule,Central Nervous System (CNS),Neurological conditions,360.95,103.13,10's,Jan Aushadhi / PMBJP,JA1591
Sitagliptin  and Metformin  Extended Release,Sitagliptin 100mg and Metformin 1000mg Extended Release Tablets,Sitagliptin  and Metformin  Extended Release,100mg,Tablet,Anti-Diabetic,Anti-Diabetic,295.33,84.38,10's,Jan Aushadhi / PMBJP,JA1592
Sitagliptin  and Metformin  Extended Release,Sitagliptin 50mg and Metformin 500mg Extended Release Tablets,Sitagliptin  and Metformin  Extended Release,50mg,Tablet,Anti-Diabetic,Anti-Diabetic,180.5,51.57,10's,Jan Aushadhi / PMBJP,JA1593
Ketoconazole Shampoo 2 % w/v ( Pouch),Ketoconazole Shampoo 2 % w/v (30ml Pouch),Ketoconazole Shampoo 2 % w/v ( Pouch),2 %,Tablet,Derma Care,Derma Care,65.62,18.75,30ml Pouch,Jan Aushadhi / PMBJP,JA1594
Cilnidipine  and Olmesartan Medoxomil,Cilnidipine 10mg and Olmesartan Medoxomil 20mg Tablets,Cilnidipine  and Olmesartan Medoxomil,10mg,Tablet,Cardiovascular System (CVS),Cardiovascular System (CVS),82.04,23.44,10's,Jan Aushadhi / PMBJP,JA1597
Nebivolol  and Cilnidipine,Nebivolol 5mg and Cilnidipine 10mg Tablets,Nebivolol  and Cilnidipine,5mg,Tablet,Cardiovascular System (CVS),Cardiovascular System (CVS),114.87,32.82,10's,Jan Aushadhi / PMBJP,JA1599
Nebivolol  and Cilnidipine,Nebivolol 2.5mg and Cilnidipine 10mg Tablets,Nebivolol  and Cilnidipine,2.5mg,Tablet,Cardiovascular System (CVS),Cardiovascular System (CVS),82.04,23.44,10's,Jan Aushadhi / PMBJP,JA1600
Oxcarbazepine,Oxcarbazepine Tablets IP 300mg,Oxcarbazepine,300mg,Tablet,Central Nervous System (CNS),Neurological conditions,278.91,79.69,15's,Jan Aushadhi / PMBJP,JA1601
Shilajit,Shilajit Capsule 500 mg,Shilajit,500 mg,Capsule,Ayurvedic,Ayurvedic,560.0,160.0,60's in Bottle,Jan Aushadhi / PMBJP,JA1602
Triphala,Triphala Tablets 500 mg,Triphala,500 mg,Tablet,Ayurvedic,Ayurvedic,105.0,30.0,60's in Bottle,Jan Aushadhi / PMBJP,JA1603
Ashwagandha,Ashwagandha Tablets 250 mg,Ashwagandha,250 mg,Tablet,Ayurvedic,Ayurvedic,175.0,50.0,60's in Bottle,Jan Aushadhi / PMBJP,JA1604
Madhu (Makshik),Madhu (Makshik) 100g,Madhu (Makshik),100g,Tablet,Nutraceuticals,Nutraceuticals,140.0,40.0,100g Glass Bottle,Jan Aushadhi / PMBJP,JA1605
Madhu (Makshik),Madhu (Makshik) 250g,Madhu (Makshik),250g,Tablet,Nutraceuticals,Nutraceuticals,280.0,80.0,250g Glass Bottle,Jan Aushadhi / PMBJP,JA1606
Chyawanprash Special  Jar,Chyawanprash Special 500g Jar,Chyawanprash Special  Jar,500g,Tablet,Ayurvedic,Ayurvedic,437.5,125.0,500g Jar,Jan Aushadhi / PMBJP,JA1608
Chyawanprash Special 1Kg Jar,Chyawanprash Special 1Kg Jar,Chyawanprash Special 1Kg Jar,—,Tablet,Ayurvedic,Ayurvedic,791.0,226.0,1kg Jar,Jan Aushadhi / PMBJP,JA1609
Apixaban,Apixaban Tablets 2.5mg,Apixaban,2.5mg,Tablet,Anticoagulant,Anticoagulant,65.62,18.75,10's,Jan Aushadhi / PMBJP,JA1613
Apixaban,Apixaban Tablets 5mg,Apixaban,5mg,Tablet,Anticoagulant,Anticoagulant,114.87,32.82,10's,Jan Aushadhi / PMBJP,JA1614
Atorvastatin  + Ezetimibe,Atorvastatin 10mg + Ezetimibe 10mg Tablets,Atorvastatin  + Ezetimibe,10mg,Tablet,Cardiovascular System (CVS),Cardiovascular System (CVS),82.04,23.44,10's,Jan Aushadhi / PMBJP,JA1617
Atorvastatin  + Ezetimibe,Atorvastatin 20mg + Ezetimibe 10mg Tablets,Atorvastatin  + Ezetimibe,20mg,Tablet,Cardiovascular System (CVS),Cardiovascular System (CVS),98.45,28.13,10's,Jan Aushadhi / PMBJP,JA1618
Azelaic acid 10% w/w and Benzoic acid 0.2% w/w (as,Azelaic acid 10% w/w and Benzoic acid 0.2% w/w (as preservative) Cream,Azelaic acid 10% w/w and Benzoic acid 0.2% w/w (as preservative),10%,Cream,Derma Care,Derma Care,131.25,37.5,15gm Lami-Tube in Monopack,Jan Aushadhi / PMBJP,JA1619
Azelnidipine,Azelnidipine Tablets IP 16mg,Azelnidipine,16mg,Tablet,Cardiovascular System (CVS),Cardiovascular System (CVS),164.08,46.88,10's,Jan Aushadhi / PMBJP,JA1620
Azelnidipine  + Telmisartan,Azelnidipine 8mg + Telmisartan 40mg Tablets,Azelnidipine  + Telmisartan,8mg,Tablet,Cardiovascular System (CVS),Cardiovascular System (CVS),147.66,42.19,10's,Jan Aushadhi / PMBJP,JA1621
Azelnidipine,Azelnidipine Tablets IP 8mg,Azelnidipine,8mg,Tablet,Cardiovascular System (CVS),Cardiovascular System (CVS),98.45,28.13,10's,Jan Aushadhi / PMBJP,JA1622
Benedipine () + Telmisartan () + Chlorthalidone (),Benedipine (4mg) + Telmisartan (40mg) + Chlorthalidone (6.25mg) Tablets,Benedipine () + Telmisartan () + Chlorthalidone (),4mg,Tablet,Cardiovascular System (CVS),Cardiovascular System (CVS),147.66,42.19,10's,Jan Aushadhi / PMBJP,JA1624
Bethanechol Chloride,Bethanechol Chloride 25mg Tablets,Bethanechol Chloride,25mg,Tablet,Urology,Urinary conditions,305.16,87.19,10's,Jan Aushadhi / PMBJP,JA1625
Bortezomib,Bortezomib 2mg powder for Injection,Bortezomib,2mg,Injection,Oncology,Oncology,2329.7,665.63,Vial with WFI,Jan Aushadhi / PMBJP,JA1626
Caffeine () + Diphenhydramine () + Paracetamol () ,Caffeine (30mg) + Diphenhydramine (25mg) + Paracetamol (500mg) + Phenylephrine (5mg) Tablets,Caffeine () + Diphenhydramine () + Paracetamol () + Phenylephrine (),30mg,Tablet,Respiratory,Respiratory conditions,32.83,9.38,10's,Jan Aushadhi / PMBJP,JA1628
Ceftazidime 2gm and Avibactam 0.5gm for Concentrat,Ceftazidime 2gm and Avibactam 0.5gm for Concentrate for Solution for Infusion,Ceftazidime 2gm and Avibactam 0.5gm for Concentrate for,2g,Solution,Antibiotics,Bacterial infections,4101.58,1171.88,Vial with WFI,Jan Aushadhi / PMBJP,JA1631
Ciclopirox Olamine,Ciclopirox Olamine Cream 1% w/v,Ciclopirox Olamine,1%,Cream,Dermatology/Topical/External,Dermatology,328.12,93.75,50 gm Lami Tube in Mono Carton,Jan Aushadhi / PMBJP,JA1632
Clopidogrel,Clopidogrel 150mg Tablets,Clopidogrel,150mg,Tablet,Cardiovascular System (CVS),Cardiovascular System (CVS),118.12,33.75,10's,Jan Aushadhi / PMBJP,JA1634
Dapagliflozin + Vildagliptin (Sustained release),Dapagliflozin 10mg+ Vildagliptin (Sustained release)100mg Tablets,Dapagliflozin + Vildagliptin (Sustained release),10mg,Tablet,Anti-Diabetic,Anti-Diabetic,196.88,56.25,10's,Jan Aushadhi / PMBJP,JA1637
Dapagliflozin + Vildagliptin (Sustained release),Dapagliflozin 5mg+ Vildagliptin (Sustained release)100mg Tablets,Dapagliflozin + Vildagliptin (Sustained release),5mg,Tablet,Anti-Diabetic,Anti-Diabetic,164.08,46.88,10's,Jan Aushadhi / PMBJP,JA1638
Dasatinib,Dasatinib Tablets 20mg,Dasatinib,20mg,Tablet,Oncology,Oncology,4216.41,1204.69,60's Bottle in Monopack,Jan Aushadhi / PMBJP,JA1639
Dasatinib,Dasatinib Tablets 50mg,Dasatinib,50mg,Tablet,Oncology,Oncology,7760.16,2217.19,60's Bottle in Monopack,Jan Aushadhi / PMBJP,JA1640
Dasatinib,Dasatinib Tablets 70mg,Dasatinib,70mg,Tablet,Oncology,Oncology,9840.5,2811.57,60's Bottle in Monopack,Jan Aushadhi / PMBJP,JA1641
"Diclofenac Diethylamine 1.16% w/w, Sesame Oil 2.50","Diclofenac Diethylamine 1.16% w/w, Sesame Oil 2.50% w/w, Linseed Oil 0.50% w/w, Methylsalicylate 10% w/w and Menthol 5% w/w Gel","Diclofenac Diethylamine 1.16% w/w, Sesame Oil 2.50% w/w, Linseed Oil 0.50% w/w, Methylsalicylate 10% w/w and Menthol 5% w/w",1.16%,Gel,Analgesic/Antipyretic/Anti-Inflammatory,"Pain, fever, inflammation",246.12,70.32,30gm Lami-Tube in Monopack,Jan Aushadhi / PMBJP,JA1642
Dolutegravir,Dolutegravir Tablets 50mg,Dolutegravir,50mg,Tablet,Anti-Retroviral,Anti-Retroviral,656.25,187.5,30's Bottle,Jan Aushadhi / PMBJP,JA1643
Eltrombopag,Eltrombopag Tablets 25mg,Eltrombopag,25mg,Tablet,Treatment of Severe Aplastic Anemia,Treatment of Severe Aplastic Anemia,951.58,271.88,7's,Jan Aushadhi / PMBJP,JA1644
Eltrombopag,Eltrombopag Tablets 50mg,Eltrombopag,50mg,Tablet,Treatment of Severe Aplastic Anemia,Treatment of Severe Aplastic Anemia,1476.58,421.88,7's,Jan Aushadhi / PMBJP,JA1645
Ezetimibe,Ezetimibe Tablets IP 10mg,Ezetimibe,10mg,Tablet,Cardiovascular System (CVS),Cardiovascular System (CVS),65.62,18.75,10's,Jan Aushadhi / PMBJP,JA1646
Faropenem () + Clavulanic Acid (),Faropenem (200mg) + Clavulanic Acid (125mg) Tablets,Faropenem () + Clavulanic Acid (),200mg,Tablet,Antibiotics,Bacterial infections,1181.25,337.5,6's,Jan Aushadhi / PMBJP,JA1648
Fusidic Acid w/w and Hydrocortisone Acetate,Fusidic Acid 2%w/w and Hydrocortisone Acetate Cream 1% w/w,Fusidic Acid w/w and Hydrocortisone Acetate,2%,Cream,Dermatology/Topical/External,Dermatology,278.91,79.69,15gm Lami-Tube in Monopack,Jan Aushadhi / PMBJP,JA1649
Hydrocortisone Acetate,Hydrocortisone Acetate Cream IP 1% w/w,Hydrocortisone Acetate,1%,Cream,Dermatology/Topical/External,Dermatology,98.45,28.13,15 g,Jan Aushadhi / PMBJP,JA1651
Itraconazole (1% w/w),Itraconazole (1% w/w) Gel,Itraconazole (1% w/w),1%,Gel,Anti-fungal,Anti-fungal,98.45,28.13,15 g,Jan Aushadhi / PMBJP,JA1652
Ivermectin,Ivermectin Cream 1% w/w,Ivermectin,1%,Cream,Anthelmintic,Anthelmintic,98.45,28.13,15 g,Jan Aushadhi / PMBJP,JA1653
Leflunomide,Leflunomide 10mg Tablets,Leflunomide,10mg,Tablet,Ortho,Ortho,114.87,32.82,10's,Jan Aushadhi / PMBJP,JA1654
Lenalidomide,Lenalidomide Capsules 25mg,Lenalidomide,25mg,Capsule,Oncology,Oncology,4856.25,1387.5,30's in PET bottle in Mono Carton,Jan Aushadhi / PMBJP,JA1655
Lenalidomide,Lenalidomide Capsules 5mg,Lenalidomide,5mg,Capsule,Oncology,Oncology,1246.88,356.25,30's in PET bottle in Mono Carton,Jan Aushadhi / PMBJP,JA1656
Levosalbutamol  and Beclomethasone,Levosalbutamol 50mcg and Beclomethasone 50mcg Inhaler,Levosalbutamol  and Beclomethasone,50mcg,Inhaler,Respiratory,Respiratory conditions,475.79,135.94,200 MDI,Jan Aushadhi / PMBJP,JA1658
Lincomycin,Lincomycin 250mg Capsules,Lincomycin,250mg,Capsule,Antibiotics,Bacterial infections,95.17,27.19,10's,Jan Aushadhi / PMBJP,JA1659
Lincomycin,Lincomycin 500mg Capsules,Lincomycin,500mg,Capsule,Antibiotics,Bacterial infections,150.96,43.13,10's,Jan Aushadhi / PMBJP,JA1660
Luliconazole,Luliconazole Cream IP 1% w/w 30gm,Luliconazole,1%,Cream,Anti-fungal,Anti-fungal,164.08,46.88,30gm Lami-Tube in Monopack,Jan Aushadhi / PMBJP,JA1661
Mebeverine () + Chlordiazepoxide (),Mebeverine (135mg) + Chlordiazepoxide (5mg) Tablets,Mebeverine () + Chlordiazepoxide (),135mg,Tablet,Gastrointestinal (GIT),Gastrointestinal (GIT),98.45,28.13,10's,Jan Aushadhi / PMBJP,JA1664
Methotrexate,Methotrexate Tablets IP 15mg,Methotrexate,15mg,Tablet,Oncology,Oncology,114.87,32.82,10's,Jan Aushadhi / PMBJP,JA1665
Methotrexate,Methotrexate Tablets IP 20mg,Methotrexate,20mg,Tablet,Oncology,Oncology,147.66,42.19,10's,Jan Aushadhi / PMBJP,JA1666
Metoprolol Extended Release,Metoprolol Extended Release Tablets IP 100mg,Metoprolol Extended Release,100mg,Tablet,Cardiovascular System (CVS),Cardiovascular System (CVS),82.04,23.44,10's,Jan Aushadhi / PMBJP,JA1668
Metronidazole (1% w/w) + Povidone Iodine (5% w/w),Metronidazole (1% w/w) + Povidone Iodine (5% w/w) Ointment,Metronidazole (1% w/w) + Povidone Iodine (5% w/w),1%,Ointment,Dermatology/Topical/External,Dermatology,65.62,18.75,20 g,Jan Aushadhi / PMBJP,JA1669
Midodrine Hydrochloride,Midodrine Hydrochloride Tablets 10mg,Midodrine Hydrochloride,10mg,Tablet,Cardiovascular System (CVS),Cardiovascular System (CVS),525.0,150.0,10's,Jan Aushadhi / PMBJP,JA1670
Midodrine Hydrochloride,Midodrine Hydrochloride Tablets 2.5mg,Midodrine Hydrochloride,2.5mg,Tablet,Cardiovascular System (CVS),Cardiovascular System (CVS),180.5,51.57,10's,Jan Aushadhi / PMBJP,JA1671
Midodrine Hydrochloride,Midodrine Hydrochloride Tablets 5mg,Midodrine Hydrochloride,5mg,Tablet,Cardiovascular System (CVS),Cardiovascular System (CVS),328.12,93.75,10's,Jan Aushadhi / PMBJP,JA1672
Nebivolol  + Amlodipine,Nebivolol 5mg + Amlodipine 5mg Tablets,Nebivolol  + Amlodipine,5mg,Tablet,Cardiovascular System (CVS),Cardiovascular System (CVS),91.88,26.25,10's,Jan Aushadhi / PMBJP,JA1674
Nintedanib Soft Gelatin,Nintedanib Soft Gelatin Capsules 100mg,Nintedanib Soft Gelatin,100mg,Capsule,Oncology,Oncology,1748.91,499.69,10's,Jan Aushadhi / PMBJP,JA1675
Olmesartan Medoxomil,Olmesartan Medoxomil Tablets IP 10mg,Olmesartan Medoxomil,10mg,Tablet,Cardiovascular System (CVS),Cardiovascular System (CVS),32.83,9.38,10's,Jan Aushadhi / PMBJP,JA1676
Oral Rehydration Salts,"Oral Rehydration Salts IP (WHO Formula) Orange Flavour Sachet, 21g",Oral Rehydration Salts,21g,Sachet,Electrolytes,Electrolytes,35.0,10.0,1's Sachet,Jan Aushadhi / PMBJP,JA1677
Ozenoxacin,Ozenoxacin Cream 1% w/w,Ozenoxacin,1%,Cream,Dermatology/Topical/External,Dermatology,229.7,65.63,10gm Lami-Tube in Monopack,Jan Aushadhi / PMBJP,JA1678
Ozenoxacin,Ozenoxacin Lotion 2% w/w,Ozenoxacin,2%,Lotion,Dermatology/Topical/External,Dermatology,492.2,140.63,10ml in Monopack,Jan Aushadhi / PMBJP,JA1679
Pazopanib,Pazopanib Tablets 200mg,Pazopanib,200mg,Tablet,Oncology,Oncology,7218.75,2062.5,30's bottle in Monopack,Jan Aushadhi / PMBJP,JA1680
Pazopanib,Pazopanib Tablets 400mg,Pazopanib,400mg,Tablet,Oncology,Oncology,10171.88,2906.25,30's bottle in Monopack,Jan Aushadhi / PMBJP,JA1681
Propranolol,Propranolol Tablets IP 20mg,Propranolol,20mg,Tablet,Cardiovascular System (CVS),Cardiovascular System (CVS),19.7,5.63,10's,Jan Aushadhi / PMBJP,JA1685
Quetiapine,Quetiapine Tablets IP 50mg,Quetiapine,50mg,Tablet,Central Nervous System (CNS),Neurological conditions,59.08,16.88,10's,Jan Aushadhi / PMBJP,JA1686
Ramipril  and Hydrochlorothiazide12.,Ramipril 2.5mg and Hydrochlorothiazide12.5mg Tablets,Ramipril  and Hydrochlorothiazide12.,2.5mg,Tablet,Cardiovascular System (CVS),Cardiovascular System (CVS),246.12,70.32,10's,Jan Aushadhi / PMBJP,JA1687
Repaglinide  and Voglibose,Repaglinide 0.5mg and Voglibose 0.2mg Tablets IP,Repaglinide  and Voglibose,0.5mg,Tablet,Anti-Diabetic,Anti-Diabetic,65.62,18.75,10's,Jan Aushadhi / PMBJP,JA1691
Repaglinide  and Voglibose,Repaglinide 0.5mg and Voglibose 0.3mg Tablets IP,Repaglinide  and Voglibose,0.5mg,Tablet,Anti-Diabetic,Anti-Diabetic,82.04,23.44,10's,Jan Aushadhi / PMBJP,JA1692
Repaglinide  and Voglibose,Repaglinide 1mg and Voglibose 0.2mg Tablets IP,Repaglinide  and Voglibose,1mg,Tablet,Anti-Diabetic,Anti-Diabetic,98.45,28.13,10's,Jan Aushadhi / PMBJP,JA1693
Repaglinide  and Voglibose,Repaglinide 1mg and Voglibose 0.3mg Tablets IP,Repaglinide  and Voglibose,1mg,Tablet,Anti-Diabetic,Anti-Diabetic,114.87,32.82,10's,Jan Aushadhi / PMBJP,JA1694
Salmeterol  and Fluticasone  Rotacaps,Salmeterol 50mcg and Fluticasone 500mcg Rotacaps,Salmeterol  and Fluticasone  Rotacaps,50mcg,Tablet,Respiratory,Respiratory conditions,492.2,140.63,30's in Monocarton,Jan Aushadhi / PMBJP,JA1695
Sorafenib,Sorafenib Tablets 200mg,Sorafenib,200mg,Tablet,Oncology,Oncology,10500.0,3000.0,120's Bottle,Jan Aushadhi / PMBJP,JA1696
Sunitinib,Sunitinib Capsules 12.5mg,Sunitinib,12.5mg,Capsule,Oncology,Oncology,1746.5,499.0,28's Bottle,Jan Aushadhi / PMBJP,JA1697
Sunitinib,Sunitinib Capsules 25mg,Sunitinib,25mg,Capsule,Oncology,Oncology,3185.0,910.0,28's Bottle,Jan Aushadhi / PMBJP,JA1698
Telmisartan  + Cilnidipine  + Metoprolol ER 25,Telmisartan 40mg + Cilnidipine 10mg + Metoprolol ER 25 Tablets,Telmisartan  + Cilnidipine  + Metoprolol ER 25,40mg,Tablet,Cardiovascular System (CVS),Cardiovascular System (CVS),105.0,30.0,10's,Jan Aushadhi / PMBJP,JA1699
Telmisartan  + Metoprolol ER  + Chlorthalidon,Telmisartan 40mg + Metoprolol ER 25mg + Chlorthalidon 12.5mg Tablets,Telmisartan  + Metoprolol ER  + Chlorthalidon,40mg,Tablet,Cardiovascular System (CVS),Cardiovascular System (CVS),114.87,32.82,10's,Jan Aushadhi / PMBJP,JA1701
Temozolomide,Temozolomide Capsules IP 20mg,Temozolomide,20mg,Capsule,Oncology,Oncology,1099.24,314.07,5's in bottle,Jan Aushadhi / PMBJP,JA1702
Teneligliptin  and Dapagliflozin,Teneligliptin 20mg and Dapagliflozin 10mg Tablets,Teneligliptin  and Dapagliflozin,20mg,Tablet,Anti-Diabetic,Anti-Diabetic,114.87,32.82,10's,Jan Aushadhi / PMBJP,JA1703
Teneligliptin  and Dapagliflozin,Teneligliptin 20mg and Dapagliflozin 5mg Tablets,Teneligliptin  and Dapagliflozin,20mg,Tablet,Anti-Diabetic,Anti-Diabetic,98.45,28.13,10's,Jan Aushadhi / PMBJP,JA1704
Thalidomide,Thalidomide Capsules 100mg,Thalidomide,100mg,Capsule,Oncology,Oncology,525.0,150.0,10's,Jan Aushadhi / PMBJP,JA1705
Thalidomide,Thalidomide Capsules 200mg,Thalidomide,200mg,Capsule,Oncology,Oncology,820.33,234.38,10's,Jan Aushadhi / PMBJP,JA1706
Thalidomide,Thalidomide Capsules 50mg,Thalidomide,50mg,Capsule,Oncology,Oncology,295.33,84.38,10's,Jan Aushadhi / PMBJP,JA1707
Thyroxine Sodium,Thyroxine Sodium Tablets IP 150mcg,Thyroxine Sodium,150mcg,Tablet,Anti-Thyroid,Anti-Thyroid,328.12,93.75,120's in Bottle,Jan Aushadhi / PMBJP,JA1708
Ticagrelor,Ticagrelor Tablets IP 60mg,Ticagrelor,60mg,Tablet,Cardiovascular System (CVS),Cardiovascular System (CVS),311.75,89.07,10's,Jan Aushadhi / PMBJP,JA1709
Topiroxostat,Topiroxostat Tablets 20mg,Topiroxostat,20mg,Tablet,Treatment of Gout,Treatment of Gout,164.08,46.88,10's,Jan Aushadhi / PMBJP,JA1710
Topiroxostat,Topiroxostat Tablets 40mg,Topiroxostat,40mg,Tablet,Treatment of Gout,Treatment of Gout,295.33,84.38,10's,Jan Aushadhi / PMBJP,JA1711
Topiroxostat,Topiroxostat Tablets 60mg,Topiroxostat,60mg,Tablet,Treatment of Gout,Treatment of Gout,426.58,121.88,10's,Jan Aushadhi / PMBJP,JA1712
Torasemide  + Spironolactone,Torasemide 10mg + Spironolactone 25mg Tablets,Torasemide  + Spironolactone,10mg,Tablet,Urology,Urinary conditions,62.37,17.82,10's,Jan Aushadhi / PMBJP,JA1713
Vortioxetine,Vortioxetine Tablets 10mg,Vortioxetine,10mg,Tablet,Central Nervous System (CNS),Neurological conditions,213.29,60.94,10's,Jan Aushadhi / PMBJP,JA1715
Vortioxetine,Vortioxetine Tablets 20mg,Vortioxetine,20mg,Tablet,Central Nervous System (CNS),Neurological conditions,311.75,89.07,10's,Jan Aushadhi / PMBJP,JA1716
Vortioxetine,Vortioxetine Tablets 5mg,Vortioxetine,5mg,Tablet,Central Nervous System (CNS),Neurological conditions,114.87,32.82,10's,Jan Aushadhi / PMBJP,JA1717
Amlodipine,Amlodipine Tablets IP 2.5mg,Amlodipine,2.5mg,Tablet,Cardiovascular System (CVS),Cardiovascular System (CVS),13.12,3.75,15's,Jan Aushadhi / PMBJP,JA1718
Povidone- Iodine,Povidone- Iodine Solution IP 10 % w/v,Povidone- Iodine,10 %,Solution,Antiseptic/Disinfectants,Antiseptic,164.08,46.88,100 ml Bottle,Jan Aushadhi / PMBJP,JA1721
Rosuvastatin  and Aspirin,Rosuvastatin 20mg and Aspirin 75mg Capsules,Rosuvastatin  and Aspirin,20mg,Capsule,Cardiovascular System (CVS),Cardiovascular System (CVS),131.25,37.5,10's,Jan Aushadhi / PMBJP,JA1722
Telmisartan  and Chlorthalidone,Telmisartan 80mg and Chlorthalidone 12.5mg Tablets,Telmisartan  and Chlorthalidone,80mg,Tablet,Cardiovascular System (CVS),Cardiovascular System (CVS),98.45,28.13,10's,Jan Aushadhi / PMBJP,JA1723
Dapagliflozin  and Metformin Hydrochloride (Extend,Dapagliflozin 5mg and Metformin Hydrochloride (Extended Release) 500mg Tablets,Dapagliflozin  and Metformin Hydrochloride (Extended Release),5mg,Tablet,Anti-Diabetic,Anti-Diabetic,98.45,28.13,10's,Jan Aushadhi / PMBJP,JA1725
Clozapine,Clozapine tablets IP 200mg,Clozapine,200mg,Tablet,Central Nervous System (CNS),Neurological conditions,262.5,75.0,10's,Jan Aushadhi / PMBJP,JA1726
Azilsartan Medoxomil,Azilsartan Medoxomil Tablets 80mg,Azilsartan Medoxomil,80mg,Tablet,Cardiovascular System (CVS),Cardiovascular System (CVS),360.95,103.13,10's,Jan Aushadhi / PMBJP,JA1733
Benzoic acid 6% w/w and Salicylic acid 3% w/w,Benzoic acid 6% w/w and Salicylic acid 3% w/w IP Ointment,Benzoic acid 6% w/w and Salicylic acid 3% w/w,6%,Ointment,Dermatology/Topical/External,Dermatology,42.66,12.19,15g in Mono-carton,Jan Aushadhi / PMBJP,JA1734
Bilastine  and Montelukast  Orodispersible,Bilastine 10mg and Montelukast 4mg Orodispersible Tablets,Bilastine  and Montelukast  Orodispersible,10mg,Tablet,Respiratory,Respiratory conditions,124.71,35.63,10's,Jan Aushadhi / PMBJP,JA1737
"Calamine 8% w/w, Aloe Vera","Calamine 8% w/w, Aloe Vera Gel 10% w/w, Light Liquid Paraffin 10% w/w Lotion","Calamine 8% w/w, Aloe Vera",8%,Gel,Dermatology/Topical/External,Dermatology,196.88,56.25,100ml,Jan Aushadhi / PMBJP,JA1739
"Calcium aspartate (), Calcium Orotate (), Calcitri","Calcium aspartate (500mg), Calcium Orotate (500mg), Calcitriol (0.25mcg), Minerals and Vitamins Tablets","Calcium aspartate (), Calcium Orotate (), Calcitriol (), Minerals and Vitamins",500mg,Tablet,Supplement/Vitamin/Mineral,Supplement,196.88,56.25,10's,Jan Aushadhi / PMBJP,JA1740
Calcium Citrate and Vitamin D3 Chewable,Calcium Citrate and Vitamin D3 Chewable Tablets,Calcium Citrate and Vitamin D3 Chewable,—,Tablet,Supplement/Vitamin/Mineral,Supplement,114.87,32.82,30's in container,Jan Aushadhi / PMBJP,JA1741
"Cefixime , Cloxacillin  (ER) and Lactic Acid Bacil","Cefixime 200 mg, Cloxacillin 500 mg (ER) and Lactic Acid Bacillus Tablets","Cefixime , Cloxacillin  (ER) and Lactic Acid Bacillus",200 mg,Tablet,Antibiotics,Bacterial infections,338.0,96.57,10's,Jan Aushadhi / PMBJP,JA1742
"Chlorhexidine Gluconate 0.2% w/v, Sodium Fluoride ","Chlorhexidine Gluconate 0.2% w/v, Sodium Fluoride 0.05% w/v and Zinc Chloride 0.09% w/v Mouthwash (Sugar Free)","Chlorhexidine Gluconate 0.2% w/v, Sodium Fluoride 0.05% w/v and Zinc Chloride 0.09% w/v Mouthwash (Sugar Free)",0.2%,Tablet,Stomatologicals,Stomatologicals,131.25,37.5,150ml,Jan Aushadhi / PMBJP,JA1743
"Chloroxylenol 4.80% w/v, Terpineol 9% v/v, Absolut","Chloroxylenol 4.80% w/v, Terpineol 9% v/v, Absolute Alcohol 13.10% v/v Liquid","Chloroxylenol 4.80% w/v, Terpineol 9% v/v, Absolute Alcohol 13.10% v/v Liquid",4.80%,Tablet,Antiseptic/Disinfectants,Antiseptic,65.62,18.75,60ml,Jan Aushadhi / PMBJP,JA1744
Clotrimazole Vaginal,Clotrimazole Vaginal Gel 2% w/w,Clotrimazole Vaginal,2%,Gel,Anti-fungal,Anti-fungal,147.66,42.19,30g in Mono-carton with Applicator,Jan Aushadhi / PMBJP,JA1746
Dapagliflozin  and Sitagliptin,Dapagliflozin 10mg and Sitagliptin 50mg Tablets,Dapagliflozin  and Sitagliptin,10mg,Tablet,Anti-Diabetic,Anti-Diabetic,98.45,28.13,10's,Jan Aushadhi / PMBJP,JA1749
"Dapagliflozin , Sitagliptin  and Metformin Hydroch","Dapagliflozin 10mg, Sitagliptin 100mg and Metformin Hydrochloride (Extended Release) 1000mg Tablets","Dapagliflozin , Sitagliptin  and Metformin Hydrochloride (Extended Release)",10mg,Tablet,Anti-Diabetic,Anti-Diabetic,246.12,70.32,10's,Jan Aushadhi / PMBJP,JA1750
Dapagliflozin  and Sitagliptin,Dapagliflozin 5mg and Sitagliptin 100mg Tablets,Dapagliflozin  and Sitagliptin,5mg,Tablet,Anti-Diabetic,Anti-Diabetic,164.08,46.88,10's,Jan Aushadhi / PMBJP,JA1753
Deferasirox Dispersible,Deferasirox Dispersible Tablets 180mg,Deferasirox Dispersible,180mg,Tablet,Iron-Chelating Agents,Iron-Chelating Agents,164.08,46.88,10's,Jan Aushadhi / PMBJP,JA1754
Deferasirox Dispersible,Deferasirox Dispersible Tablets 250mg,Deferasirox Dispersible,250mg,Tablet,Iron-Chelating Agents,Iron-Chelating Agents,229.7,65.63,30's,Jan Aushadhi / PMBJP,JA1755
Deferasirox Dispersible,Deferasirox Dispersible Tablets 360mg,Deferasirox Dispersible,360mg,Tablet,Iron-Chelating Agents,Iron-Chelating Agents,278.91,79.69,10's,Jan Aushadhi / PMBJP,JA1756
Deferasirox Dispersible,Deferasirox Dispersible Tablets 400mg,Deferasirox Dispersible,400mg,Tablet,Iron-Chelating Agents,Iron-Chelating Agents,318.29,90.94,10's,Jan Aushadhi / PMBJP,JA1757
Deferasirox Dispersible,Deferasirox Dispersible Tablets 500mg,Deferasirox Dispersible,500mg,Tablet,Iron-Chelating Agents,Iron-Chelating Agents,393.75,112.5,30's,Jan Aushadhi / PMBJP,JA1758
Deferiprone,Deferiprone Capsules 250mg,Deferiprone,250mg,Capsule,Iron-Chelating Agents,Iron-Chelating Agents,436.41,124.69,50's,Jan Aushadhi / PMBJP,JA1759
Deferiprone,Deferiprone Capsules 500mg,Deferiprone,500mg,Capsule,Iron-Chelating Agents,Iron-Chelating Agents,820.33,234.38,50's,Jan Aushadhi / PMBJP,JA1760
Deflazacort oral,Deflazacort oral Suspension 6mg per 5ml,Deflazacort oral,6mg,Suspension,Steroids & Hormones,Steroids & Hormones,98.45,28.13,30ml in Mono-carton with measuring cap,Jan Aushadhi / PMBJP,JA1761
Denosumab (r-DNA origin) /ml in Pre-filled Syringe,Denosumab (r-DNA origin) 60mg/ml in Pre-filled Syringe,Denosumab (r-DNA origin) /ml in Pre-filled Syringe,60mg,Tablet,Ortho,Ortho,17062.5,4875.0,1ml Pre-filled Syringe in Mono-carton,Jan Aushadhi / PMBJP,JA1762
Diclofenac Sodium  and Thiocolchicoside,Diclofenac Sodium 50mg and Thiocolchicoside 4mg Tablets,Diclofenac Sodium  and Thiocolchicoside,50mg,Tablet,Analgesic/Antipyretic/Anti-Inflammatory,"Pain, fever, inflammation",154.25,44.07,10's,Jan Aushadhi / PMBJP,JA1766
Drotaverine Hydrochloride,Drotaverine Hydrochloride Injection 40mg per 2ml,Drotaverine Hydrochloride,40mg,Injection,Gastrointestinal (GIT),Gastrointestinal (GIT),32.83,9.38,2ml Ampoule,Jan Aushadhi / PMBJP,JA1768
Efonidipine Hydrochloride Ethanolate,Efonidipine Hydrochloride Ethanolate 40mg Tablets,Efonidipine Hydrochloride Ethanolate,40mg,Tablet,Cardiovascular System (CVS),Cardiovascular System (CVS),246.12,70.32,10's,Jan Aushadhi / PMBJP,JA1773
Eplerenone,Eplerenone 50mg Tablets,Eplerenone,50mg,Tablet,Cardiovascular System (CVS),Cardiovascular System (CVS),820.33,234.38,10's,Jan Aushadhi / PMBJP,JA1776
Etizolam  and Escitalopram Oxalate,Etizolam 0.5mg and Escitalopram Oxalate 10mg Tablets,Etizolam  and Escitalopram Oxalate,0.5mg,Tablet,Central Nervous System (CNS),Neurological conditions,65.62,18.75,10's,Jan Aushadhi / PMBJP,JA1777
Etoricoxib  and Pregabalin  (SR),Etoricoxib 60mg and Pregabalin 75mg (SR) Tablets,Etoricoxib  and Pregabalin  (SR),60mg,Tablet,Central Nervous System (CNS),Neurological conditions,131.25,37.5,10's,Jan Aushadhi / PMBJP,JA1780
Feracrylum 1% w/w,Feracrylum 1% w/w Gel,Feracrylum 1% w/w,1%,Gel,Dermatology/Topical/External,Dermatology,328.12,93.75,15g in Mono-carton,Jan Aushadhi / PMBJP,JA1781
"Feracrylum 3% w/w, Centbucridine 0.5% w/w","Feracrylum 3% w/w, Centbucridine 0.5% w/w Gel","Feracrylum 3% w/w, Centbucridine 0.5% w/w",3%,Gel,Hemorrhoids & Anal fissures,Hemorrhoids & Anal fissures,156.7,44.77,20g in Mono-carton,Jan Aushadhi / PMBJP,JA1782
Ferric Carboxymaltose,Ferric Carboxymaltose Injection 50mg/ml,Ferric Carboxymaltose,50mg,Injection,Supplement/Vitamin/Mineral,Supplement,1476.58,421.88,10ml Vial,Jan Aushadhi / PMBJP,JA1783
Janaushadhi Footcare,"Janaushadhi Footcare Cream (Urea 10% w/w, Lactic acid 10% w/w, Propylene Glycol 10% w/w, Light Liquid Paraffin 10% w/w)",Janaushadhi Footcare,10%,Cream,Footcare Cream,Footcare Cream,114.87,32.82,50g,Jan Aushadhi / PMBJP,JA1786
Gabapentin  and Nortriptyline,Gabapentin 200mg and Nortriptyline 10mg Tablets,Gabapentin  and Nortriptyline,200mg,Tablet,Central Nervous System (CNS),Neurological conditions,65.62,18.75,10's,Jan Aushadhi / PMBJP,JA1789
"Gabapentin 6% w/w, Lignocaine 5% w/w and Baclofen ","Gabapentin 6% w/w, Lignocaine 5% w/w and Baclofen 2% w/w gel","Gabapentin 6% w/w, Lignocaine 5% w/w and Baclofen 2% w/w",6%,Gel,Central Nervous System (CNS),Neurological conditions,213.29,60.94,30g,Jan Aushadhi / PMBJP,JA1790
Hydroxyzine Hydrochloride,Hydroxyzine Hydrochloride Drops 6mg per ml,Hydroxyzine Hydrochloride,6mg,Drops,Anti-Histaminic,Anti-Histaminic,65.62,18.75,15ml in Mono-carton with screw dropper,Jan Aushadhi / PMBJP,JA1793
Hydroxyzine Hydrochloride,Hydroxyzine Hydrochloride Syrup 10mg per 5ml,Hydroxyzine Hydrochloride,10mg,Syrup,Anti-Histaminic,Anti-Histaminic,82.04,23.44,100ml with measuring cap,Jan Aushadhi / PMBJP,JA1794
Ibuprofen Oral,Ibuprofen Oral Suspension 100mg/5ml,Ibuprofen Oral,100mg,Suspension,Analgesic/Antipyretic/Anti-Inflammatory,"Pain, fever, inflammation",39.38,11.25,100ml,Jan Aushadhi / PMBJP,JA1795
Iguratimod,Iguratimod Tablets 25mg,Iguratimod,25mg,Tablet,Ortho,Ortho,328.12,93.75,10's,Jan Aushadhi / PMBJP,JA1796
Ilaprazole (gastro-resistant)  and Domperidone (Pr,Ilaprazole (gastro-resistant) 10mg and Domperidone (Prolonged release) 30mg capsules,Ilaprazole (gastro-resistant)  and Domperidone (Prolonged release),10mg,Capsule,Gastrointestinal (GIT),Gastrointestinal (GIT),114.87,32.82,10's,Jan Aushadhi / PMBJP,JA1797
Imeglimin Hydrochloride,Imeglimin Hydrochloride Tablets 500mg,Imeglimin Hydrochloride,500mg,Tablet,Anti-Diabetic,Anti-Diabetic,193.62,55.32,10's,Jan Aushadhi / PMBJP,JA1799
Ivermectin  and Albendazole  Oral,Ivermectin 1.5mg and Albendazole 200mg Oral Suspension,Ivermectin  and Albendazole  Oral,1.5mg,Suspension,Anthelmintic,Anthelmintic,32.83,9.38,10ml in Mono-carton,Jan Aushadhi / PMBJP,JA1805
Ketoconazole 2% w/v and Zinc Pyrithione 1% w/v Sha,Ketoconazole 2% w/v and Zinc Pyrithione 1% w/v Shampoo,Ketoconazole 2% w/v and Zinc Pyrithione 1% w/v Shampoo,2%,Tablet,Derma Care,Derma Care,262.5,75.0,100ml,Jan Aushadhi / PMBJP,JA1806
Ketoconazole Dusting,Ketoconazole Dusting Powder 2% w/w,Ketoconazole Dusting,2%,Powder,Anti-Fungal,Anti-Fungal,91.88,26.25,30g,Jan Aushadhi / PMBJP,JA1807
L-Arginine  and Proanthocyanidin  Granules (Sugar ,L-Arginine 3g and Proanthocyanidin 75 mg Granules (Sugar Free),L-Arginine  and Proanthocyanidin  Granules (Sugar Free),3g,Tablet,Supplement/Vitamin/Mineral,Supplement,82.04,23.44,6.5g Sachet,Jan Aushadhi / PMBJP,JA1809
Levetiracetam Prolonged Release,Levetiracetam Prolonged Release Tablets IP 1000mg,Levetiracetam Prolonged Release,1000mg,Tablet,Central Nervous System (CNS),Neurological conditions,410.16,117.19,10's,Jan Aushadhi / PMBJP,JA1812
"Levocetirizine Dihydrochloride , Montelukast  and ","Levocetirizine Dihydrochloride 5mg, Montelukast 10mg and Ambroxol Hydrochloride (SR) 75mg Tablets","Levocetirizine Dihydrochloride , Montelukast  and Ambroxol Hydrochloride (SR)",5mg,Tablet,Respiratory,Respiratory conditions,114.87,32.82,10's,Jan Aushadhi / PMBJP,JA1813
Levocloperastine  and Chlorpheniramine Maleate  pe,Levocloperastine 20mg and Chlorpheniramine Maleate 4mg per 5ml Oral suspension.,Levocloperastine  and Chlorpheniramine Maleate  per  Oral,20mg,Suspension,Respiratory,Respiratory conditions,213.29,60.94,100ml with measuring cap in Mono-carton,Jan Aushadhi / PMBJP,JA1814
Levocloperastine Oral,Levocloperastine Oral Suspension 20mg per 5ml,Levocloperastine Oral,20mg,Suspension,Respiratory,Respiratory conditions,196.88,56.25,100ml,Jan Aushadhi / PMBJP,JA1815
Lignocaine (Lidocaine) Hydrochloride 1.5% w/w and ,Lignocaine (Lidocaine) Hydrochloride 1.5% w/w and Nifedipine 0.3% w/w Cream,Lignocaine (Lidocaine) Hydrochloride 1.5% w/w and Nifedipine 0.3% w/w,1.5%,Cream,Anaesthetics,Anaesthetics,262.5,75.0,30g,Jan Aushadhi / PMBJP,JA1819
"Lignocaine 4% w/w, Metronidazole 1% w/w and Sucral","Lignocaine 4% w/w, Metronidazole 1% w/w and Sucralfate 7% w/w Cream","Lignocaine 4% w/w, Metronidazole 1% w/w and Sucralfate 7% w/w",4%,Cream,Hemorrhoids & Anal Fissures,Hemorrhoids & Anal Fissures,114.87,32.82,20g,Jan Aushadhi / PMBJP,JA1821
Linagliptin  and Metformin,Linagliptin 2.5mg and Metformin 850mg Tablets,Linagliptin  and Metformin,2.5mg,Tablet,Anti-Diabetic,Anti-Diabetic,118.12,33.75,10's,Jan Aushadhi / PMBJP,JA1824
Linagliptin  and Dapagliflozin,Linagliptin 5mg and Dapagliflozin 10mg Tablets,Linagliptin  and Dapagliflozin,5mg,Tablet,Anti-Diabetic,Anti-Diabetic,147.66,42.19,10's,Jan Aushadhi / PMBJP,JA1825
Lobeglitazone Sulfate,Lobeglitazone Sulfate Tablets 0.5mg,Lobeglitazone Sulfate,0.5mg,Tablet,Anti-Diabetic,Anti-Diabetic,164.08,46.88,10's,Jan Aushadhi / PMBJP,JA1827
Metronidazole 2% w/w and Mupirocin 2% w/w,Metronidazole 2% w/w and Mupirocin 2% w/w Ointment,Metronidazole 2% w/w and Mupirocin 2% w/w,2%,Ointment,Dermatology/Topical/External,Dermatology,262.5,75.0,5g,Jan Aushadhi / PMBJP,JA1830
Molnupiravir,Molnupiravir Capsules 200mg,Molnupiravir,200mg,Capsule,Covid-19,Covid-19,131.25,37.5,10's,Jan Aushadhi / PMBJP,JA1832
Montelukast Sodium  and Ebastine,Montelukast Sodium 10mg and Ebastine 10mg Tablets,Montelukast Sodium  and Ebastine,10mg,Tablet,Respiratory,Respiratory conditions,82.04,23.44,10's,Jan Aushadhi / PMBJP,JA1833
Janaushadhi Mouth Ulcer,"Janaushadhi Mouth Ulcer Gel (Choline Salicylate 8.7% w/w, Lignocaine Hydrochloride 2% w/w & Benzalkonium Chloride 0.01% w/w)",Janaushadhi Mouth Ulcer,8.7%,Gel,Mouth Ulcer Gel,Mouth Ulcer Gel,49.25,14.07,10g,Jan Aushadhi / PMBJP,JA1834
Naftifine Hydrochloride,Naftifine Hydrochloride Cream 2% w/w,Naftifine Hydrochloride,2%,Cream,Dermatology/Topical/External,Dermatology,311.75,89.07,20g in Mono-carton,Jan Aushadhi / PMBJP,JA1835
"Neomycin Sulphate 3400 Units, Polymyxin B Sulfate ","Neomycin Sulphate 3400 Units, Polymyxin B Sulfate 5000 units and Bacitracin Zinc 400 Units Powder","Neomycin Sulphate 3400 Units, Polymyxin B Sulfate 5000 units and Bacitracin Zinc 400 Units",3400 Units,Powder,Antibiotics,Bacterial infections,114.87,32.82,10g,Jan Aushadhi / PMBJP,JA1836
Neostigmine Methylsulphate,Neostigmine Methylsulphate Injection IP 0.5mg/ml,Neostigmine Methylsulphate,0.5mg,Injection,Central Nervous System (CNS),Neurological conditions,45.96,13.13,5ml Ampoule,Jan Aushadhi / PMBJP,JA1837
Nitrofurantoin Sustained Release,Nitrofurantoin Sustained Release Tablets 100mg,Nitrofurantoin Sustained Release,100mg,Tablet,Urology,Urinary conditions,98.45,28.13,15's,Jan Aushadhi / PMBJP,JA1840
Norethisterone Acetate Controlled Release,Norethisterone Acetate Controlled Release Tablets 10mg,Norethisterone Acetate Controlled Release,10mg,Tablet,Gynaecology,Women's health,88.62,25.32,10's,Jan Aushadhi / PMBJP,JA1841
Ofloxacin  and Metronidazole  per  Oral,Ofloxacin 100mg and Metronidazole 200mg per 5ml Oral Suspension,Ofloxacin  and Metronidazole  per  Oral,100mg,Suspension,Antibiotics,Bacterial infections,114.87,32.82,60ml in Mono-carton with measuring cap,Jan Aushadhi / PMBJP,JA1842
Potassium Nitrate 5% w/w and Sodium Monofluoro Pho,Potassium Nitrate 5% w/w and Sodium Monofluoro Phosphate 0.7% w/w Toothpaste Gel (Fresh-Mint Flavour),Potassium Nitrate 5% w/w and Sodium Monofluoro Phosphate 0.7% w/w Toothpaste,5%,Gel,Stomatologicals,Stomatologicals,114.87,32.82,100g,Jan Aushadhi / PMBJP,JA1848
Quetiapine Prolonged release,Quetiapine Prolonged release Tablets IP 300mg,Quetiapine Prolonged release,300mg,Tablet,Central Nervous System (CNS),Neurological conditions,246.12,70.32,10's,Jan Aushadhi / PMBJP,JA1850
Selexipag,Selexipag Tablets 200mcg,Selexipag,200mcg,Tablet,Cardiovascular System (CVS),Cardiovascular System (CVS),1378.12,393.75,10's,Jan Aushadhi / PMBJP,JA1853
Sildenafil,Sildenafil Tablets IP 20mg,Sildenafil,20mg,Tablet,Cardiovascular System (CVS),Cardiovascular System (CVS),23.0,6.57,10's,Jan Aushadhi / PMBJP,JA1856
Sirolimus,Sirolimus Tablets 1mg,Sirolimus,1mg,Tablet,Immunosuppressant,Immunosuppressant,656.25,187.5,10's,Jan Aushadhi / PMBJP,JA1857
Sitagliptin  and Metformin  Extended Release,Sitagliptin 100mg and Metformin 500mg Extended Release Tablets,Sitagliptin  and Metformin  Extended Release,100mg,Tablet,Anti-Diabetic,Anti-Diabetic,229.7,65.63,10's,Jan Aushadhi / PMBJP,JA1858
Telmisartan  and Bisoprolol Fumarate,Telmisartan 40mg and Bisoprolol Fumarate 2.5mg Tablets,Telmisartan  and Bisoprolol Fumarate,40mg,Tablet,Cardiovascular System (CVS),Cardiovascular System (CVS),65.62,18.75,10's,Jan Aushadhi / PMBJP,JA1861
"Teneligliptin , Metformin Hydrochloride  (Sustaine","Teneligliptin 20mg, Metformin Hydrochloride 1000mg (Sustained Release) and Pioglitazone 15mg Tablets IP","Teneligliptin , Metformin Hydrochloride  (Sustained Release) and Pioglitazone",20mg,Tablet,Anti-Diabetic,Anti-Diabetic,246.12,70.32,10's,Jan Aushadhi / PMBJP,JA1863
Tofacitinib 2.0% w/w,Tofacitinib 2.0% w/w Ointment,Tofacitinib 2.0% w/w,2.0%,Ointment,Dermatology/Topical/External,Dermatology,1148.45,328.13,20g,Jan Aushadhi / PMBJP,JA1868
Tofacitinib Extended Release,Tofacitinib Extended Release Tablets 11mg,Tofacitinib Extended Release,11mg,Tablet,Ortho,Ortho,443.0,126.57,10's,Jan Aushadhi / PMBJP,JA1869
Tofacitinib Extended Release,Tofacitinib Extended Release Tablets 22mg,Tofacitinib Extended Release,22mg,Tablet,Ortho,Ortho,787.5,225.0,10's,Jan Aushadhi / PMBJP,JA1870
Tofacitinib,Tofacitinib Tablets 10mg,Tofacitinib,10mg,Tablet,Ortho,Ortho,328.12,93.75,10's,Jan Aushadhi / PMBJP,JA1871
Tofacitinib,Tofacitinib Tablets 5mg,Tofacitinib,5mg,Tablet,Ortho,Ortho,180.5,51.57,10's,Jan Aushadhi / PMBJP,JA1872
Tolperisone Hydrochloride  and Diclofenac Sodium,Tolperisone Hydrochloride 150mg and Diclofenac Sodium 50mg Tablets,Tolperisone Hydrochloride  and Diclofenac Sodium,150mg,Tablet,Analgesic/Antipyretic/Anti-Inflammatory,"Pain, fever, inflammation",65.62,18.75,10's,Jan Aushadhi / PMBJP,JA1873
Tramadol Hydrochloride (IR)  and Diclofenac Sodium,Tramadol Hydrochloride (IR) 50mg and Diclofenac Sodium (SR) 75mg Tablets,Tramadol Hydrochloride (IR)  and Diclofenac Sodium (SR),50mg,Tablet,Analgesic/Antipyretic/Anti-Inflammatory,"Pain, fever, inflammation",65.62,18.75,10's,Jan Aushadhi / PMBJP,JA1875
Vildagliptin  and Metformin Hydrochloride (sustain,Vildagliptin 100mg and Metformin Hydrochloride (sustained release) 1000mg Tablets,Vildagliptin  and Metformin Hydrochloride (sustained release),100mg,Tablet,Anti-Diabetic,Anti-Diabetic,147.66,42.19,10's,Jan Aushadhi / PMBJP,JA1879
Acyclovir Dispersible,Acyclovir Dispersible Tablets IP 200 mg,Acyclovir Dispersible,200 mg,Tablet,Anti-Viral,Anti-Viral,49.25,14.07,5's,Jan Aushadhi / PMBJP,JA1883
Cabozantinib,Cabozantinib Tablets 20 mg,Cabozantinib,20 mg,Tablet,Oncology,Oncology,5085.95,1453.13,30's bottle,Jan Aushadhi / PMBJP,JA1890
Cabozantinib,Cabozantinib Tablets 40 mg,Cabozantinib,40 mg,Tablet,Oncology,Oncology,8039.08,2296.88,30's bottle,Jan Aushadhi / PMBJP,JA1891
Cabozantinib,Cabozantinib Tablets 60 mg,Cabozantinib,60 mg,Tablet,Oncology,Oncology,12468.75,3562.5,30's bottle,Jan Aushadhi / PMBJP,JA1892
Cariprazine,Cariprazine Capsules 1.5 mg,Cariprazine,1.5 mg,Capsule,Central Nervous System (CNS),Neurological conditions,177.21,50.63,10's,Jan Aushadhi / PMBJP,JA1893
Cariprazine,Cariprazine Capsules 3 mg,Cariprazine,3 mg,Capsule,Central Nervous System (CNS),Neurological conditions,285.5,81.57,10's,Jan Aushadhi / PMBJP,JA1894
Clindamycin Phosphate,Clindamycin Phosphate Gel 1%w/w,Clindamycin Phosphate,1%,Gel,Antibiotics,Bacterial infections,105.0,30.0,20gm Tube,Jan Aushadhi / PMBJP,JA1900
Gliclazide  (Extended Release) and Metformin Hydro,Gliclazide 60 mg (Extended Release) and Metformin Hydrochloride 1000 mg (Extended Release) Tablets,Gliclazide  (Extended Release) and Metformin Hydrochloride  (Extended Release),60 mg,Tablet,Anti-Diabetic,Anti-Diabetic,239.54,68.44,10's,Jan Aushadhi / PMBJP,JA1902
"Dapagliflozin , Vildagliptin  (SR) and Metformin H","Dapagliflozin 10mg, Vildagliptin 100mg (SR) and Metformin Hydrochloride 1000mg (SR) Tablets","Dapagliflozin , Vildagliptin  (SR) and Metformin Hydrochloride  (SR)",10mg,Tablet,Anti-Diabetic,Anti-Diabetic,229.7,65.63,15's,Jan Aushadhi / PMBJP,JA1903
Desloratadine,Desloratadine Tablets 10 mg,Desloratadine,10 mg,Tablet,Anti-Histaminic,Anti-Histaminic,82.04,23.44,10's,Jan Aushadhi / PMBJP,JA1905
Donepezil Hydrochloride Orally Disintegrating Stri,Donepezil Hydrochloride Orally Disintegrating Strips 10 mg,Donepezil Hydrochloride Orally Disintegrating Strips,10 mg,Tablet,Central Nervous System (CNS),Neurological conditions,288.75,82.5,10's in mono-carton,Jan Aushadhi / PMBJP,JA1908
Everolimus,Everolimus Tablets 0.25 mg,Everolimus,0.25 mg,Tablet,Immunosuppressant,Immunosuppressant,875.0,250.0,10's,Jan Aushadhi / PMBJP,JA1910
Everolimus,Everolimus Tablets 0.5 mg,Everolimus,0.5 mg,Tablet,Immunosuppressant,Immunosuppressant,1575.0,450.0,10's,Jan Aushadhi / PMBJP,JA1911
Everolimus,Everolimus Tablets 5 mg,Everolimus,5 mg,Tablet,Immunosuppressant,Immunosuppressant,12600.0,3600.0,10's,Jan Aushadhi / PMBJP,JA1912
Everolimus,Everolimus Tablets 10 mg,Everolimus,10 mg,Tablet,Immunosuppressant,Immunosuppressant,24500.0,7000.0,10's,Jan Aushadhi / PMBJP,JA1913
Feracrylum mouth wash/Gargle 1% w/v (Mint Flavour),Feracrylum mouth wash/Gargle 1% w/v (Mint Flavour),Feracrylum mouth wash/Gargle 1% w/v (Mint Flavour),1%,Tablet,Antiseptic/Disinfectants,Antiseptic,344.54,98.44,50ml,Jan Aushadhi / PMBJP,JA1914
Feracrylum Sterile Antiseptic,Feracrylum Sterile Antiseptic Solution 1% w/v,Feracrylum Sterile Antiseptic,1%,Solution,Antiseptic/Disinfectants,Antiseptic,492.2,140.63,100ml,Jan Aushadhi / PMBJP,JA1915
Hydrochlorothiazide,Hydrochlorothiazide Tablets IP 25 mg,Hydrochlorothiazide,25 mg,Tablet,Diuretic,Diuretic,29.54,8.44,10's,Jan Aushadhi / PMBJP,JA1917
Hydrocortisone,Hydrocortisone Tablets 10mg,Hydrocortisone,10mg,Tablet,Steroids & Hormones,Steroids & Hormones,65.62,18.75,10's,Jan Aushadhi / PMBJP,JA1918
Hydrocortisone,Hydrocortisone Tablets 5mg,Hydrocortisone,5mg,Tablet,Steroids & Hormones,Steroids & Hormones,36.12,10.32,10's,Jan Aushadhi / PMBJP,JA1919
Inosine Pranobex,Inosine Pranobex Tablets 500 mg,Inosine Pranobex,500 mg,Tablet,Anti-Viral,Anti-Viral,951.58,271.88,10's,Jan Aushadhi / PMBJP,JA1920
Itraconazole,Itraconazole Capsules 130mg,Itraconazole,130mg,Capsule,Anti-Fungal,Anti-Fungal,246.12,70.32,10's,Jan Aushadhi / PMBJP,JA1921
Itraconazole,Itraconazole Capsules 65mg,Itraconazole,65mg,Capsule,Anti-Fungal,Anti-Fungal,147.66,42.19,10's,Jan Aushadhi / PMBJP,JA1922
Levocetirizine Orally Disintegrating Strips,Levocetirizine Orally Disintegrating Strips 5 mg,Levocetirizine Orally Disintegrating Strips,5 mg,Tablet,Anti-Histaminic,Anti-Histaminic,246.12,70.32,10's in mono-carton,Jan Aushadhi / PMBJP,JA1925
Linagliptin  and Metformin Hydrochloride,Linagliptin 5mg and Metformin Hydrochloride 1000mg Tablets,Linagliptin  and Metformin Hydrochloride,5mg,Tablet,Anti-Diabetic,Anti-Diabetic,229.7,65.63,15's,Jan Aushadhi / PMBJP,JA1926
Lurasidone Hydrochloride,Lurasidone Hydrochloride Tablets 40 mg,Lurasidone Hydrochloride,40 mg,Tablet,Central Nervous System (CNS),Neurological conditions,301.88,86.25,10's,Jan Aushadhi / PMBJP,JA1928
Lurasidone Hydrochloride,Lurasidone Hydrochloride Tablets 80 mg,Lurasidone Hydrochloride,80 mg,Tablet,Central Nervous System (CNS),Neurological conditions,469.25,134.07,10's,Jan Aushadhi / PMBJP,JA1929
Mecobalamin Orally Disintegrating Strips,Mecobalamin Orally Disintegrating Strips 1500 mcg,Mecobalamin Orally Disintegrating Strips,1500 mcg,Tablet,Supplement/Vitamin/Mineral,Supplement,229.7,65.63,10's in mono-carton,Jan Aushadhi / PMBJP,JA1931
Metformin Hydrochloride,Metformin Hydrochloride Tablets IP 250 mg,Metformin Hydrochloride,250 mg,Tablet,Anti-Diabetic,Anti-Diabetic,13.12,3.75,10's,Jan Aushadhi / PMBJP,JA1932
Metoprolol Tartrate  and Hydrochlorothiazide,Metoprolol Tartrate 50mg and Hydrochlorothiazide 12.5 mg Tablets,Metoprolol Tartrate  and Hydrochlorothiazide,50mg,Tablet,Cardiovascular System (CVS),Cardiovascular System (CVS),49.25,14.07,10's,Jan Aushadhi / PMBJP,JA1933
Omeprazole,Omeprazole 20mg Powder for Oral suspension (Sodium bicarbonate as buffer),Omeprazole,20mg,Suspension,Gastrointestinal (GIT),Gastrointestinal (GIT),259.25,74.07,10 sachet in monocarton,Jan Aushadhi / PMBJP,JA1935
Nebivolol Hydrochloride,Nebivolol Hydrochloride Tablets IP 10 mg,Nebivolol Hydrochloride,10 mg,Tablet,Cardiovascular System (CVS),Cardiovascular System (CVS),147.66,42.19,10's,Jan Aushadhi / PMBJP,JA1938
Nifedipine Extended Release,Nifedipine Extended Release Tablets IP 30 mg,Nifedipine Extended Release,30 mg,Tablet,Cardiovascular System (CVS),Cardiovascular System (CVS),49.25,14.07,10's,Jan Aushadhi / PMBJP,JA1939
Octreotide long acting release,Octreotide long acting release Injection 30mg (Lyophilised),Octreotide long acting release,30mg,Injection,Oncology,Oncology,42000.0,12000.0,Vial,Jan Aushadhi / PMBJP,JA1942
Octreotide,Octreotide injection 50 mcg,Octreotide,50 mcg,Injection,Oncology,Oncology,280.0,80.0,1ml Ampoule,Jan Aushadhi / PMBJP,JA1943
Octreotide,Octreotide injection 100mcg,Octreotide,100mcg,Injection,Oncology,Oncology,490.0,140.0,1ml Ampoule,Jan Aushadhi / PMBJP,JA1944
Olmesartan  and Amlodipine,Olmesartan 40mg and Amlodipine 5mg Tablets,Olmesartan  and Amlodipine,40mg,Tablet,Cardiovascular System (CVS),Cardiovascular System (CVS),114.87,32.82,10's,Jan Aushadhi / PMBJP,JA1947
"Olmesartan Medoxomil , Cilnidipine  and Chlorthali","Olmesartan Medoxomil 20mg, Cilnidipine 10mg and Chlorthalidone 12.5mg Tablets","Olmesartan Medoxomil , Cilnidipine  and Chlorthalidone",20mg,Tablet,Cardiovascular System (CVS),Cardiovascular System (CVS),114.87,32.82,10's,Jan Aushadhi / PMBJP,JA1948
"Olmesartan Medoxomil , Cilnidipine  and Chlorthali","Olmesartan Medoxomil 40mg, Cilnidipine 10mg and Chlorthalidone 12.5mg Tablets","Olmesartan Medoxomil , Cilnidipine  and Chlorthalidone",40mg,Tablet,Cardiovascular System (CVS),Cardiovascular System (CVS),131.25,37.5,10's,Jan Aushadhi / PMBJP,JA1950
Oseltamivir Phosphate,Oseltamivir Phosphate Capsules IP 30mg,Oseltamivir Phosphate,30mg,Capsule,Anti-Viral,Anti-Viral,295.33,84.38,10's,Jan Aushadhi / PMBJP,JA1951
Rebamipide,Rebamipide Tablets 100 mg,Rebamipide,100 mg,Tablet,Gastrointestinal (GIT),Gastrointestinal (GIT),164.08,46.88,10's,Jan Aushadhi / PMBJP,JA1954
Risperidone  Trihexyphenidyl,Risperidone 2mg Trihexyphenidyl 2 mg Tablets (mouth Dissolving ),Risperidone  Trihexyphenidyl,2mg,Tablet,Central Nervous System (CNS),Neurological conditions,32.83,9.38,10's,Jan Aushadhi / PMBJP,JA1955
Rivaroxaban,Rivaroxaban Tablet 15 mg,Rivaroxaban,15 mg,Tablet,Anticoagulant,Anticoagulant,410.16,117.19,14's,Jan Aushadhi / PMBJP,JA1957
Rivaroxaban,Rivaroxaban Tablet 2.5 mg,Rivaroxaban,2.5 mg,Tablet,Anticoagulant,Anticoagulant,147.66,42.19,14's,Jan Aushadhi / PMBJP,JA1958
Rivastigmine,Rivastigmine Capsules 1.5mg,Rivastigmine,1.5mg,Capsule,Central Nervous System (CNS),Neurological conditions,164.08,46.88,10's,Jan Aushadhi / PMBJP,JA1959
Rizatriptan Benzoate Orally Disintegrating Strips,Rizatriptan Benzoate Orally Disintegrating Strips 5 mg,Rizatriptan Benzoate Orally Disintegrating Strips,5 mg,Tablet,Central Nervous System (CNS),Neurological conditions,318.29,90.94,5's in Mono-carton,Jan Aushadhi / PMBJP,JA1966
Latanoprost Eye,Latanoprost Eye Drops IP 0.005% w/v (50mcg per ml),Latanoprost Eye,0.005%,Drops,Opthalmic/Otic,Opthalmic,656.25,187.5,3ml Drop,Jan Aushadhi / PMBJP,JA1970
"Sitagliptin , Glimepiride  and Metformin Hydrochlo","Sitagliptin 50mg, Glimepiride 1mg and Metformin Hydrochloride 1000mg Tablets","Sitagliptin , Glimepiride  and Metformin Hydrochloride",50mg,Tablet,Anti-Diabetic,Anti-Diabetic,203.46,58.13,10's,Jan Aushadhi / PMBJP,JA1972
"Sitagliptin , Glimepiride  and Metformin Hydrochlo","Sitagliptin 50mg, Glimepiride 2mg and Metformin Hydrochloride 1000mg Tablets","Sitagliptin , Glimepiride  and Metformin Hydrochloride",50mg,Tablet,Anti-Diabetic,Anti-Diabetic,213.29,60.94,10's,Jan Aushadhi / PMBJP,JA1973
Spironolactone,Spironolactone Tablets IP 50 mg,Spironolactone,50 mg,Tablet,Diuretic,Diuretic,119.77,34.22,15's,Jan Aushadhi / PMBJP,JA1974
Spironolactone,Spironolactone Tablets IP 100mg,Spironolactone,100mg,Tablet,Diuretic,Diuretic,278.91,79.69,15's,Jan Aushadhi / PMBJP,JA1975
Tadalafil Oral Disintegrating Strips,Tadalafil Oral Disintegrating Strips 10 mg,Tadalafil Oral Disintegrating Strips,10 mg,Tablet,Urology,Urinary conditions,32.83,9.38,1's,Jan Aushadhi / PMBJP,JA1976
Tadalafil Oral Disintegrating Strips,Tadalafil Oral Disintegrating Strips 20 mg,Tadalafil Oral Disintegrating Strips,20 mg,Tablet,Urology,Urinary conditions,49.25,14.07,1's,Jan Aushadhi / PMBJP,JA1977
Tadalafil,Tadalafil Tablets IP 2.5 mg,Tadalafil,2.5 mg,Tablet,Urology,Urinary conditions,32.83,9.38,10's,Jan Aushadhi / PMBJP,JA1978
Tadalafil,Tadalafil Tablets IP 5 mg,Tadalafil,5 mg,Tablet,Urology,Urinary conditions,39.38,11.25,10's,Jan Aushadhi / PMBJP,JA1979
Tadalafil,Tadalafil Tablets IP 10 mg,Tadalafil,10 mg,Tablet,Urology,Urinary conditions,32.83,9.38,4's,Jan Aushadhi / PMBJP,JA1980
"Teneligliptin , Dapagliflozin  and Metformin Hydro","Teneligliptin 20mg, Dapagliflozin 10mg and Metformin Hydrochloride (Sustained Release) 1000mg Tablets","Teneligliptin , Dapagliflozin  and Metformin Hydrochloride (Sustained Release)",20mg,Tablet,Anti-Diabetic,Anti-Diabetic,164.08,46.88,10's,Jan Aushadhi / PMBJP,JA1981
Thyroxine Sodium,Thyroxine Sodium Tablets IP 62.5mcg,Thyroxine Sodium,62.5mcg,Tablet,Anti-Thyroid,Anti-Thyroid,190.33,54.38,100's Bottle,Jan Aushadhi / PMBJP,JA1983
Torsemide  and Spironolactone,Torsemide 20 mg and Spironolactone 25 mg Tablets,Torsemide  and Spironolactone,20 mg,Tablet,Diuretic,Diuretic,137.83,39.38,15's,Jan Aushadhi / PMBJP,JA1984
Torsemide  and Spironolactone,Torsemide 5 mg and Spironolactone 50 mg Tablets,Torsemide  and Spironolactone,5 mg,Tablet,Diuretic,Diuretic,147.66,42.19,15's,Jan Aushadhi / PMBJP,JA1985
Trazodone Hydrochloride,Trazodone Hydrochloride Tablets IP 100 mg,Trazodone Hydrochloride,100 mg,Tablet,Central Nervous System (CNS),Neurological conditions,164.08,46.88,10's,Jan Aushadhi / PMBJP,JA1986
Trazodone Hydrochloride,Trazodone Hydrochloride Tablets IP 25 mg,Trazodone Hydrochloride,25 mg,Tablet,Central Nervous System (CNS),Neurological conditions,49.25,14.07,10's,Jan Aushadhi / PMBJP,JA1987
Trientine Hydrochloride,Trientine Hydrochloride Capsules 250 mg,Trientine Hydrochloride,250 mg,Capsule,Hepato-Protective,Hepato-Protective,35811.58,10231.88,100's in Bottle,Jan Aushadhi / PMBJP,JA1988
Ubidecarenone (Co-enzyme Q10),Ubidecarenone (Co-enzyme Q10) Capsules 100 mg,Ubidecarenone (Co-enzyme Q10),100 mg,Capsule,Supplement/Vitamin/Mineral,Supplement,295.33,84.38,10's,Jan Aushadhi / PMBJP,JA1989
Ubidecarenone (Co-enzyme Q10),Ubidecarenone (Co-enzyme Q10) Capsules 300 mg,Ubidecarenone (Co-enzyme Q10),300 mg,Capsule,Supplement/Vitamin/Mineral,Supplement,820.33,234.38,10's,Jan Aushadhi / PMBJP,JA1990
Vasopressin,Vasopressin injection IP 20IU,Vasopressin,20IU,Injection,Anti-Diuretic,Anti-Diuretic,280.0,80.0,1ml Ampoule,Jan Aushadhi / PMBJP,JA1993
Zolpidem,Zolpidem Tablets IP 5mg,Zolpidem,5mg,Tablet,Central Nervous System (CNS),Neurological conditions,32.83,9.38,10's,Jan Aushadhi / PMBJP,JA1996
Fluconazole,Fluconazole Tablets IP 50 mg,Fluconazole,50 mg,Tablet,Anti-Fungal,Anti-Fungal,26.25,7.5,4's,Jan Aushadhi / PMBJP,JA1997
Fluconazole,Fluconazole Tablets IP 200 mg,Fluconazole,200 mg,Tablet,Anti-Fungal,Anti-Fungal,78.75,22.5,4's,Jan Aushadhi / PMBJP,JA1998
Fluconazole,Fluconazole Tablets IP 400 mg,Fluconazole,400 mg,Tablet,Anti-Fungal,Anti-Fungal,32.83,9.38,1's,Jan Aushadhi / PMBJP,JA1999
"Janaushadhi Poshan (Malt based food, 1000gm)","Janaushadhi Poshan (Malt based food, 1000gm)","Janaushadhi Poshan (Malt based food, 1000gm)",1000g,Tablet,Nutraceuticals,Nutraceuticals,934.32,266.95,1000g HDPE Container,Jan Aushadhi / PMBJP,JA2006
Janaushadhi Ragi Malt based food (500gm),Janaushadhi Ragi Malt based food (500gm),Janaushadhi Ragi Malt based food (500gm),500g,Tablet,Nutraceuticals,Nutraceuticals,591.75,169.07,500g HDPE Container,Jan Aushadhi / PMBJP,JA2007
Absorbent Cotton Wool,Absorbent Cotton Wool IP 75 g,Absorbent Cotton Wool,75 g,Tablet,Surgical & Medical Consumables,Surgical & Medical Consumables,95.17,27.19,1's,Jan Aushadhi / PMBJP,JA2126
Absorbent Cotton Wool,Absorbent Cotton Wool IP 200 g,Absorbent Cotton Wool,200 g,Tablet,Surgical & Medical Consumables,Surgical & Medical Consumables,223.12,63.75,1's,Jan Aushadhi / PMBJP,JA2127
Absorbent Cotton Wool,Absorbent Cotton Wool IP 500 g,Absorbent Cotton Wool,500 g,Tablet,Surgical & Medical Consumables,Surgical & Medical Consumables,564.38,161.25,1's,Jan Aushadhi / PMBJP,JA2128
Crepe Bandage B.P. 15 cm x 4 M,Crepe Bandage B.P. 15 cm x 4 M,Crepe Bandage B.P. 15 cm x 4 M,—,Tablet,Surgical & Medical Consumables,Surgical & Medical Consumables,180.5,51.57,1's,Jan Aushadhi / PMBJP,JA2129
Crepe Bandage B. P.10 cm x 4 M,Crepe Bandage B. P.10 cm x 4 M,Crepe Bandage B. P.10 cm x 4 M,—,Tablet,Surgical & Medical Consumables,Surgical & Medical Consumables,118.12,33.75,1's,Jan Aushadhi / PMBJP,JA2130
Cotton Bandage 7.5 cm x 4 M,Cotton Bandage 7.5 cm x 4 M,Cotton Bandage 7.5 cm x 4 M,—,Tablet,Surgical & Medical Consumables,Surgical & Medical Consumables,49.25,14.07,1's,Jan Aushadhi / PMBJP,JA2131
Cotton Bandage 10 cm x 4 M,Cotton Bandage 10 cm x 4 M,Cotton Bandage 10 cm x 4 M,—,Tablet,Surgical & Medical Consumables,Surgical & Medical Consumables,65.62,18.75,1's,Jan Aushadhi / PMBJP,JA2132
Cotton Bandages(Non Sterile) 15 cm x 4 M,Cotton Bandages(Non Sterile) 15 cm x 4 M,Cotton Bandages(Non Sterile) 15 cm x 4 M,—,Tablet,Surgical & Medical Consumables,Surgical & Medical Consumables,98.45,28.13,1's,Jan Aushadhi / PMBJP,JA2133
Janaushadhi Suraksha (Adhesive Bandages Washproof),Janaushadhi Suraksha (Adhesive Bandages Washproof),Janaushadhi Suraksha (Adhesive Bandages Washproof),—,Tablet,Surgical & Medical Consumables,Surgical & Medical Consumables,3.29,0.94,1's,Jan Aushadhi / PMBJP,JA2134
Syringe  with needle,Syringe 2 ml with needle 24G,Syringe  with needle,2 ml,Tablet,Surgical & Medical Consumables,Surgical & Medical Consumables,8.22,2.35,1's,Jan Aushadhi / PMBJP,JA2135
Syringe  with needle,Syringe 5 ml with needle 24G,Syringe  with needle,5 ml,Tablet,Surgical & Medical Consumables,Surgical & Medical Consumables,9.87,2.82,1's,Jan Aushadhi / PMBJP,JA2136
Syringe  with needle,Syringe 10 ml with needle 21G,Syringe  with needle,10 ml,Tablet,Surgical & Medical Consumables,Surgical & Medical Consumables,14.77,4.22,1's,Jan Aushadhi / PMBJP,JA2137
Syringe  with needle,Syringe 20 ml with needle 23G,Syringe  with needle,20 ml,Tablet,Surgical & Medical Consumables,Surgical & Medical Consumables,29.54,8.44,1's,Jan Aushadhi / PMBJP,JA2138
Needle,Needle 16G,Needle,16G,Tablet,Surgical & Medical Consumables,Surgical & Medical Consumables,6.58,1.88,1's,Jan Aushadhi / PMBJP,JA2139
Needle,Needle 18G,Needle,18G,Tablet,Surgical & Medical Consumables,Surgical & Medical Consumables,4.93,1.41,1's,Jan Aushadhi / PMBJP,JA2140
Needle,Needle 23G,Needle,23G,Tablet,Surgical & Medical Consumables,Surgical & Medical Consumables,3.29,0.94,1's,Jan Aushadhi / PMBJP,JA2141
Needle  half inch,Needle 26G half inch,Needle  half inch,26G,Tablet,Surgical & Medical Consumables,Surgical & Medical Consumables,4.93,1.41,1's,Jan Aushadhi / PMBJP,JA2142
Paper Adhesive Plaster 1 inch X 9m,Paper Adhesive Plaster 1 inch X 9m,Paper Adhesive Plaster 1 inch X 9m,—,Tablet,Surgical & Medical Consumables,Surgical & Medical Consumables,82.04,23.44,1's,Jan Aushadhi / PMBJP,JA2143
Paper Adhesive Plaster 2 inch X 9m,Paper Adhesive Plaster 2 inch X 9m,Paper Adhesive Plaster 2 inch X 9m,—,Tablet,Surgical & Medical Consumables,Surgical & Medical Consumables,180.5,51.57,1's,Jan Aushadhi / PMBJP,JA2144
Paper Adhesive Plaster 3 inch X 9m,Paper Adhesive Plaster 3 inch X 9m,Paper Adhesive Plaster 3 inch X 9m,—,Tablet,Surgical & Medical Consumables,Surgical & Medical Consumables,262.5,75.0,1's,Jan Aushadhi / PMBJP,JA2145
Plaster of Paris,Plaster of Paris BP Bandages 15cm X 2.7m / Roll,Plaster of Paris,—,Tablet,Surgical & Medical Consumables,Surgical & Medical Consumables,278.91,79.69,1's,Jan Aushadhi / PMBJP,JA2146
Plaster of Paris,Plaster of Paris BP Bandages 10cm X 2.7m / Roll,Plaster of Paris,—,Tablet,Surgical & Medical Consumables,Surgical & Medical Consumables,196.88,56.25,1's,Jan Aushadhi / PMBJP,JA2147
Scalp Vein Set (Disposable) (),Scalp Vein Set (Disposable) (18G),Scalp Vein Set (Disposable) (),18G,Tablet,Surgical & Medical Consumables,Surgical & Medical Consumables,23.0,6.57,1's,Jan Aushadhi / PMBJP,JA2148
Scalp Vein Set (Disposable) (),Scalp Vein Set (Disposable) (20G),Scalp Vein Set (Disposable) (),20G,Tablet,Surgical & Medical Consumables,Surgical & Medical Consumables,23.0,6.57,1's,Jan Aushadhi / PMBJP,JA2149
Scalp Vein Set (Disposable) (),Scalp Vein Set (Disposable) (22G),Scalp Vein Set (Disposable) (),22G,Tablet,Surgical & Medical Consumables,Surgical & Medical Consumables,23.0,6.57,1's,Jan Aushadhi / PMBJP,JA2150
Scalp Vein Set (Disposable) (),Scalp Vein Set (Disposable) (24G),Scalp Vein Set (Disposable) (),24G,Tablet,Surgical & Medical Consumables,Surgical & Medical Consumables,23.0,6.57,1's,Jan Aushadhi / PMBJP,JA2151
"Surgical Blade, No. 22, Sterilized","Surgical Blade, No. 22, Sterilized","Surgical Blade, No. 22, Sterilized",—,Tablet,Surgical & Medical Consumables,Surgical & Medical Consumables,13.12,3.75,1's,Jan Aushadhi / PMBJP,JA2152
"Surgical Blade, No. 15, Sterilized","Surgical Blade, No. 15, Sterilized","Surgical Blade, No. 15, Sterilized",—,Tablet,Surgical & Medical Consumables,Surgical & Medical Consumables,13.12,3.75,1's,Jan Aushadhi / PMBJP,JA2153
"I.V Cannula (Sterile, Disposable)","I.V Cannula (Sterile, Disposable), 26 G","I.V Cannula (Sterile, Disposable)",26 G,Tablet,Surgical & Medical Consumables,Surgical & Medical Consumables,55.79,15.94,1's pack,Jan Aushadhi / PMBJP,JA2154
Sterile Disposable Spinal Needle  x 3 ½ inch,Sterile Disposable Spinal Needle 22G x 3 ½ inch,Sterile Disposable Spinal Needle  x 3 ½ inch,22G,Tablet,Surgical & Medical Consumables,Surgical & Medical Consumables,180.5,51.57,1's,Jan Aushadhi / PMBJP,JA2155
Sterile Disposable Spinal Needle  x 3 ½ inch,Sterile Disposable Spinal Needle 25G x 3 ½ inch,Sterile Disposable Spinal Needle  x 3 ½ inch,25G,Tablet,Surgical & Medical Consumables,Surgical & Medical Consumables,180.5,51.57,1's,Jan Aushadhi / PMBJP,JA2156
"Urine Collecting Bag, Disposable","Urine Collecting Bag, Disposable, 2000ml","Urine Collecting Bag, Disposable",2000ml,Tablet,Surgical & Medical Consumables,Surgical & Medical Consumables,105.0,30.0,1's pack,Jan Aushadhi / PMBJP,JA2157
"Endotracheal Tube Plain, Size 2.5, Sterile, Single","Endotracheal Tube Plain, Size 2.5, Sterile, Single use","Endotracheal Tube Plain, Size 2.5, Sterile, Single use",—,Tablet,Surgical & Medical Consumables,Surgical & Medical Consumables,114.87,32.82,1's,Jan Aushadhi / PMBJP,JA2158
"Endotracheal Tube Plain, Size 3, Sterile, Single u","Endotracheal Tube Plain, Size 3, Sterile, Single use","Endotracheal Tube Plain, Size 3, Sterile, Single use",—,Tablet,Surgical & Medical Consumables,Surgical & Medical Consumables,114.87,32.82,1's,Jan Aushadhi / PMBJP,JA2159
"Endotracheal Tube Plain, Size 3.5, Sterile, Single","Endotracheal Tube Plain, Size 3.5, Sterile, Single use","Endotracheal Tube Plain, Size 3.5, Sterile, Single use",—,Tablet,Surgical & Medical Consumables,Surgical & Medical Consumables,114.87,32.82,1's,Jan Aushadhi / PMBJP,JA2160
"Endotracheal Tube Plain, Size 4, Sterile, Single u","Endotracheal Tube Plain, Size 4, Sterile, Single use","Endotracheal Tube Plain, Size 4, Sterile, Single use",—,Tablet,Surgical & Medical Consumables,Surgical & Medical Consumables,114.87,32.82,1's,Jan Aushadhi / PMBJP,JA2161
"Endotracheal Tube Plain, Size 4.5, Sterile, Single","Endotracheal Tube Plain, Size 4.5, Sterile, Single use","Endotracheal Tube Plain, Size 4.5, Sterile, Single use",—,Tablet,Surgical & Medical Consumables,Surgical & Medical Consumables,114.87,32.82,1's,Jan Aushadhi / PMBJP,JA2162
"Endotracheal Tube Plain, Size 5, Sterile, Single u","Endotracheal Tube Plain, Size 5, Sterile, Single use","Endotracheal Tube Plain, Size 5, Sterile, Single use",—,Tablet,Surgical & Medical Consumables,Surgical & Medical Consumables,114.87,32.82,1's,Jan Aushadhi / PMBJP,JA2163
"Endotracheal Tube Plain, Size 8.5, Sterile, Single","Endotracheal Tube Plain, Size 8.5, Sterile, Single use","Endotracheal Tube Plain, Size 8.5, Sterile, Single use",—,Tablet,Surgical & Medical Consumables,Surgical & Medical Consumables,131.25,37.5,1's,Jan Aushadhi / PMBJP,JA2164
"Endotracheal Tube Cuffed, Size 4","Endotracheal Tube Cuffed, Size 4","Endotracheal Tube Cuffed, Size 4",—,Tablet,Surgical & Medical Consumables,Surgical & Medical Consumables,262.5,75.0,1's,Jan Aushadhi / PMBJP,JA2165
"Endotracheal Tube Cuffed, Size 4.5","Endotracheal Tube Cuffed, Size 4.5","Endotracheal Tube Cuffed, Size 4.5",—,Tablet,Surgical & Medical Consumables,Surgical & Medical Consumables,246.12,70.32,1's,Jan Aushadhi / PMBJP,JA2166
"Endotracheal Tube Cuffed, Size 5","Endotracheal Tube Cuffed, Size 5","Endotracheal Tube Cuffed, Size 5",—,Tablet,Surgical & Medical Consumables,Surgical & Medical Consumables,229.7,65.63,1's,Jan Aushadhi / PMBJP,JA2167
"Endotracheal Tube Cuffed, Size 6","Endotracheal Tube Cuffed, Size 6","Endotracheal Tube Cuffed, Size 6",—,Tablet,Surgical & Medical Consumables,Surgical & Medical Consumables,229.7,65.63,1's,Jan Aushadhi / PMBJP,JA2168
"Endotracheal Tube Cuffed, Size 6.5","Endotracheal Tube Cuffed, Size 6.5","Endotracheal Tube Cuffed, Size 6.5",—,Tablet,Surgical & Medical Consumables,Surgical & Medical Consumables,229.7,65.63,1's,Jan Aushadhi / PMBJP,JA2169
"Endotracheal Tube Cuffed, Size 7","Endotracheal Tube Cuffed, Size 7","Endotracheal Tube Cuffed, Size 7",—,Tablet,Surgical & Medical Consumables,Surgical & Medical Consumables,229.7,65.63,1's,Jan Aushadhi / PMBJP,JA2170
"Endotracheal Tube Cuffed, Size 7.5","Endotracheal Tube Cuffed, Size 7.5","Endotracheal Tube Cuffed, Size 7.5",—,Tablet,Surgical & Medical Consumables,Surgical & Medical Consumables,229.7,65.63,1's,Jan Aushadhi / PMBJP,JA2171
"Endotracheal Tube Cuffed, Size 8","Endotracheal Tube Cuffed, Size 8","Endotracheal Tube Cuffed, Size 8",—,Tablet,Surgical & Medical Consumables,Surgical & Medical Consumables,229.7,65.63,1's,Jan Aushadhi / PMBJP,JA2172
"Endotracheal Tube Cuffed, Size 8.5","Endotracheal Tube Cuffed, Size 8.5","Endotracheal Tube Cuffed, Size 8.5",—,Tablet,Surgical & Medical Consumables,Surgical & Medical Consumables,229.7,65.63,1's,Jan Aushadhi / PMBJP,JA2173
"Endotracheal Tube Cuffed, Size 9","Endotracheal Tube Cuffed, Size 9","Endotracheal Tube Cuffed, Size 9",—,Tablet,Surgical & Medical Consumables,Surgical & Medical Consumables,229.7,65.63,1's,Jan Aushadhi / PMBJP,JA2174
"Tracheostomy Tube (PVC), Sterilised, single use Si","Tracheostomy Tube (PVC), Sterilised, single use Size-24","Tracheostomy Tube (PVC), Sterilised, single use Size-24",—,Tablet,Surgical & Medical Consumables,Surgical & Medical Consumables,721.88,206.25,1's,Jan Aushadhi / PMBJP,JA2175
"Abdominal Drainage Kit, Sterile (, 24 Graduate)","Abdominal Drainage Kit, Sterile (2000ml, 24 Graduate)","Abdominal Drainage Kit, Sterile (, 24 Graduate)",2000ml,Tablet,Surgical & Medical Consumables,Surgical & Medical Consumables,328.12,93.75,1's,Jan Aushadhi / PMBJP,JA2176
Corrugated Drainage Sheet,Corrugated Drainage Sheet,Corrugated Drainage Sheet,—,Tablet,Surgical & Medical Consumables,Surgical & Medical Consumables,91.0,26.0,1's,Jan Aushadhi / PMBJP,JA2178
Sterilized Umbilical Cotton Tape 3mm x 75cm,Sterilized Umbilical Cotton Tape 3mm x 75cm,Sterilized Umbilical Cotton Tape 3mm x 75cm,—,Tablet,Surgical & Medical Consumables,Surgical & Medical Consumables,137.83,39.38,1's,Jan Aushadhi / PMBJP,JA2179
"Bone Wax, Sterilised","Bone Wax, Sterilised","Bone Wax, Sterilised",—,Tablet,Surgical & Medical Consumables,Surgical & Medical Consumables,157.5,45.0,1's,Jan Aushadhi / PMBJP,JA2180
Crepe Bandage B.P. 6 cm x 4 M,Crepe Bandage B.P. 6 cm x 4 M,Crepe Bandage B.P. 6 cm x 4 M,—,Tablet,Surgical & Medical Consumables,Surgical & Medical Consumables,78.75,22.5,1's,Jan Aushadhi / PMBJP,JA2181
Rapid Diagnostic Malaria Test Kit,Rapid Diagnostic Malaria Test Kit,Rapid Diagnostic Malaria Test Kit,—,Tablet,Surgical & Medical Consumables,Surgical & Medical Consumables,88.62,25.32,1's mono-carton,Jan Aushadhi / PMBJP,JA2182
Dengue Test Kit,Dengue Test Kit,Dengue Test Kit,—,Tablet,Surgical & Medical Consumables,Surgical & Medical Consumables,147.66,42.19,1's mono-carton,Jan Aushadhi / PMBJP,JA2183
Janaushadhi Ankur (HCG- Pregnancy Test Kit),Janaushadhi Ankur (HCG- Pregnancy Test Kit),Janaushadhi Ankur (HCG- Pregnancy Test Kit),—,Tablet,Surgical & Medical Consumables,Surgical & Medical Consumables,65.62,18.75,1's,Jan Aushadhi / PMBJP,JA2184
Sterile Gauze Pad size 2X2,Sterile Gauze Pad size 2X2,Sterile Gauze Pad size 2X2,—,Tablet,Surgical & Medical Consumables,Surgical & Medical Consumables,23.0,6.57,1's,Jan Aushadhi / PMBJP,JA2185
Sterile Gauze Pad size 3X3,Sterile Gauze Pad size 3X3,Sterile Gauze Pad size 3X3,—,Tablet,Surgical & Medical Consumables,Surgical & Medical Consumables,26.25,7.5,1's,Jan Aushadhi / PMBJP,JA2186
Sterile Gauze Pad size 4X4,Sterile Gauze Pad size 4X4,Sterile Gauze Pad size 4X4,—,Tablet,Surgical & Medical Consumables,Surgical & Medical Consumables,29.54,8.44,1's,Jan Aushadhi / PMBJP,JA2187
Alcohol Swab (Spirit Swab),Alcohol Swab (Spirit Swab),Alcohol Swab (Spirit Swab),—,Tablet,Surgical & Medical Consumables,Surgical & Medical Consumables,3.29,0.94,1's,Jan Aushadhi / PMBJP,JA2188
"Surgical Rubber Gloves-Disposable, Sterile, 6.5 in","Surgical Rubber Gloves-Disposable, Sterile, 6.5 inch","Surgical Rubber Gloves-Disposable, Sterile, 6.5 inch",—,Tablet,Surgical & Medical Consumables,Surgical & Medical Consumables,65.62,18.75,PAIR,Jan Aushadhi / PMBJP,JA2189
"Rubber Examination Gloves, Non-sterile (Small)","Rubber Examination Gloves, Non-sterile (Small)","Rubber Examination Gloves, Non-sterile (Small)",—,Tablet,Surgical & Medical Consumables,Surgical & Medical Consumables,11.52,3.29,1's,Jan Aushadhi / PMBJP,JA2193
"Surgical Cap, Disposable(for Surgeons/Nurses)","Surgical Cap, Disposable(for Surgeons/Nurses)","Surgical Cap, Disposable(for Surgeons/Nurses)",—,Tablet,Surgical & Medical Consumables,Surgical & Medical Consumables,7.0,2.0,1's,Jan Aushadhi / PMBJP,JA2195
Suction Catheter FG 5,Suction Catheter FG 5,Suction Catheter FG 5,—,Tablet,Surgical & Medical Consumables,Surgical & Medical Consumables,45.96,13.13,1's,Jan Aushadhi / PMBJP,JA2196
"Suction Catheter FG (6), 50 cm, Sterilized","Suction Catheter FG (6), 50 cm, Sterilized","Suction Catheter FG (6), 50 cm, Sterilized",—,Tablet,Surgical & Medical Consumables,Surgical & Medical Consumables,23.0,6.57,1's,Jan Aushadhi / PMBJP,JA2197
"Suction Catheter FG (8), 50 cm, Sterilized","Suction Catheter FG (8), 50 cm, Sterilized","Suction Catheter FG (8), 50 cm, Sterilized",—,Tablet,Surgical & Medical Consumables,Surgical & Medical Consumables,23.0,6.57,1's,Jan Aushadhi / PMBJP,JA2198
"Suction Catheter FG (10), 50 cm, Sterilized","Suction Catheter FG (10), 50 cm, Sterilized","Suction Catheter FG (10), 50 cm, Sterilized",—,Tablet,Surgical & Medical Consumables,Surgical & Medical Consumables,26.25,7.5,1's,Jan Aushadhi / PMBJP,JA2199
"Suction Catheter FG (12), 50 cm, Sterilized","Suction Catheter FG (12), 50 cm, Sterilized","Suction Catheter FG (12), 50 cm, Sterilized",—,Tablet,Surgical & Medical Consumables,Surgical & Medical Consumables,26.25,7.5,1's,Jan Aushadhi / PMBJP,JA2200
"Suction Catheter FG (14), 50 cm, Sterilized","Suction Catheter FG (14), 50 cm, Sterilized","Suction Catheter FG (14), 50 cm, Sterilized",—,Tablet,Surgical & Medical Consumables,Surgical & Medical Consumables,29.54,8.44,1's,Jan Aushadhi / PMBJP,JA2201
"Suction Catheter FG (16), 50 cm, Sterilized","Suction Catheter FG (16), 50 cm, Sterilized","Suction Catheter FG (16), 50 cm, Sterilized",—,Tablet,Surgical & Medical Consumables,Surgical & Medical Consumables,32.83,9.38,1's,Jan Aushadhi / PMBJP,JA2202
"Suction Catheter FG (18), 50 cm, Sterilized","Suction Catheter FG (18), 50 cm, Sterilized","Suction Catheter FG (18), 50 cm, Sterilized",—,Tablet,Surgical & Medical Consumables,Surgical & Medical Consumables,32.83,9.38,1's,Jan Aushadhi / PMBJP,JA2203
"Suction Catheter FG (20), 50 cm, Sterilized","Suction Catheter FG (20), 50 cm, Sterilized","Suction Catheter FG (20), 50 cm, Sterilized",—,Tablet,Surgical & Medical Consumables,Surgical & Medical Consumables,36.12,10.32,1's,Jan Aushadhi / PMBJP,JA2204
Sterile Catheter Single Use for Urinary Drainage (,"Sterile Catheter Single Use for Urinary Drainage (Foley Balloon Catheter), 2 way (8FG)","Sterile Catheter Single Use for Urinary Drainage (Foley Balloon Catheter), 2 way (8FG)",—,Tablet,Surgical & Medical Consumables,Surgical & Medical Consumables,213.29,60.94,1's,Jan Aushadhi / PMBJP,JA2205
"Infant Feeding Tube, Sterile (Size-10 Fg, length 5","Infant Feeding Tube, Sterile (Size-10 Fg, length 50 cm)","Infant Feeding Tube, Sterile (Size-10 Fg, length 50 cm)",—,Tablet,Surgical & Medical Consumables,Surgical & Medical Consumables,32.83,9.38,1's,Jan Aushadhi / PMBJP,JA2212
"Infant Feeding Tube, Sterile (Size-8 Fg, length 50","Infant Feeding Tube, Sterile (Size-8 Fg, length 50 cm)","Infant Feeding Tube, Sterile (Size-8 Fg, length 50 cm)",—,Tablet,Surgical & Medical Consumables,Surgical & Medical Consumables,32.83,9.38,1's,Jan Aushadhi / PMBJP,JA2213
"Infant Feeding Tube, Sterile (Size-5 Fg, length 50","Infant Feeding Tube, Sterile (Size-5 Fg, length 50 cm)","Infant Feeding Tube, Sterile (Size-5 Fg, length 50 cm)",—,Tablet,Surgical & Medical Consumables,Surgical & Medical Consumables,32.83,9.38,1's,Jan Aushadhi / PMBJP,JA2214
Sterile Disposable Perfusion set with airway and n,Sterile Disposable Perfusion set with airway and needle adult use 150cm long smooth kink resist,Sterile Disposable Perfusion set with airway and needle adult use 150cm long smooth kink resist,—,Tablet,Surgical & Medical Consumables,Surgical & Medical Consumables,42.66,12.19,1's,Jan Aushadhi / PMBJP,JA2215
Sterile Disposable,Sterile Disposable Infusion set with Microdrip (I.V.) (Pediatric use),Sterile Disposable,—,Infusion,Surgical & Medical Consumables,Surgical & Medical Consumables,180.5,51.57,1's,Jan Aushadhi / PMBJP,JA2216
Insulin Syringe (40 units) with  needle,Insulin Syringe (40 units) with 30G needle,Insulin Syringe (40 units) with  needle,40 units,Tablet,Surgical & Medical Consumables,Surgical & Medical Consumables,16.42,4.69,1's,Jan Aushadhi / PMBJP,JA2218
"I.V Cannula (Sterile, Disposable)","I.V Cannula (Sterile, Disposable), 18 G","I.V Cannula (Sterile, Disposable)",18 G,Tablet,Surgical & Medical Consumables,Surgical & Medical Consumables,49.25,14.07,1's,Jan Aushadhi / PMBJP,JA2219
"I.V Cannula (Sterile, Disposable)","I.V Cannula (Sterile, Disposable), 20 G","I.V Cannula (Sterile, Disposable)",20 G,Tablet,Surgical & Medical Consumables,Surgical & Medical Consumables,49.25,14.07,1's,Jan Aushadhi / PMBJP,JA2220
"I.V Cannula (Sterile, Disposable)","I.V Cannula (Sterile, Disposable), 22 G","I.V Cannula (Sterile, Disposable)",22 G,Tablet,Surgical & Medical Consumables,Surgical & Medical Consumables,49.25,14.07,1's,Jan Aushadhi / PMBJP,JA2221
"I.V Cannula (Sterile, Disposable)","I.V Cannula (Sterile, Disposable), 24 G","I.V Cannula (Sterile, Disposable)",24 G,Tablet,Surgical & Medical Consumables,Surgical & Medical Consumables,49.25,14.07,1's,Jan Aushadhi / PMBJP,JA2222
"Nasal Oxygen Cannula set, Twin bore (Adult)","Nasal Oxygen Cannula set, Twin bore (Adult)","Nasal Oxygen Cannula set, Twin bore (Adult)",—,Tablet,Surgical & Medical Consumables,Surgical & Medical Consumables,98.45,28.13,1's,Jan Aushadhi / PMBJP,JA2223
"Absorbent Gelatin Sponge, Sterilized (80mm x 50mm ","Absorbent Gelatin Sponge, Sterilized (80mm x 50mm x 10mm)","Absorbent Gelatin Sponge, Sterilized (80mm x 50mm x 10mm)",—,Gel,Surgical & Medical Consumables,Surgical & Medical Consumables,328.12,93.75,1's,Jan Aushadhi / PMBJP,JA2224
Blood Transfusion Set with Filter 170 Micron,Blood Transfusion Set with Filter 170 Micron,Blood Transfusion Set with Filter 170 Micron,—,Tablet,Surgical & Medical Consumables,Surgical & Medical Consumables,59.08,16.88,1's,Jan Aushadhi / PMBJP,JA2225
Ryles Tube/Nasogastric Tube (Size 10),Ryles Tube/Nasogastric Tube (Size 10),Ryles Tube/Nasogastric Tube (Size 10),—,Tablet,Surgical & Medical Consumables,Surgical & Medical Consumables,36.12,10.32,1's,Jan Aushadhi / PMBJP,JA2226
Ryles Tube/Nasogastric Tube (Size 12),Ryles Tube/Nasogastric Tube (Size 12),Ryles Tube/Nasogastric Tube (Size 12),—,Tablet,Surgical & Medical Consumables,Surgical & Medical Consumables,36.12,10.32,1's,Jan Aushadhi / PMBJP,JA2227
Ryles Tube/Nasogastric Tube (Size 14),Ryles Tube/Nasogastric Tube (Size 14),Ryles Tube/Nasogastric Tube (Size 14),—,Tablet,Surgical & Medical Consumables,Surgical & Medical Consumables,36.12,10.32,1's,Jan Aushadhi / PMBJP,JA2228
Ryles Tube/Nasogastric Tube (Size 16),Ryles Tube/Nasogastric Tube (Size 16),Ryles Tube/Nasogastric Tube (Size 16),—,Tablet,Surgical & Medical Consumables,Surgical & Medical Consumables,36.12,10.32,1's,Jan Aushadhi / PMBJP,JA2229
Ryles Tube/Nasogastric Tube (Size 18),Ryles Tube/Nasogastric Tube (Size 18),Ryles Tube/Nasogastric Tube (Size 18),—,Tablet,Surgical & Medical Consumables,Surgical & Medical Consumables,36.12,10.32,1's,Jan Aushadhi / PMBJP,JA2230
Knee Cap (Small),Knee Cap (Small),Knee Cap (Small),—,Tablet,Surgical & Medical Consumables,Surgical & Medical Consumables,420.0,120.0,Pair,Jan Aushadhi / PMBJP,JA2231
Knee Cap (Medium),Knee Cap (Medium),Knee Cap (Medium),—,Tablet,Surgical & Medical Consumables,Surgical & Medical Consumables,420.0,120.0,Pair,Jan Aushadhi / PMBJP,JA2232
Knee Cap (Large),Knee Cap (Large),Knee Cap (Large),—,Tablet,Surgical & Medical Consumables,Surgical & Medical Consumables,420.0,120.0,Pair,Jan Aushadhi / PMBJP,JA2233
Hot Water Bag (Small),Hot Water Bag (Small),Hot Water Bag (Small),—,Tablet,Surgical & Medical Consumables,Surgical & Medical Consumables,560.0,160.0,1's,Jan Aushadhi / PMBJP,JA2234
"Chromic Suture (3/8 Cir Rb Needle 40mm, Length 76 ","Chromic Suture (3/8 Cir Rb Needle 40mm, Length 76 cm)","Chromic Suture (3/8 Cir Rb Needle 40mm, Length 76 cm)",—,Tablet,Surgical & Medical Consumables,Surgical & Medical Consumables,147.66,42.19,1's,Jan Aushadhi / PMBJP,JA2235
"Chromic Suture (1/2 Cir Rb Needle 20mm, Length 76 ","Chromic Suture (1/2 Cir Rb Needle 20mm, Length 76 cm)","Chromic Suture (1/2 Cir Rb Needle 20mm, Length 76 cm)",—,Tablet,Surgical & Medical Consumables,Surgical & Medical Consumables,262.5,75.0,1's,Jan Aushadhi / PMBJP,JA2236
"Chromic Suture (1/2 Cir Rb Needle 30mm, Length 76 ","Chromic Suture (1/2 Cir Rb Needle 30mm, Length 76 cm)","Chromic Suture (1/2 Cir Rb Needle 30mm, Length 76 cm)",—,Tablet,Surgical & Medical Consumables,Surgical & Medical Consumables,147.66,42.19,1's,Jan Aushadhi / PMBJP,JA2237
"Chromic Suture (1/2 Cir Rb Needle 40mm, Length 76 ","Chromic Suture (1/2 Cir Rb Needle 40mm, Length 76 cm)","Chromic Suture (1/2 Cir Rb Needle 40mm, Length 76 cm)",—,Tablet,Surgical & Medical Consumables,Surgical & Medical Consumables,147.66,42.19,1's,Jan Aushadhi / PMBJP,JA2238
"Chromic Suture (3/8 Cir Rb Needle 30mm, Length 76 ","Chromic Suture (3/8 Cir Rb Needle 30mm, Length 76 cm)","Chromic Suture (3/8 Cir Rb Needle 30mm, Length 76 cm)",—,Tablet,Surgical & Medical Consumables,Surgical & Medical Consumables,147.66,42.19,1's,Jan Aushadhi / PMBJP,JA2239
"Chromic Suture (1/2 Cir Rb Needle 45mm, Length 100","Chromic Suture (1/2 Cir Rb Needle 45mm, Length 100 cm)","Chromic Suture (1/2 Cir Rb Needle 45mm, Length 100 cm)",—,Tablet,Surgical & Medical Consumables,Surgical & Medical Consumables,164.08,46.88,1's,Jan Aushadhi / PMBJP,JA2240
"Surgical Suture (Absorbable, Synthetic) 1/2 Cir Rb","Surgical Suture (Absorbable, Synthetic) 1/2 Cir Rb, Niddle 20mm, Length 70cm","Surgical Suture (Absorbable, Synthetic) 1/2 Cir Rb, Niddle 20mm, Length 70cm",—,Tablet,Surgical & Medical Consumables,Surgical & Medical Consumables,164.08,46.88,1's,Jan Aushadhi / PMBJP,JA2241
"Silk Suture (1/2 Cir Rb needle 20mm, Length 76 cm)","Silk Suture (1/2 Cir Rb needle 20mm, Length 76 cm), USP-3/0","Silk Suture (1/2 Cir Rb needle 20mm, Length 76 cm)",—,Tablet,Surgical & Medical Consumables,Surgical & Medical Consumables,98.45,28.13,1's,Jan Aushadhi / PMBJP,JA2248
Silk Suture (3/8 Circle Reverse cutting needle 26m,"Silk Suture (3/8 Circle Reverse cutting needle 26mm, Length 76 cm), Silk Suture (3/8 Circle Reverse cutting needle 26mm, Length 76 cm), USP3/0","Silk Suture (3/8 Circle Reverse cutting needle 26mm, Length 76 cm), Silk Suture (3/8 Circle Reverse cutting needle 26mm, Length 76 cm), USP3/0",—,Tablet,Surgical & Medical Consumables,Surgical & Medical Consumables,98.45,28.13,1's,Jan Aushadhi / PMBJP,JA2249
"Silk Suture (3/8 Cir Rb needle 20mm, Length 76 cm)","Silk Suture (3/8 Cir Rb needle 20mm, Length 76 cm) USP 2/0,","Silk Suture (3/8 Cir Rb needle 20mm, Length 76 cm)",—,Tablet,Surgical & Medical Consumables,Surgical & Medical Consumables,180.5,51.57,1's,Jan Aushadhi / PMBJP,JA2251
"Silk Suture (3/8 Cir Rb needle 16mm, Length 76 cm)","Silk Suture (3/8 Cir Rb needle 16mm, Length 76 cm), USP 4/0","Silk Suture (3/8 Cir Rb needle 16mm, Length 76 cm)",—,Tablet,Surgical & Medical Consumables,Surgical & Medical Consumables,114.87,32.82,1's,Jan Aushadhi / PMBJP,JA2252
"Polyamide (3/8 Cir Micropoint Spatulated,6mm,lengt","Polyamide (3/8 Cir Micropoint Spatulated,6mm,length 38 Cm) size 8/0","Polyamide (3/8 Cir Micropoint Spatulated,6mm,length 38 Cm) size 8/0",—,Tablet,Surgical & Medical Consumables,Surgical & Medical Consumables,1148.45,328.13,1's,Jan Aushadhi / PMBJP,JA2253
Polyamide (3/8 Conventional Cutting Needle 16mm Le,"Polyamide (3/8 Conventional Cutting Needle 16mm Length 70 cm), USP 3/0",Polyamide (3/8 Conventional Cutting Needle 16mm Length 70 cm),—,Tablet,Surgical & Medical Consumables,Surgical & Medical Consumables,98.45,28.13,1's,Jan Aushadhi / PMBJP,JA2254
"Polyamide (3/8 Cir Slim Blade Cutting Needle 15mm,","Polyamide (3/8 Cir Slim Blade Cutting Needle 15mm, Length 70 Cm)size 5/0","Polyamide (3/8 Cir Slim Blade Cutting Needle 15mm, Length 70 Cm)size 5/0",—,Tablet,Surgical & Medical Consumables,Surgical & Medical Consumables,229.7,65.63,1's,Jan Aushadhi / PMBJP,JA2256
"Polyamide (3/8 R Cutting Needle 45mm, Length 70 Cm","Polyamide (3/8 R Cutting Needle 45mm, Length 70 Cm.)size 2./0","Polyamide (3/8 R Cutting Needle 45mm, Length 70 Cm.)size 2./0",—,Tablet,Surgical & Medical Consumables,Surgical & Medical Consumables,91.88,26.25,1's,Jan Aushadhi / PMBJP,JA2257
"Polyamide (3/8 Cutting Edge Needle, Double Arms Ne","Polyamide (3/8 Cutting Edge Needle, Double Arms Needle 6 mm, Suture Length 35-42 Cm Size 10/0","Polyamide (3/8 Cutting Edge Needle, Double Arms Needle 6 mm, Suture Length 35-42 Cm Size 10/0",—,Tablet,Surgical & Medical Consumables,Surgical & Medical Consumables,1410.95,403.13,1's,Jan Aushadhi / PMBJP,JA2258
"Polypropylene Suture (1/2 Cir Rb, 13mm Needle, Sut","Polypropylene Suture (1/2 Cir Rb, 13mm Needle, Suture Length 75cm, double arm), USP 5/0","Polypropylene Suture (1/2 Cir Rb, 13mm Needle, Suture Length 75cm, double arm)",—,Tablet,Surgical & Medical Consumables,Surgical & Medical Consumables,656.25,187.5,1's,Jan Aushadhi / PMBJP,JA2259
"Polypropylene Suture (3/8 Cir Rb, 8mm Needle, Sutu","Polypropylene Suture (3/8 Cir Rb, 8mm Needle, Suture Length 60cm), USP 7/0","Polypropylene Suture (3/8 Cir Rb, 8mm Needle, Suture Length 60cm)",—,Tablet,Surgical & Medical Consumables,Surgical & Medical Consumables,393.75,112.5,1's,Jan Aushadhi / PMBJP,JA2260
"Polypropylene Suture (3/8 Cir Rb, 16mm Needle, Sut","Polypropylene Suture (3/8 Cir Rb, 16mm Needle, Suture Length 70cm), USP 5/0","Polypropylene Suture (3/8 Cir Rb, 16mm Needle, Suture Length 70cm)",—,Tablet,Surgical & Medical Consumables,Surgical & Medical Consumables,147.66,42.19,1's,Jan Aushadhi / PMBJP,JA2261
"Polypropylene Suture (1/2 Cir Rb, 30mm Needle, Sut","Polypropylene Suture (1/2 Cir Rb, 30mm Needle, Suture Length 90cm), USP 2/0","Polypropylene Suture (1/2 Cir Rb, 30mm Needle, Suture Length 90cm)",—,Tablet,Surgical & Medical Consumables,Surgical & Medical Consumables,164.08,46.88,1's,Jan Aushadhi / PMBJP,JA2262
"Polypropylene Suture (1/2 Cir Rb, 45mm Needle, Sut","Polypropylene Suture (1/2 Cir Rb, 45mm Needle, Suture Length 90cm), Polypropylene Suture (1/2 Cir Rb, 45mm Needle, Suture Length 90cm), USP 1","Polypropylene Suture (1/2 Cir Rb, 45mm Needle, Suture Length 90cm), Polypropylene Suture (1/2 Cir Rb, 45mm Needle, Suture Length 90cm)",—,Tablet,Surgical & Medical Consumables,Surgical & Medical Consumables,196.88,56.25,1's,Jan Aushadhi / PMBJP,JA2263
"Polypropylene Suture (1/2 Cir Rb, 17mm Needle, Sut","Polypropylene Suture (1/2 Cir Rb, 17mm Needle, Suture Length 90cm), USP 4/0","Polypropylene Suture (1/2 Cir Rb, 17mm Needle, Suture Length 90cm)",—,Tablet,Surgical & Medical Consumables,Surgical & Medical Consumables,164.08,46.88,1's,Jan Aushadhi / PMBJP,JA2264
"Polypropylene Suture (1/2 Tapercut, 17mm Double Ne","Polypropylene Suture (1/2 Tapercut, 17mm Double Needle, Suture Length 70cm), USP3/0","Polypropylene Suture (1/2 Tapercut, 17mm Double Needle, Suture Length 70cm), USP3/0",—,Tablet,Surgical & Medical Consumables,Surgical & Medical Consumables,278.91,79.69,1's,Jan Aushadhi / PMBJP,JA2265
"Polypropylene Suture (1/2 Cir Rb, 25mm Needle, Sut","Polypropylene Suture (1/2 Cir Rb, 25mm Needle, Suture Length 90cm), USP 3/0","Polypropylene Suture (1/2 Cir Rb, 25mm Needle, Suture Length 90cm)",—,Tablet,Surgical & Medical Consumables,Surgical & Medical Consumables,164.08,46.88,1's,Jan Aushadhi / PMBJP,JA2266
"Polypropylene Suture (1/2 Tapercut, 25mm Double Ne","Polypropylene Suture (1/2 Tapercut, 25mm Double Needle, Suture Length 90cm) double arm, USP 1/0","Polypropylene Suture (1/2 Tapercut, 25mm Double Needle, Suture Length 90cm) double arm",—,Tablet,Surgical & Medical Consumables,Surgical & Medical Consumables,705.5,201.57,1's,Jan Aushadhi / PMBJP,JA2269
"Polypropylene Suture (3/8 Cir Rb, 13mm Needle, Sut","Polypropylene Suture (3/8 Cir Rb, 13mm Needle, Suture Length 90cm) double arm, USP 6/0","Polypropylene Suture (3/8 Cir Rb, 13mm Needle, Suture Length 90cm) double arm",—,Tablet,Surgical & Medical Consumables,Surgical & Medical Consumables,803.91,229.69,1's,Jan Aushadhi / PMBJP,JA2270
"Polypropylene Suture (1/2 Cir Rb, 40mm Needle, Sut","Polypropylene Suture (1/2 Cir Rb, 40mm Needle, Suture Length 90cm), USP 1","Polypropylene Suture (1/2 Cir Rb, 40mm Needle, Suture Length 90cm)",—,Tablet,Surgical & Medical Consumables,Surgical & Medical Consumables,180.5,51.57,1's,Jan Aushadhi / PMBJP,JA2271
"Polypropylene Suture (1/2 Cir Rb, Reverse Cutting,","Polypropylene Suture (1/2 Cir Rb, Reverse Cutting, 45mm Needle, Suture Length 100cm), USP 1","Polypropylene Suture (1/2 Cir Rb, Reverse Cutting, 45mm Needle, Suture Length 100cm)",—,Tablet,Surgical & Medical Consumables,Surgical & Medical Consumables,180.5,51.57,1's,Jan Aushadhi / PMBJP,JA2272
Polypropylene Suture (3/8 Cir Rb 8mm Double Needle,"Polypropylene Suture (3/8 Cir Rb 8mm Double Needle, Suture Length 70cm), USP 8/0","Polypropylene Suture (3/8 Cir Rb 8mm Double Needle, Suture Length 70cm)",—,Tablet,Surgical & Medical Consumables,Surgical & Medical Consumables,393.75,112.5,1's,Jan Aushadhi / PMBJP,JA2273
"Polypropylene Suture (1/2 Cir Rb 13mm Needle, Sutu","Polypropylene Suture (1/2 Cir Rb 13mm Needle, Suture Length 70cm, double arm), USP 6/0","Polypropylene Suture (1/2 Cir Rb 13mm Needle, Suture Length 70cm, double arm)",—,Tablet,Surgical & Medical Consumables,Surgical & Medical Consumables,836.75,239.07,1's,Jan Aushadhi / PMBJP,JA2274
"Polypropylene Suture (1/2 Circle, Tapercut, 17mm N","Polypropylene Suture (1/2 Circle, Tapercut, 17mm Needle, Suture Length 90cm, double arm), USP 3/0","Polypropylene Suture (1/2 Circle, Tapercut, 17mm Needle, Suture Length 90cm, double arm)",—,Tablet,Surgical & Medical Consumables,Surgical & Medical Consumables,229.7,65.63,1's,Jan Aushadhi / PMBJP,JA2275
Polybutylate / Silicon Coated Polyster Braided Gre,"Polybutylate / Silicon Coated Polyster Braided Green / Blue (1/2 Cir Tapercut, 17 Mm Double Needle, Suture Length 75 Cm)size 4/0","Polybutylate / Silicon Coated Polyster Braided Green / Blue (1/2 Cir Tapercut, 17 Mm Double Needle, Suture Length 75 Cm)size 4/0",—,Tablet,Surgical & Medical Consumables,Surgical & Medical Consumables,278.91,79.69,1's,Jan Aushadhi / PMBJP,JA2277
Polybutylate Coated Polyster Braided White (1/2 Ci,"Polybutylate Coated Polyster Braided White (1/2 Cir Tapercut, 17 Mm Double Needle, Suture Length 90 Cm)size 2/0","Polybutylate Coated Polyster Braided White (1/2 Cir Tapercut, 17 Mm Double Needle, Suture Length 90 Cm)size 2/0",—,Tablet,Surgical & Medical Consumables,Surgical & Medical Consumables,278.91,79.69,1's,Jan Aushadhi / PMBJP,JA2278
Polybutylate Coated with Polyster Braided (green/ ,"Polybutylate Coated with Polyster Braided (green/ Blue) 1/2 Circle Tapercut, 17mm Double Armed Needle, Suture Length of 90cm with Pledgets Size 6 x 3 x 1.5mm","Polybutylate Coated with Polyster Braided (green/ Blue) 1/2 Circle Tapercut, 17mm Double Armed Needle, Suture Length of 90cm with Pledgets Size 6 x 3 x 1.5mm",—,Tablet,Surgical & Medical Consumables,Surgical & Medical Consumables,836.75,239.07,1's,Jan Aushadhi / PMBJP,JA2280
Polyglecaprone/Polyglyconate Suture (1/2 Circle Cu,"Polyglecaprone/Polyglyconate Suture (1/2 Circle Cutting 16mm Needle, Suture length 70cm), USP 4/0","Polyglecaprone/Polyglyconate Suture (1/2 Circle Cutting 16mm Needle, Suture length 70cm)",—,Tablet,Surgical & Medical Consumables,Surgical & Medical Consumables,459.38,131.25,1's,Jan Aushadhi / PMBJP,JA2282
Polyglecaprone/Polyglyconate Suture (3/8 Circle Cu,"Polyglecaprone/Polyglyconate Suture (3/8 Circle Cutting 25mm Needle, Suture length 70cm), USP 3/0","Polyglecaprone/Polyglyconate Suture (3/8 Circle Cutting 25mm Needle, Suture length 70cm)",—,Tablet,Surgical & Medical Consumables,Surgical & Medical Consumables,213.29,60.94,1's,Jan Aushadhi / PMBJP,JA2283
Skin Grafting Knife Blade (Sterile),Skin Grafting Knife Blade (Sterile),Skin Grafting Knife Blade (Sterile),—,Tablet,Surgical & Medical Consumables,Surgical & Medical Consumables,295.33,84.38,1's,Jan Aushadhi / PMBJP,JA2284
"Surgical Face Mask, Disposable","Surgical Face Mask, Disposable","Surgical Face Mask, Disposable",—,Tablet,Surgical & Medical Consumables,Surgical & Medical Consumables,7.0,2.0,1's,Jan Aushadhi / PMBJP,JA2285
Umbilical Catheter (For New Born),Umbilical Catheter (For New Born),Umbilical Catheter (For New Born),—,Tablet,Surgical & Medical Consumables,Surgical & Medical Consumables,196.88,56.25,1's,Jan Aushadhi / PMBJP,JA2286
Walking Stick Tripod,Walking Stick Tripod,Walking Stick Tripod,—,Tablet,Surgical & Medical Consumables,Surgical & Medical Consumables,1890.0,540.0,1's,Jan Aushadhi / PMBJP,JA2288
Abdominal Belt Velcro,"Abdominal Belt Velcro, Cream color (Large)",Abdominal Belt Velcro,—,Cream,Surgical & Medical Consumables,Surgical & Medical Consumables,840.0,240.0,1's,Jan Aushadhi / PMBJP,JA2289
Abdominal Belt Velcro,"Abdominal Belt Velcro, Cream color (Small)",Abdominal Belt Velcro,—,Cream,Surgical & Medical Consumables,Surgical & Medical Consumables,840.0,240.0,1's,Jan Aushadhi / PMBJP,JA2290
Abdominal Belt Velcro,"Abdominal Belt Velcro, Cream color (Medium)",Abdominal Belt Velcro,—,Cream,Surgical & Medical Consumables,Surgical & Medical Consumables,840.0,240.0,1's,Jan Aushadhi / PMBJP,JA2291
Abdominal Belt Velcro,"Abdominal Belt Velcro, Cream color (XL)",Abdominal Belt Velcro,—,Cream,Surgical & Medical Consumables,Surgical & Medical Consumables,875.0,250.0,1's,Jan Aushadhi / PMBJP,JA2292
Abdominal Belt Velcro,"Abdominal Belt Velcro, Cream color (XXL)",Abdominal Belt Velcro,—,Cream,Surgical & Medical Consumables,Surgical & Medical Consumables,875.0,250.0,1's,Jan Aushadhi / PMBJP,JA2293
Cervical Collar (Small),Cervical Collar (Small),Cervical Collar (Small),—,Tablet,Surgical & Medical Consumables,Surgical & Medical Consumables,420.0,120.0,1's,Jan Aushadhi / PMBJP,JA2294
Cervical Collar (Medium),Cervical Collar (Medium),Cervical Collar (Medium),—,Tablet,Surgical & Medical Consumables,Surgical & Medical Consumables,420.0,120.0,1's,Jan Aushadhi / PMBJP,JA2295
Cervical Collar (Large),Cervical Collar (Large),Cervical Collar (Large),—,Tablet,Surgical & Medical Consumables,Surgical & Medical Consumables,420.0,120.0,1's,Jan Aushadhi / PMBJP,JA2296
Cervical Collar (Extra Large),Cervical Collar (Extra Large),Cervical Collar (Extra Large),—,Tablet,Surgical & Medical Consumables,Surgical & Medical Consumables,420.0,120.0,1's,Jan Aushadhi / PMBJP,JA2297
Thumb and Wrist brace (Small),Thumb and Wrist brace (Small),Thumb and Wrist brace (Small),—,Tablet,Surgical & Medical Consumables,Surgical & Medical Consumables,315.0,90.0,1's,Jan Aushadhi / PMBJP,JA2298
Thumb and Wrist brace (Medium),Thumb and Wrist brace (Medium),Thumb and Wrist brace (Medium),—,Tablet,Surgical & Medical Consumables,Surgical & Medical Consumables,315.0,90.0,1's,Jan Aushadhi / PMBJP,JA2299
Thumb and Wrist brace (Large),Thumb and Wrist brace (Large),Thumb and Wrist brace (Large),—,Tablet,Surgical & Medical Consumables,Surgical & Medical Consumables,315.0,90.0,1's,Jan Aushadhi / PMBJP,JA2300
Thumb and Wrist brace (Extra Large),Thumb and Wrist brace (Extra Large),Thumb and Wrist brace (Extra Large),—,Tablet,Surgical & Medical Consumables,Surgical & Medical Consumables,315.0,90.0,1's,Jan Aushadhi / PMBJP,JA2301
Janaushadhi Swabhiman (Adult Diaper (Medium)),Janaushadhi Swabhiman (Adult Diaper (Medium)),Janaushadhi Swabhiman (Adult Diaper (Medium)),—,Tablet,Surgical & Medical Consumables,Surgical & Medical Consumables,426.58,121.88,5's,Jan Aushadhi / PMBJP,JA2302
Janaushadhi Swabhiman (Adult Diaper (Large)),Janaushadhi Swabhiman (Adult Diaper (Large)),Janaushadhi Swabhiman (Adult Diaper (Large)),—,Tablet,Surgical & Medical Consumables,Surgical & Medical Consumables,459.38,131.25,5's,Jan Aushadhi / PMBJP,JA2303
Janaushadhi Swabhiman (Adult Diaper (XL)),Janaushadhi Swabhiman (Adult Diaper (XL)),Janaushadhi Swabhiman (Adult Diaper (XL)),—,Tablet,Surgical & Medical Consumables,Surgical & Medical Consumables,525.0,150.0,5's,Jan Aushadhi / PMBJP,JA2304
Janaushadhi Bachpan (Baby Diaper (Small)),Janaushadhi Bachpan (Baby Diaper (Small)),Janaushadhi Bachpan (Baby Diaper (Small)),—,Tablet,Surgical & Medical Consumables,Surgical & Medical Consumables,98.45,28.13,5's,Jan Aushadhi / PMBJP,JA2305
Janaushadhi Bachpan (Baby Diaper (New Born)),Janaushadhi Bachpan (Baby Diaper (New Born)),Janaushadhi Bachpan (Baby Diaper (New Born)),—,Tablet,Surgical & Medical Consumables,Surgical & Medical Consumables,98.45,28.13,5's,Jan Aushadhi / PMBJP,JA2306
Hernia Belt (Small),Hernia Belt (Small),Hernia Belt (Small),—,Tablet,Surgical & Medical Consumables,Surgical & Medical Consumables,630.0,180.0,1's mono-carton,Jan Aushadhi / PMBJP,JA2307
Knee Brace Belt (Medium),Knee Brace Belt (Medium),Knee Brace Belt (Medium),—,Tablet,Surgical & Medical Consumables,Surgical & Medical Consumables,1837.5,525.0,1's mono-carton,Jan Aushadhi / PMBJP,JA2308
Knee Brace Belt (Large),Knee Brace Belt (Large),Knee Brace Belt (Large),—,Tablet,Surgical & Medical Consumables,Surgical & Medical Consumables,1837.5,525.0,1's mono-carton,Jan Aushadhi / PMBJP,JA2309
IV Cannula Fixator (Medium 6cm x 5cm),IV Cannula Fixator (Medium 6cm x 5cm),IV Cannula Fixator (Medium 6cm x 5cm),—,Tablet,Surgical & Medical Consumables,Surgical & Medical Consumables,32.83,9.38,1's pack,Jan Aushadhi / PMBJP,JA2310
"Cervical Pillow (polyester, PU foam)","Cervical Pillow (polyester, PU foam)","Cervical Pillow (polyester, PU foam)",—,Tablet,Surgical & Medical Consumables,Surgical & Medical Consumables,1750.0,500.0,1's mono-carton,Jan Aushadhi / PMBJP,JA2311
"Lancets, Round Sterile","Lancets, Round Sterile, 28G","Lancets, Round Sterile",28G,Tablet,Surgical & Medical Consumables,Surgical & Medical Consumables,131.25,37.5,50 pcs/Box,Jan Aushadhi / PMBJP,JA2312
Glucometer Test Str,Glucometer Test Strip,Glucometer Test Str,—,Tablet,Surgical & Medical Consumables,Surgical & Medical Consumables,738.29,210.94,25 Strips,Jan Aushadhi / PMBJP,JA2313
"GLUCOMETER DIGITAL (1 glucometer, 25 strips, 25 la","GLUCOMETER DIGITAL (1 glucometer, 25 strips, 25 lancets,1 lancing device,1 battery 3V, Warranty card)","GLUCOMETER DIGITAL (1 glucometer, 25 strips, 25 lancets,1 lancing device,1 battery 3V, Warranty card)",1 g,Tablet,Surgical & Medical Consumables,Surgical & Medical Consumables,1722.66,492.19,1 Kit,Jan Aushadhi / PMBJP,JA2314
Adhesive Surgical Paper Tape Size 5cmx5m,Adhesive Surgical Paper Tape Size 5cmx5m,Adhesive Surgical Paper Tape Size 5cmx5m,—,Tablet,Surgical & Medical Consumables,Surgical & Medical Consumables,85.33,24.38,1's,Jan Aushadhi / PMBJP,JA2315
Adhesive Surgical Paper Tape Size 2.5cmx5m,Adhesive Surgical Paper Tape Size 2.5cmx5m,Adhesive Surgical Paper Tape Size 2.5cmx5m,—,Tablet,Surgical & Medical Consumables,Surgical & Medical Consumables,42.66,12.19,1's,Jan Aushadhi / PMBJP,JA2316
Adhesive Surgical Paper Tape Size 1.25cmx5m,Adhesive Surgical Paper Tape Size 1.25cmx5m,Adhesive Surgical Paper Tape Size 1.25cmx5m,—,Tablet,Surgical & Medical Consumables,Surgical & Medical Consumables,23.0,6.57,1's,Jan Aushadhi / PMBJP,JA2317
Pollution Control Mask/Nanofiber Mask: made up of ,Pollution Control Mask/Nanofiber Mask: made up of high efficiency nanofiber material with non ret,Pollution Control Mask/Nanofiber Mask: made up of high efficiency nanofiber material with non ret,—,Tablet,Surgical & Medical Consumables,Surgical & Medical Consumables,196.88,56.25,1's Monopack,Jan Aushadhi / PMBJP,JA2318
Nebulizer Mask with Tubing,Nebulizer Mask with Tubing,Nebulizer Mask with Tubing,—,Tablet,Surgical & Medical Consumables,Surgical & Medical Consumables,196.88,56.25,1's pack,Jan Aushadhi / PMBJP,JA2319
Medical Digital Thermometer,Medical Digital Thermometer,Medical Digital Thermometer,—,Tablet,Surgical & Medical Consumables,Surgical & Medical Consumables,311.46,88.99,1's mono-carton,Jan Aushadhi / PMBJP,JA2320
Manual breast pump,Manual breast pump,Manual breast pump,—,Tablet,Surgical & Medical Consumables,Surgical & Medical Consumables,2100.0,600.0,1's Monopack,Jan Aushadhi / PMBJP,JA2321
Plastic Urine Pot collector (For both Male & Femal,Plastic Urine Pot collector (For both Male & Female),Plastic Urine Pot collector (For both Male & Female),—,Tablet,Surgical & Medical Consumables,Surgical & Medical Consumables,164.08,46.88,1's,Jan Aushadhi / PMBJP,JA2322
Plastic Bedpan,Plastic Bedpan,Plastic Bedpan,—,Tablet,Surgical & Medical Consumables,Surgical & Medical Consumables,229.7,65.63,1's,Jan Aushadhi / PMBJP,JA2323
Digital Blood Pressure Instrument ( 100% mercury f,Digital Blood Pressure Instrument ( 100% mercury free),Digital Blood Pressure Instrument ( 100% mercury free),100%,Tablet,Surgical & Medical Consumables,Surgical & Medical Consumables,3281.25,937.5,1's Monopack,Jan Aushadhi / PMBJP,JA2324
Ice bag,Ice bag,Ice bag,—,Tablet,Surgical & Medical Consumables,Surgical & Medical Consumables,70.0,20.0,1's,Jan Aushadhi / PMBJP,JA2325
Breathing Exerciser (3 Chambers),Breathing Exerciser (3 Chambers),Breathing Exerciser (3 Chambers),—,Tablet,Surgical & Medical Consumables,Surgical & Medical Consumables,525.0,150.0,1's Monopack,Jan Aushadhi / PMBJP,JA2326
Elecrical Nebulizer Machine,Elecrical Nebulizer Machine,Elecrical Nebulizer Machine,—,Tablet,Surgical & Medical Consumables,Surgical & Medical Consumables,2625.0,750.0,1's Monopack,Jan Aushadhi / PMBJP,JA2327
Janaushadhi Suvidha (Oxo- Biodegradable Sanitary N,Janaushadhi Suvidha (Oxo- Biodegradable Sanitary Napkins Regular Size with wings),Janaushadhi Suvidha (Oxo- Biodegradable Sanitary Napkins Regular Size with wings),—,Tablet,Surgical & Medical Consumables,Surgical & Medical Consumables,14.0,4.0,Pack of 4 Sanitary Napkins,Jan Aushadhi / PMBJP,JA2328
Janaushadhi Suvidha (Oxo-Biodegradable Sanitary Na,Janaushadhi Suvidha (Oxo-Biodegradable Sanitary Napkins Large Size with wings),Janaushadhi Suvidha (Oxo-Biodegradable Sanitary Napkins Large Size with wings),—,Tablet,Surgical & Medical Consumables,Surgical & Medical Consumables,42.0,12.0,Pack of 4 Sanitary Napkins,Jan Aushadhi / PMBJP,JA2329
Baby Feeding Bottle,Baby Feeding Bottle 250 ml,Baby Feeding Bottle,250 ml,Tablet,Surgical & Medical Consumables,Surgical & Medical Consumables,147.66,42.19,1's mono-carton,Jan Aushadhi / PMBJP,JA2332
N-95 Mask with Expiratory Valve,N-95 Mask with Expiratory Valve,N-95 Mask with Expiratory Valve,—,Tablet,Surgical & Medical Consumables,Surgical & Medical Consumables,105.0,30.0,1's Mono-pack,Jan Aushadhi / PMBJP,JA2333
N-95 Mask without Expiratory Valve,N-95 Mask without Expiratory Valve,N-95 Mask without Expiratory Valve,—,Tablet,Surgical & Medical Consumables,Surgical & Medical Consumables,87.5,25.0,1's Mono-pack,Jan Aushadhi / PMBJP,JA2334
3-way stopcock with 10 cm extension line,3-way stopcock with 10 cm extension line,3-way stopcock with 10 cm extension line,—,Tablet,Surgical & Medical Consumables,Surgical & Medical Consumables,98.45,28.13,1's,Jan Aushadhi / PMBJP,JA2335
"Adhesive wound dressings, 25cm x 10cm","Adhesive wound dressings, 25cm x 10cm","Adhesive wound dressings, 25cm x 10cm",—,Tablet,Surgical & Medical Consumables,Surgical & Medical Consumables,65.62,18.75,1's,Jan Aushadhi / PMBJP,JA2336
"Arm Sling Pouch (Large), Grey","Arm Sling Pouch (Large), Grey","Arm Sling Pouch (Large), Grey",—,Tablet,Surgical & Medical Consumables,Surgical & Medical Consumables,455.0,130.0,1's,Jan Aushadhi / PMBJP,JA2337
"Arm Sling Pouch (Medium), Grey","Arm Sling Pouch (Medium), Grey","Arm Sling Pouch (Medium), Grey",—,Tablet,Surgical & Medical Consumables,Surgical & Medical Consumables,455.0,130.0,1's,Jan Aushadhi / PMBJP,JA2338
Baby Wipes (Pack of 20 wipes),Baby Wipes (Pack of 20 wipes),Baby Wipes (Pack of 20 wipes),—,Tablet,Surgical & Medical Consumables,Surgical & Medical Consumables,157.5,45.0,Pack of 20 wipes,Jan Aushadhi / PMBJP,JA2339
Bed Bath Towel,Bed Bath Towel,Bed Bath Towel,—,Tablet,Surgical & Medical Consumables,Surgical & Medical Consumables,192.5,55.0,1's,Jan Aushadhi / PMBJP,JA2340
Chlorhexidine Gauze Dressing B.P 10cmx10cm (Steril,Chlorhexidine Gauze Dressing B.P 10cmx10cm (Sterile),Chlorhexidine Gauze Dressing B.P 10cmx10cm (Sterile),—,Tablet,Surgical & Medical Consumables,Surgical & Medical Consumables,39.38,11.25,1 pc in a pack,Jan Aushadhi / PMBJP,JA2341
Disposable Plastic Hand Gloves (Free size),Disposable Plastic Hand Gloves (Free size),Disposable Plastic Hand Gloves (Free size),—,Tablet,Surgical & Medical Consumables,Surgical & Medical Consumables,10.5,3.0,Pair,Jan Aushadhi / PMBJP,JA2342
Elastic gauze bandages 10cm,Elastic gauze bandages 10cm,Elastic gauze bandages 10cm,—,Tablet,Surgical & Medical Consumables,Surgical & Medical Consumables,623.45,178.13,1's,Jan Aushadhi / PMBJP,JA2343
Elastic gauze bandages 7.5cm,Elastic gauze bandages 7.5cm,Elastic gauze bandages 7.5cm,—,Tablet,Surgical & Medical Consumables,Surgical & Medical Consumables,492.2,140.63,1's,Jan Aushadhi / PMBJP,JA2344
Karman cannula 4 mm,Karman cannula 4 mm,Karman cannula 4 mm,—,Tablet,Surgical & Medical Consumables,Surgical & Medical Consumables,131.25,37.5,1's,Jan Aushadhi / PMBJP,JA2345
Lumbar Spinal Brace (Grey),Lumbar Spinal Brace (Grey),Lumbar Spinal Brace (Grey),—,Tablet,Surgical & Medical Consumables,Surgical & Medical Consumables,2695.0,770.0,1's,Jan Aushadhi / PMBJP,JA2346
Magnetic Posture Corrector Back Support Belt - Pos,Magnetic Posture Corrector Back Support Belt - Posture Fit,Magnetic Posture Corrector Back Support Belt - Posture Fit,—,Tablet,Surgical & Medical Consumables,Surgical & Medical Consumables,2030.0,580.0,1's,Jan Aushadhi / PMBJP,JA2347
Pulse Oximeter,Pulse Oximeter,Pulse Oximeter,—,Tablet,Surgical & Medical Consumables,Surgical & Medical Consumables,1624.24,464.07,1's,Jan Aushadhi / PMBJP,JA2348
Specican,Specican 30 ml,Specican,30 ml,Tablet,Surgical & Medical Consumables,Surgical & Medical Consumables,28.0,8.0,1's,Jan Aushadhi / PMBJP,JA2349
Surgical Cap,Surgical Cap,Surgical Cap,—,Tablet,Surgical & Medical Consumables,Surgical & Medical Consumables,10.5,3.0,1's,Jan Aushadhi / PMBJP,JA2350
Surgical shoe cap,Surgical shoe cap,Surgical shoe cap,—,Tablet,Surgical & Medical Consumables,Surgical & Medical Consumables,14.0,4.0,1's,Jan Aushadhi / PMBJP,JA2351
Transparent film dressings (Sterile) 10cm X 12cm,Transparent film dressings (Sterile) 10cm X 12cm,Transparent film dressings (Sterile) 10cm X 12cm,—,Tablet,Surgical & Medical Consumables,Surgical & Medical Consumables,213.29,60.94,1's,Jan Aushadhi / PMBJP,JA2352
Vein Compression Stocking Knee length (Extra Large,Vein Compression Stocking Knee length (Extra Large),Vein Compression Stocking Knee length (Extra Large),—,Tablet,Surgical & Medical Consumables,Surgical & Medical Consumables,455.0,130.0,1's,Jan Aushadhi / PMBJP,JA2353
Vein Compression Stocking Knee length (Large),Vein Compression Stocking Knee length (Large),Vein Compression Stocking Knee length (Large),—,Tablet,Surgical & Medical Consumables,Surgical & Medical Consumables,490.0,140.0,1's,Jan Aushadhi / PMBJP,JA2354
Vein Compression Stocking Knee length (Medium),Vein Compression Stocking Knee length (Medium),Vein Compression Stocking Knee length (Medium),—,Tablet,Surgical & Medical Consumables,Surgical & Medical Consumables,490.0,140.0,1's,Jan Aushadhi / PMBJP,JA2355
Vein Compression Stocking Knee length (Small),Vein Compression Stocking Knee length (Small),Vein Compression Stocking Knee length (Small),—,Tablet,Surgical & Medical Consumables,Surgical & Medical Consumables,490.0,140.0,1's,Jan Aushadhi / PMBJP,JA2356
Vein Compression Stocking Knee length (XXL),Vein Compression Stocking Knee length (XXL),Vein Compression Stocking Knee length (XXL),—,Tablet,Surgical & Medical Consumables,Surgical & Medical Consumables,490.0,140.0,1's,Jan Aushadhi / PMBJP,JA2357
Vein Compression Stocking Thigh length (Extra Larg,Vein Compression Stocking Thigh length (Extra Large),Vein Compression Stocking Thigh length (Extra Large),—,Tablet,Surgical & Medical Consumables,Surgical & Medical Consumables,595.0,170.0,1's,Jan Aushadhi / PMBJP,JA2358
Zig zag cotton,Zig zag cotton,Zig zag cotton,—,Tablet,Surgical & Medical Consumables,Surgical & Medical Consumables,166.04,47.44,100 gm,Jan Aushadhi / PMBJP,JA2363
Covid 19 Self-Testing Kit (ICMR Approved),Covid 19 Self-Testing Kit (ICMR Approved),Covid 19 Self-Testing Kit (ICMR Approved),—,Tablet,Surgical & Medical Consumables,Surgical & Medical Consumables,689.08,196.88,One in Monopack,Jan Aushadhi / PMBJP,JA2364
Cotton Balls,Cotton Balls,Cotton Balls,—,Tablet,Surgical & Medical Consumables,Surgical & Medical Consumables,315.0,90.0,Pack of 100 in a Zip Lock Bag,Jan Aushadhi / PMBJP,JA2365
Cotton Pads (Round),Cotton Pads (Round),Cotton Pads (Round),—,Tablet,Surgical & Medical Consumables,Surgical & Medical Consumables,164.08,46.88,Pack of 50 in a Zip Lock Bag,Jan Aushadhi / PMBJP,JA2366
Maternity Sanitary Pads,Maternity Sanitary Pads,Maternity Sanitary Pads,—,Tablet,Surgical & Medical Consumables,Surgical & Medical Consumables,238.88,68.25,Pack of 5 Napkins,Jan Aushadhi / PMBJP,JA2369
Reusable Menstrual Cup (Small),Reusable Menstrual Cup (Small),Reusable Menstrual Cup (Small),—,Tablet,Surgical & Medical Consumables,Surgical & Medical Consumables,612.5,175.0,One in Mono-Pack,Jan Aushadhi / PMBJP,JA2371
Reusable Menstrual Cup (Medium),Reusable Menstrual Cup (Medium),Reusable Menstrual Cup (Medium),—,Tablet,Surgical & Medical Consumables,Surgical & Medical Consumables,630.0,180.0,One in Mono-Pack,Jan Aushadhi / PMBJP,JA2372
Reusable Menstrual Cup (Large),Reusable Menstrual Cup (Large),Reusable Menstrual Cup (Large),—,Tablet,Surgical & Medical Consumables,Surgical & Medical Consumables,647.5,185.0,One in Mono-Pack,Jan Aushadhi / PMBJP,JA2373
Female Natural Latex Condom,Female Natural Latex Condom,Female Natural Latex Condom,—,Tablet,Surgical & Medical Consumables,Surgical & Medical Consumables,402.5,115.0,Three in Mono-Pack,Jan Aushadhi / PMBJP,JA2374
Janaushadhi Kavach (Male Latex Condom (Plain)),Janaushadhi Kavach (Male Latex Condom (Plain)),Janaushadhi Kavach (Male Latex Condom (Plain)),—,Tablet,Surgical & Medical Consumables,Surgical & Medical Consumables,42.0,12.0,Three in Mono-Pack,Jan Aushadhi / PMBJP,JA2375
Janaushadhi Kavach (Male Latex Condom (Extra Thin),Janaushadhi Kavach (Male Latex Condom (Extra Thin)),Janaushadhi Kavach (Male Latex Condom (Extra Thin)),—,Tablet,Surgical & Medical Consumables,Surgical & Medical Consumables,42.0,12.0,Three in Mono-Pack,Jan Aushadhi / PMBJP,JA2376
Janaushadhi Kavach (Male Latex Condom (Normal Dot),Janaushadhi Kavach (Male Latex Condom (Normal Dot)),Janaushadhi Kavach (Male Latex Condom (Normal Dot)),—,Tablet,Surgical & Medical Consumables,Surgical & Medical Consumables,42.0,12.0,Three in Mono-Pack,Jan Aushadhi / PMBJP,JA2377
Janaushadhi Kavach (Male Latex Condom (1740 Dot)),Janaushadhi Kavach (Male Latex Condom (1740 Dot)),Janaushadhi Kavach (Male Latex Condom (1740 Dot)),—,Tablet,Surgical & Medical Consumables,Surgical & Medical Consumables,52.5,15.0,Three in Mono-Pack,Jan Aushadhi / PMBJP,JA2378
Janaushadhi Kavach (Male Latex Condom (Ribbed)),Janaushadhi Kavach (Male Latex Condom (Ribbed)),Janaushadhi Kavach (Male Latex Condom (Ribbed)),—,Tablet,Surgical & Medical Consumables,Surgical & Medical Consumables,52.5,15.0,Three in Mono-Pack,Jan Aushadhi / PMBJP,JA2379
Janaushadhi Kavach (Male Latex Condom (Three In On,Janaushadhi Kavach (Male Latex Condom (Three In One)),Janaushadhi Kavach (Male Latex Condom (Three In One)),—,Tablet,Surgical & Medical Consumables,Surgical & Medical Consumables,42.0,12.0,Three in Mono-Pack,Jan Aushadhi / PMBJP,JA2380
Lumbo-Sacral Support Belt (Waist and Back Support),Lumbo-Sacral Support Belt (Waist and Back Support) (Small),Lumbo-Sacral Support Belt (Waist and Back Support) (Small),—,Tablet,Surgical & Medical Consumables,Surgical & Medical Consumables,1295.0,370.0,One in Mono-Pack,Jan Aushadhi / PMBJP,JA2383
Anklet (Tubular Support) (Small),Anklet (Tubular Support) (Small),Anklet (Tubular Support) (Small),—,Tablet,Surgical & Medical Consumables,Surgical & Medical Consumables,525.0,150.0,Pair in Mono-Pack,Jan Aushadhi / PMBJP,JA2388
Anklet (Tubular Support) (Medium),Anklet (Tubular Support) (Medium),Anklet (Tubular Support) (Medium),—,Tablet,Surgical & Medical Consumables,Surgical & Medical Consumables,525.0,150.0,Pair in Mono-Pack,Jan Aushadhi / PMBJP,JA2389
Anklet (Tubular Support) (Large),Anklet (Tubular Support) (Large),Anklet (Tubular Support) (Large),—,Tablet,Surgical & Medical Consumables,Surgical & Medical Consumables,542.5,155.0,Pair in Mono-Pack,Jan Aushadhi / PMBJP,JA2390
Anklet (Tubular Support) (Extra Large),Anklet (Tubular Support) (Extra Large),Anklet (Tubular Support) (Extra Large),—,Tablet,Surgical & Medical Consumables,Surgical & Medical Consumables,542.5,155.0,Pair in Mono-Pack,Jan Aushadhi / PMBJP,JA2391
Elbow Support (Small),Elbow Support (Small),Elbow Support (Small),—,Tablet,Surgical & Medical Consumables,Surgical & Medical Consumables,490.0,140.0,Pair in Mono-Pack,Jan Aushadhi / PMBJP,JA2392
Elbow Support (Medium),Elbow Support (Medium),Elbow Support (Medium),—,Tablet,Surgical & Medical Consumables,Surgical & Medical Consumables,490.0,140.0,Pair in Mono-Pack,Jan Aushadhi / PMBJP,JA2393
Elbow Support (Large),Elbow Support (Large),Elbow Support (Large),—,Tablet,Surgical & Medical Consumables,Surgical & Medical Consumables,525.0,150.0,Pair in Mono-Pack,Jan Aushadhi / PMBJP,JA2394
Elbow Support (Extra Large),Elbow Support (Extra Large),Elbow Support (Extra Large),—,Tablet,Surgical & Medical Consumables,Surgical & Medical Consumables,525.0,150.0,Pair in Mono-Pack,Jan Aushadhi / PMBJP,JA2395
Combined Dressing Pad (10X10Cm),Combined Dressing Pad (10X10Cm),Combined Dressing Pad (10X10Cm),—,Tablet,Surgical & Medical Consumables,Surgical & Medical Consumables,98.45,28.13,Five in Mono-Pack X 100,Jan Aushadhi / PMBJP,JA2396
Combined Dressing Pad (10X20Cm),Combined Dressing Pad (10X20Cm),Combined Dressing Pad (10X20Cm),—,Tablet,Surgical & Medical Consumables,Surgical & Medical Consumables,147.66,42.19,Five in Mono-Pack,Jan Aushadhi / PMBJP,JA2397
Medical Steam Vaporizer,Medical Steam Vaporizer,Medical Steam Vaporizer,—,Tablet,Surgical & Medical Consumables,Surgical & Medical Consumables,820.33,234.38,One in Mono-Pack,Jan Aushadhi / PMBJP,JA2399
Janaushadhi Bachpan (Baby Diaper; Pant Style; Smal,Janaushadhi Bachpan (Baby Diaper; Pant Style; Small (3Kg - 8Kg)),Janaushadhi Bachpan (Baby Diaper; Pant Style; Small (3Kg - 8Kg)),—,Tablet,Surgical & Medical Consumables,Surgical & Medical Consumables,295.33,84.38,10's in Mono-Pack,Jan Aushadhi / PMBJP,JA2402
Janaushadhi Swabhiman (Adult Diaper; Pant Style Me,Janaushadhi Swabhiman (Adult Diaper; Pant Style Medium; Waist Size: 28 inch - 45 inch),Janaushadhi Swabhiman (Adult Diaper; Pant Style Medium; Waist Size: 28 inch - 45 inch),—,Tablet,Surgical & Medical Consumables,Surgical & Medical Consumables,1214.08,346.88,10's in Mono-Pack,Jan Aushadhi / PMBJP,JA2406
Knee Cap with patellar ring (Large),Knee Cap with patellar ring (Large),Knee Cap with patellar ring (Large),—,Tablet,Surgical & Medical Consumables,Surgical & Medical Consumables,700.0,200.0,1's pair in sealed poly pack and in Mono-carton,Jan Aushadhi / PMBJP,JA2410
Knee Cap with Patellar Ring (Medium),Knee Cap with Patellar Ring (Medium),Knee Cap with Patellar Ring (Medium),—,Tablet,Surgical & Medical Consumables,Surgical & Medical Consumables,700.0,200.0,1's pair in sealed poly pack and in Mono-carton,Jan Aushadhi / PMBJP,JA2411
Knee Cap with Patellar Ring (Small),Knee Cap with Patellar Ring (Small),Knee Cap with Patellar Ring (Small),—,Tablet,Surgical & Medical Consumables,Surgical & Medical Consumables,700.0,200.0,1's pair in sealed poly pack and in Mono-carton,Jan Aushadhi / PMBJP,JA2412
Crocin,Paracetamol,Paracetamol,500mg,Tablet,Analgesic/Antipyretic,Fever and mild pain,30.0,9.38,10 tablets,GSK,JA0001
Combiflam,Ibuprofen + Paracetamol,Ibuprofen 400mg + Paracetamol 325mg,400+325mg,Tablet,NSAID Combination,Pain and inflammation,42.0,8.25,10 tablets,Sanofi,PA088
Brufen 400,Ibuprofen,Ibuprofen,400mg,Tablet,NSAID,Pain inflammation fever,45.0,7.5,10 tablets,Abbott,PA039
Augmentin 625,Amoxicillin + Clavulanic Acid,Amoxicillin 500mg + Clavulanic Acid 125mg,625mg,Tablet,Antibiotic,Bacterial infections,198.0,42.0,6 tablets,GSK,PC078
Azithral 500,Azithromycin,Azithromycin,500mg,Tablet,Antibiotic (Macrolide),Respiratory and skin infections,124.0,42.19,5 tablets,Alembic,JA0018
Cifran 500,Ciprofloxacin,Ciprofloxacin,500mg,Tablet,Antibiotic (Quinolone),UTI and bacterial infections,78.0,26.25,10 tablets,Sun Pharma,JA0083
Amoxil,Amoxicillin,Amoxicillin,500mg,Capsule,Antibiotic,Bacterial infections,68.0,12.5,10 capsules,GSK,PC005
Pan 40,Pantoprazole,Pantoprazole,40mg,Tablet,PPI / Antacid,Acidity and GERD,145.0,11.35,15 tablets,Alkem,JA0212
Omez,Omeprazole,Omeprazole,20mg,Capsule,PPI / Antacid,Acidity ulcers GERD,89.0,10.32,10 capsules,Dr Reddys,JA0206
Rantac 150,Ranitidine,Ranitidine,150mg,Tablet,H2 Blocker,Acidity and ulcers,38.0,3.75,20 tablets,JB Chemicals,JA0216
Allegra 120,Fexofenadine,Fexofenadine,120mg,Tablet,Antihistamine,Allergy and rhinitis,112.0,22.5,10 tablets,Sanofi,JA0246
Cetzine,Cetirizine,Cetirizine,10mg,Tablet,Antihistamine,Allergy cold sneezing,35.0,12.19,10 tablets,Dr Reddys,JA0239
Avil 25,Pheniramine,Pheniramine Maleate,25mg,Tablet,Antihistamine,Allergy rashes,22.0,4.69,10 tablets,Sanofi,JA0253
Montair LC,Montelukast + Levocetirizine,Montelukast 10mg + Levocetirizine 5mg,10+5mg,Tablet,Antihistamine,Allergy and asthma,185.0,38.0,15 tablets,Cipla,PA145
Telma 40,Telmisartan,Telmisartan,40mg,Tablet,Antihypertensive (ARB),High blood pressure,128.0,15.94,15 tablets,Glenmark,JA0298
Amlokind 5,Amlodipine,Amlodipine,5mg,Tablet,Antihypertensive (CCB),High blood pressure,38.0,6.57,10 tablets,Mankind,JA0263
Concor 5,Bisoprolol,Bisoprolol Fumarate,5mg,Tablet,Beta Blocker,High blood pressure,145.0,18.57,10 tablets,Merck,JA1503
Atenol,Atenolol,Atenolol,50mg,Tablet,Beta Blocker,Hypertension and angina,48.0,6.57,14 tablets,Zydus,JA0263
Ecosprin 75,Aspirin,Aspirin,75mg,Tablet,Antiplatelet,Heart attack prevention,18.0,4.69,14 tablets,USV,JA0005
Clopilet 75,Clopidogrel,Clopidogrel,75mg,Tablet,Antiplatelet,Heart disease prevention,102.0,17.54,10 tablets,Sun Pharma,JA0269
Atorva 10,Atorvastatin,Atorvastatin,10mg,Tablet,Statin / Lipid Lowering,High cholesterol,78.0,8.25,10 tablets,Zydus,JA0266
Rosuvas 10,Rosuvastatin,Rosuvastatin,10mg,Tablet,Statin / Lipid Lowering,High cholesterol,138.0,26.82,10 tablets,Sun Pharma,JA0418
Glycomet 500,Metformin,Metformin,500mg,Tablet,Antidiabetic,Type 2 diabetes,32.0,24.75,20 tablets,USV,JA0034
Glimepiride 1,Glimepiride,Glimepiride,1mg,Tablet,Antidiabetic,Type 2 diabetes,58.0,24.75,10 tablets,Various,JA0034
Janumet 50,Sitagliptin + Metformin,Sitagliptin 50mg + Metformin 500mg,50+500mg,Tablet,Antidiabetic,Type 2 diabetes,215.0,65.0,10 tablets,MSD,PA220
Thyronorm 50,Levothyroxine,Levothyroxine Sodium,50mcg,Tablet,Thyroid Hormone,Hypothyroidism,128.0,24.0,100 tablets,Abbott,PH005
Calcium Sandoz,Calcium Carbonate + Vit D3,Calcium 500mg + Vit D3 250IU,500mg,Tablet,Calcium Supplement,Calcium deficiency,92.0,18.5,15 tablets,Sandoz,PN034
Cobadex CZS,Multivitamin + Minerals,Multivitamin with Zinc,1 tablet,Tablet,Nutritional Supplement,Vitamin deficiency,148.0,32.0,20 tablets,GSK,PN012
Zincovit,Multivitamin + Zinc,Multivitamin with minerals,1 tablet,Tablet,Nutritional Supplement,Vitamin deficiency,135.0,32.0,15 tablets,Apex,PN012
Becosules,Vitamin B Complex,B-Complex with Vit C,1 capsule,Capsule,Vitamin Supplement,B-complex deficiency,98.0,18.0,20 capsules,Pfizer,PN008
Sinarest,Paracetamol + Phenylephrine + CPM,Paracetamol + Cold relief combo,500mg,Tablet,Cold and Flu,Common cold,58.0,11.25,10 tablets,Centaur,PA112
Vicks Action 500,Paracetamol + Phenylephrine + Caffeine,Cold and flu combo,500mg,Tablet,Cold and Flu,Cold headache congestion,48.0,11.25,10 tablets,P&G,PA112
Ascoril LS,Ambroxol + Levosalbutamol + Guaifenesin,Cough syrup combination,100ml,Syrup,Expectorant,Productive cough,145.0,38.0,100ml bottle,Glenmark,PR021
Benadryl,Diphenhydramine,Diphenhydramine,100ml,Syrup,Antihistamine Cough,Dry cough,118.0,16.88,100ml bottle,J&J,JA1254
Corex DX,Dextromethorphan + CPM,Cough suppressant,100ml,Syrup,Antitussive,Dry cough,95.0,22.0,100ml bottle,Pfizer,PR012
Dulcoflex,Bisacodyl,Bisacodyl,5mg,Tablet,Laxative,Constipation,28.0,5.63,10 tablets,Boehringer,JA0180
Cremaffin,Liquid Paraffin + Milk of Magnesia,Laxative combination,170ml,Syrup,Laxative,Constipation,158.0,45.0,170ml bottle,Abbott,PG009
ORS Powder,Oral Rehydration Salts,WHO ORS formula,21g,Sachet,Electrolyte,Dehydration,18.0,4.5,21g sachet,Various,PN001
Norflox TZ,Norfloxacin + Tinidazole,Norfloxacin 400mg + Tinidazole 600mg,400+600mg,Tablet,Antibiotic,Diarrhea and dysentery,62.0,12.5,6 tablets,Cipla,PC067
Metrogyl 400,Metronidazole,Metronidazole,400mg,Tablet,Antibiotic,Amoebic infections,38.0,8.25,10 tablets,JB Chemicals,JA0172
Nexito 10,Escitalopram,Escitalopram,10mg,Tablet,Antidepressant,Depression and anxiety,148.0,9.38,10 tablets,Sun Pharma,JA0321
Restyl 0.25,Alprazolam,Alprazolam,0.25mg,Tablet,Anxiolytic,Anxiety,42.0,4.13,10 tablets,Sun Pharma,JA0313
Asthalin Inhaler,Salbutamol,Salbutamol,100mcg,Inhaler,Bronchodilator,Asthma,185.0,51.57,200 doses,Cipla,JA0255
Foracort Inhaler,Formoterol + Budesonide,Inhaler combination,6mcg+200mcg,Inhaler,Asthma Combination,Asthma COPD,485.0,185.0,120 doses,Cipla,PR089
Levipil 500,Levetiracetam,Levetiracetam,500mg,Tablet,Anti-epileptic,Epilepsy seizures,242.0,63.94,10 tablets,Sun Pharma,JA0508
Lonazep 0.5,Clonazepam,Clonazepam,0.5mg,Tablet,Anti-epileptic,Anxiety and seizures,48.0,5.16,10 tablets,Sun Pharma,JA0319
Udiliv 300,Ursodeoxycholic Acid,Ursodeoxycholic Acid,300mg,Tablet,Hepatoprotective,Liver disease gallstones,278.0,160.6,10 tablets,Abbott,JA0466
Livogen,Iron + Folic Acid,Ferrous Fumarate + Folic Acid,1 tablet,Tablet,Iron Supplement,Iron deficiency anemia,68.0,12.5,10 tablets,Merck,PN018
Sporlac,Lactic Acid Bacillus,Probiotic,1 tablet,Tablet,Probiotic,Diarrhea and gut health,58.0,26.25,10 tablets,Sanzyme,JA1767
Gelusil MPS,Magnesium Hydroxide + Aluminum Hydroxide + Simethicone,Antacid suspension,170ml,Syrup,Antacid,Acidity and gas,112.0,32.0,170ml bottle,Pfizer,PG042
Volini Gel,Diclofenac Diethylamine,Diclofenac topical,30g,Gel,NSAID Topical,Muscle joint pain,125.0,42.0,30g tube,Sun Pharma,PA187
Moov,Methyl Salicylate + Menthol,Topical analgesic,30g,Cream,Topical Analgesic,Back and muscle pain,95.0,32.0,30g tube,Reckitt,PA165
Dettol Antiseptic,Chloroxylenol,Chloroxylenol,4.8%,Solution,Antiseptic,Wound and skin antiseptic,145.0,18.75,100ml bottle,Reckitt,JA2516
Savlon,Chlorhexidine + Cetrimide,Antiseptic combo,4.8%,Solution,Antiseptic,Wound care,92.0,28.0,100ml bottle,ITC,PA103
